episode_index,step_in_episode,prob_action_0,prob_action_1,prob_action_2
0,0,0.3334318697452545,0.33322256803512573,0.33334556221961975
0,1,0.33338189125061035,0.3326095640659332,0.33400845527648926
0,2,0.3334046006202698,0.3327520787715912,0.33384332060813904
1,0,0.3334318697452545,0.33322256803512573,0.33334556221961975
1,1,0.3334415555000305,0.3329586386680603,0.33359983563423157
1,2,0.33329159021377563,0.332535982131958,0.33417245745658875
2,0,0.3334318697452545,0.33322256803512573,0.33334556221961975
2,1,0.33338189125061035,0.3326095938682556,0.33400845527648926
2,2,0.33333542943000793,0.3326171338558197,0.33404743671417236
3,0,0.3334318697452545,0.33322256803512573,0.33334556221961975
3,1,0.33338189125061035,0.3326095938682556,0.33400845527648926
3,2,0.3334046006202698,0.3327520787715912,0.33384332060813904
4,0,0.3334318697452545,0.33322256803512573,0.33334556221961975
4,1,0.3334415555000305,0.3329586386680603,0.33359983563423157
4,2,0.3333490788936615,0.3328459858894348,0.3338049352169037
5,0,0.3334318697452545,0.33322256803512573,0.33334556221961975
5,1,0.33338189125061035,0.3326095640659332,0.33400845527648926
5,2,0.3334046006202698,0.3327520787715912,0.33384332060813904
6,0,0.3334318697452545,0.33322256803512573,0.33334556221961975
6,1,0.3334415555000305,0.3329586386680603,0.33359983563423157
6,2,0.3332517445087433,0.3327161371707916,0.3340321183204651
7,0,0.3334318697452545,0.33322256803512573,0.33334556221961975
7,1,0.33335191011428833,0.33280524611473083,0.33384281396865845
7,2,0.33324840664863586,0.3326842784881592,0.3340672552585602
8,0,0.3334318697452545,0.33322256803512573,0.33334556221961975
8,1,0.3334415555000305,0.3329586386680603,0.33359983563423157
8,2,0.3332517445087433,0.3327161371707916,0.3340321183204651
9,0,0.3334318697452545,0.33322256803512573,0.33334556221961975
9,1,0.3334415555000305,0.3329586386680603,0.33359983563423157
9,2,0.3333490788936615,0.3328459858894348,0.3338049352169037
10,0,0.3334318697452545,0.33322256803512573,0.33334556221961975
10,1,0.33338189125061035,0.3326095640659332,0.33400845527648926
10,2,0.3334046006202698,0.3327520787715912,0.33384332060813904
11,0,0.3334318697452545,0.33322256803512573,0.33334556221961975
11,1,0.3334415555000305,0.3329586386680603,0.33359983563423157
11,2,0.33329159021377563,0.332535982131958,0.33417245745658875
12,0,0.3334318697452545,0.33322256803512573,0.33334556221961975
12,1,0.33338189125061035,0.3326095640659332,0.33400845527648926
12,2,0.33333542943000793,0.3326171338558197,0.33404743671417236
13,0,0.3334318697452545,0.33322256803512573,0.33334556221961975
13,1,0.33338189125061035,0.3326095640659332,0.33400845527648926
13,2,0.3334046006202698,0.3327520787715912,0.33384332060813904
14,0,0.3334318697452545,0.33322256803512573,0.33334556221961975
14,1,0.3334415555000305,0.3329586386680603,0.33359983563423157
14,2,0.3333490788936615,0.3328459858894348,0.3338049352169037
15,0,0.3334318697452545,0.33322256803512573,0.33334556221961975
15,1,0.33338189125061035,0.3326095640659332,0.33400845527648926
15,2,0.3334046006202698,0.3327520787715912,0.33384332060813904
16,0,0.3334318697452545,0.33322256803512573,0.33334556221961975
16,1,0.3334415555000305,0.3329586386680603,0.33359983563423157
16,2,0.3332517445087433,0.3327161371707916,0.3340321183204651
17,0,0.3334318697452545,0.33322256803512573,0.33334556221961975
17,1,0.33335191011428833,0.33280524611473083,0.33384281396865845
17,2,0.33324840664863586,0.3326842784881592,0.3340672552585602
18,0,0.3334318697452545,0.33322256803512573,0.33334556221961975
18,1,0.3334415555000305,0.3329586386680603,0.33359983563423157
18,2,0.3332517445087433,0.3327161371707916,0.3340321183204651
19,0,0.3334318697452545,0.33322256803512573,0.33334556221961975
19,1,0.3334415555000305,0.3329586386680603,0.33359983563423157
19,2,0.3333490788936615,0.3328459858894348,0.3338049352169037
20,0,0.3334318697452545,0.33322256803512573,0.33334556221961975
20,1,0.33338189125061035,0.3326095640659332,0.33400845527648926
20,2,0.3334046006202698,0.3327520787715912,0.33384332060813904
21,0,0.3334318697452545,0.33322256803512573,0.33334556221961975
21,1,0.3334415555000305,0.3329586386680603,0.33359983563423157
21,2,0.33329159021377563,0.332535982131958,0.33417245745658875
22,0,0.3334318697452545,0.33322256803512573,0.33334556221961975
22,1,0.33338189125061035,0.3326095640659332,0.33400845527648926
22,2,0.33333542943000793,0.3326171338558197,0.33404743671417236
23,0,0.3334318697452545,0.33322256803512573,0.33334556221961975
23,1,0.33338189125061035,0.3326095640659332,0.33400845527648926
23,2,0.3334046006202698,0.3327520787715912,0.33384332060813904
24,0,0.3334318697452545,0.33322256803512573,0.33334556221961975
24,1,0.3334415555000305,0.3329586386680603,0.33359983563423157
24,2,0.3333490788936615,0.3328459858894348,0.3338049352169037
25,0,0.3334318697452545,0.33322256803512573,0.33334556221961975
25,1,0.33338189125061035,0.3326095938682556,0.33400845527648926
25,2,0.3334046006202698,0.3327520787715912,0.33384332060813904
26,0,0.3334318697452545,0.33322256803512573,0.33334556221961975
26,1,0.3334415555000305,0.3329586386680603,0.33359983563423157
26,2,0.3332517445087433,0.3327161371707916,0.3340321183204651
27,0,0.3334318697452545,0.33322256803512573,0.33334556221961975
27,1,0.33335191011428833,0.33280524611473083,0.33384281396865845
27,2,0.33324840664863586,0.3326842784881592,0.3340672552585602
28,0,0.3334318697452545,0.33322256803512573,0.33334556221961975
28,1,0.3334415555000305,0.3329586386680603,0.33359983563423157
28,2,0.3332517445087433,0.3327161371707916,0.3340321183204651
29,0,0.3334318697452545,0.33322256803512573,0.33334556221961975
29,1,0.3334415555000305,0.3329586386680603,0.33359983563423157
29,2,0.3333490788936615,0.3328459858894348,0.3338049352169037
30,0,0.3334318697452545,0.33322256803512573,0.33334556221961975
30,1,0.33338189125061035,0.3326095640659332,0.33400845527648926
30,2,0.3334046006202698,0.3327520787715912,0.33384332060813904
31,0,0.3334318697452545,0.33322256803512573,0.33334556221961975
31,1,0.3334415555000305,0.3329586386680603,0.33359983563423157
31,2,0.33329159021377563,0.332535982131958,0.33417245745658875
32,0,0.3334318697452545,0.33322256803512573,0.33334556221961975
32,1,0.33338189125061035,0.3326095938682556,0.33400845527648926
32,2,0.33333542943000793,0.3326171338558197,0.33404743671417236
33,0,0.3334318697452545,0.33322256803512573,0.33334556221961975
33,1,0.33338189125061035,0.3326095938682556,0.33400845527648926
33,2,0.3334046006202698,0.3327520787715912,0.33384332060813904
34,0,0.3334318697452545,0.33322256803512573,0.33334556221961975
34,1,0.3334415555000305,0.3329586386680603,0.33359983563423157
34,2,0.3333490788936615,0.3328459858894348,0.3338049352169037
35,0,0.3334318697452545,0.33322256803512573,0.33334556221961975
35,1,0.33338189125061035,0.3326095640659332,0.33400845527648926
35,2,0.3334046006202698,0.3327520787715912,0.33384332060813904
36,0,0.3334318697452545,0.33322256803512573,0.33334556221961975
36,1,0.3334415555000305,0.3329586386680603,0.33359983563423157
36,2,0.3332517445087433,0.3327161371707916,0.3340321183204651
37,0,0.3334318697452545,0.33322256803512573,0.33334556221961975
37,1,0.33335191011428833,0.33280524611473083,0.33384281396865845
37,2,0.33324840664863586,0.3326842784881592,0.3340672552585602
38,0,0.3334318697452545,0.33322256803512573,0.33334556221961975
38,1,0.3334415555000305,0.3329586386680603,0.33359983563423157
38,2,0.3332517445087433,0.3327161371707916,0.3340321183204651
39,0,0.3334318697452545,0.33322256803512573,0.33334556221961975
39,1,0.3334415555000305,0.3329586386680603,0.33359983563423157
39,2,0.3333490788936615,0.3328459858894348,0.3338049352169037
40,0,0.3334318697452545,0.33322256803512573,0.33334556221961975
40,1,0.33338189125061035,0.3326095640659332,0.33400845527648926
40,2,0.3334046006202698,0.3327520787715912,0.33384332060813904
41,0,0.3334318697452545,0.33322256803512573,0.33334556221961975
41,1,0.3334415555000305,0.3329586386680603,0.33359983563423157
41,2,0.33329159021377563,0.332535982131958,0.33417245745658875
42,0,0.3334318697452545,0.33322256803512573,0.33334556221961975
42,1,0.33338189125061035,0.3326095938682556,0.33400845527648926
42,2,0.33333542943000793,0.3326171338558197,0.33404743671417236
43,0,0.3334318697452545,0.33322256803512573,0.33334556221961975
43,1,0.33338189125061035,0.3326095640659332,0.33400845527648926
43,2,0.3334046006202698,0.3327520787715912,0.33384332060813904
44,0,0.3334318697452545,0.33322256803512573,0.33334556221961975
44,1,0.3334415555000305,0.3329586386680603,0.33359983563423157
44,2,0.3333490788936615,0.3328459858894348,0.3338049352169037
45,0,0.3334318697452545,0.33322256803512573,0.33334556221961975
45,1,0.33338189125061035,0.3326095938682556,0.33400845527648926
45,2,0.3334046006202698,0.3327520787715912,0.33384332060813904
46,0,0.3334318697452545,0.33322256803512573,0.33334556221961975
46,1,0.3334415555000305,0.3329586386680603,0.33359983563423157
46,2,0.3332517445087433,0.3327161371707916,0.3340321183204651
47,0,0.3334318697452545,0.33322256803512573,0.33334556221961975
47,1,0.33335191011428833,0.33280524611473083,0.33384281396865845
47,2,0.33324840664863586,0.3326842784881592,0.3340672552585602
48,0,0.3334318697452545,0.33322256803512573,0.33334556221961975
48,1,0.3334415555000305,0.3329586386680603,0.33359983563423157
48,2,0.3332517445087433,0.3327161371707916,0.3340321183204651
49,0,0.3334318697452545,0.33322256803512573,0.33334556221961975
49,1,0.3334415555000305,0.3329586386680603,0.33359983563423157
49,2,0.3333490788936615,0.3328459858894348,0.3338049352169037
50,0,0.3334318697452545,0.33322256803512573,0.33334556221961975
50,1,0.33338189125061035,0.3326095640659332,0.33400845527648926
50,2,0.3334046006202698,0.3327520787715912,0.33384332060813904
51,0,0.3334318697452545,0.33322256803512573,0.33334556221961975
51,1,0.3334415555000305,0.3329586386680603,0.33359983563423157
51,2,0.33329159021377563,0.332535982131958,0.33417245745658875
52,0,0.3334318697452545,0.33322256803512573,0.33334556221961975
52,1,0.33338189125061035,0.3326095640659332,0.33400845527648926
52,2,0.33333542943000793,0.3326171338558197,0.33404743671417236
53,0,0.3334318697452545,0.33322256803512573,0.33334556221961975
53,1,0.33338189125061035,0.3326095640659332,0.33400845527648926
53,2,0.3334046006202698,0.3327520787715912,0.33384332060813904
54,0,0.3334318697452545,0.33322256803512573,0.33334556221961975
54,1,0.3334415555000305,0.3329586386680603,0.33359983563423157
54,2,0.3333490788936615,0.3328459858894348,0.3338049352169037
55,0,0.3334318697452545,0.33322256803512573,0.33334556221961975
55,1,0.33338189125061035,0.3326095938682556,0.33400845527648926
55,2,0.3334046006202698,0.3327520787715912,0.33384332060813904
56,0,0.3334318697452545,0.33322256803512573,0.33334556221961975
56,1,0.3334415555000305,0.3329586386680603,0.33359983563423157
56,2,0.3332517445087433,0.3327161371707916,0.3340321183204651
57,0,0.3334318697452545,0.33322256803512573,0.33334556221961975
57,1,0.33335191011428833,0.33280524611473083,0.33384281396865845
57,2,0.33324840664863586,0.3326842784881592,0.3340672552585602
58,0,0.3334318697452545,0.33322256803512573,0.33334556221961975
58,1,0.3334415555000305,0.3329586386680603,0.33359983563423157
58,2,0.3332517445087433,0.3327161371707916,0.3340321183204651
59,0,0.3334318697452545,0.33322256803512573,0.33334556221961975
59,1,0.3334415555000305,0.3329586386680603,0.33359983563423157
59,2,0.3333490788936615,0.3328459858894348,0.3338049352169037
60,0,0.3334318697452545,0.33322256803512573,0.33334556221961975
60,1,0.33338189125061035,0.3326095640659332,0.33400845527648926
60,2,0.3334046006202698,0.3327520787715912,0.33384332060813904
61,0,0.3334318697452545,0.33322256803512573,0.33334556221961975
61,1,0.3334415555000305,0.3329586386680603,0.33359983563423157
61,2,0.33329159021377563,0.332535982131958,0.33417245745658875
62,0,0.3334318697452545,0.33322256803512573,0.33334556221961975
62,1,0.33338189125061035,0.3326095938682556,0.33400845527648926
62,2,0.33333542943000793,0.3326171338558197,0.33404743671417236
63,0,0.3334318697452545,0.33322256803512573,0.33334556221961975
63,1,0.33338189125061035,0.3326095938682556,0.33400845527648926
63,2,0.3334046006202698,0.3327520787715912,0.33384332060813904
64,0,0.3334318697452545,0.33322256803512573,0.33334556221961975
64,1,0.3334415555000305,0.3329586386680603,0.33359983563423157
64,2,0.3333490788936615,0.3328459858894348,0.3338049352169037
65,0,0.3334318697452545,0.33322256803512573,0.33334556221961975
65,1,0.33338189125061035,0.3326095640659332,0.33400845527648926
65,2,0.3334046006202698,0.3327520787715912,0.33384332060813904
66,0,0.3334318697452545,0.33322256803512573,0.33334556221961975
66,1,0.3334415555000305,0.3329586386680603,0.33359983563423157
66,2,0.3332517445087433,0.3327161371707916,0.3340321183204651
67,0,0.3334318697452545,0.33322256803512573,0.33334556221961975
67,1,0.33335191011428833,0.33280524611473083,0.33384281396865845
67,2,0.33324840664863586,0.3326842784881592,0.3340672552585602
68,0,0.3334318697452545,0.33322256803512573,0.33334556221961975
68,1,0.3334415555000305,0.3329586386680603,0.33359983563423157
68,2,0.3332517445087433,0.3327161371707916,0.3340321183204651
69,0,0.3334318697452545,0.33322256803512573,0.33334556221961975
69,1,0.3334415555000305,0.3329586386680603,0.33359983563423157
69,2,0.3333490788936615,0.3328459858894348,0.3338049352169037
70,0,0.3334318697452545,0.33322256803512573,0.33334556221961975
70,1,0.33338189125061035,0.3326095640659332,0.33400845527648926
70,2,0.3334046006202698,0.3327520787715912,0.33384332060813904
71,0,0.3334318697452545,0.33322256803512573,0.33334556221961975
71,1,0.3334415555000305,0.3329586386680603,0.33359983563423157
71,2,0.33329159021377563,0.332535982131958,0.33417245745658875
72,0,0.3334318697452545,0.33322256803512573,0.33334556221961975
72,1,0.33338189125061035,0.3326095938682556,0.33400845527648926
72,2,0.33333542943000793,0.3326171338558197,0.33404743671417236
73,0,0.3334318697452545,0.33322256803512573,0.33334556221961975
73,1,0.33338189125061035,0.3326095640659332,0.33400845527648926
73,2,0.3334046006202698,0.3327520787715912,0.33384332060813904
74,0,0.3334318697452545,0.33322256803512573,0.33334556221961975
74,1,0.3334415555000305,0.3329586386680603,0.33359983563423157
74,2,0.3333490788936615,0.3328459858894348,0.3338049352169037
75,0,0.3334318697452545,0.33322256803512573,0.33334556221961975
75,1,0.33338189125061035,0.3326095938682556,0.33400845527648926
75,2,0.3334046006202698,0.3327520787715912,0.33384332060813904
76,0,0.3334318697452545,0.33322256803512573,0.33334556221961975
76,1,0.3334415555000305,0.3329586386680603,0.33359983563423157
76,2,0.3332517445087433,0.3327161371707916,0.3340321183204651
77,0,0.3334318697452545,0.33322256803512573,0.33334556221961975
77,1,0.33335191011428833,0.33280524611473083,0.33384281396865845
77,2,0.33324840664863586,0.3326842784881592,0.3340672552585602
78,0,0.3334318697452545,0.33322256803512573,0.33334556221961975
78,1,0.3334415555000305,0.3329586386680603,0.33359983563423157
78,2,0.3332517445087433,0.3327161371707916,0.3340321183204651
79,0,0.3334318697452545,0.33322256803512573,0.33334556221961975
79,1,0.3334415555000305,0.3329586386680603,0.33359983563423157
79,2,0.3333490788936615,0.3328459858894348,0.3338049352169037
80,0,0.3334318697452545,0.33322256803512573,0.33334556221961975
80,1,0.33338189125061035,0.3326095640659332,0.33400845527648926
80,2,0.3334046006202698,0.3327520787715912,0.33384332060813904
81,0,0.3334318697452545,0.33322256803512573,0.33334556221961975
81,1,0.3334415555000305,0.3329586386680603,0.33359983563423157
81,2,0.33329159021377563,0.332535982131958,0.33417245745658875
82,0,0.3334318697452545,0.33322256803512573,0.33334556221961975
82,1,0.33338189125061035,0.3326095640659332,0.33400845527648926
82,2,0.33333542943000793,0.3326171338558197,0.33404743671417236
83,0,0.3334318697452545,0.33322256803512573,0.33334556221961975
83,1,0.33338189125061035,0.3326095640659332,0.33400845527648926
83,2,0.3334046006202698,0.3327520787715912,0.33384332060813904
84,0,0.3334318697452545,0.33322256803512573,0.33334556221961975
84,1,0.3334415555000305,0.3329586386680603,0.33359983563423157
84,2,0.3333490788936615,0.3328459858894348,0.3338049352169037
85,0,0.3334318697452545,0.33322256803512573,0.33334556221961975
85,1,0.3278217911720276,0.34294793009757996,0.32923027873039246
85,2,0.32841694355010986,0.34339970350265503,0.3281833529472351
86,0,0.3311215043067932,0.33658984303474426,0.3322886824607849
86,1,0.32950350642204285,0.33992987871170044,0.3305665850639343
86,2,0.3279340863227844,0.34333840012550354,0.3287275433540344
87,0,0.3311215043067932,0.33658984303474426,0.3322886824607849
87,1,0.32862427830696106,0.34119242429733276,0.3301832973957062
87,2,0.32778140902519226,0.3435688614845276,0.3286497890949249
88,0,0.3311215043067932,0.33658984303474426,0.3322886824607849
88,1,0.32950350642204285,0.33992987871170044,0.3305665850639343
88,2,0.3279340863227844,0.34333840012550354,0.3287275433540344
89,0,0.3311215043067932,0.33658984303474426,0.3322886824607849
89,1,0.32950350642204285,0.33992987871170044,0.3305665850639343
89,2,0.3287976086139679,0.34213727712631226,0.32906508445739746
90,0,0.3311215043067932,0.33658984303474426,0.3322886824607849
90,1,0.32780665159225464,0.3429752588272095,0.32921814918518066
90,2,0.3284095227718353,0.34341251850128174,0.3281780183315277
91,0,0.3311215043067932,0.33658984303474426,0.3322886824607849
91,1,0.32950350642204285,0.33992987871170044,0.3305665850639343
91,2,0.32711026072502136,0.3450677990913391,0.3278219401836395
92,0,0.3311215043067932,0.33658984303474426,0.3322886824607849
92,1,0.327806681394577,0.3429751992225647,0.32921814918518066
92,2,0.3275505602359772,0.3446171283721924,0.3278324007987976
93,0,0.3311215043067932,0.33658984303474426,0.3322886824607849
93,1,0.327806681394577,0.3429752290248871,0.3292181193828583
93,2,0.3284095227718353,0.34341248869895935,0.3281779885292053
94,0,0.3311215043067932,0.33658984303474426,0.3322886824607849
94,1,0.32950350642204285,0.33992987871170044,0.3305665850639343
94,2,0.3287976086139679,0.34213727712631226,0.32906508445739746
95,0,0.3311215043067932,0.33658984303474426,0.3322886824607849
95,1,0.32780665159225464,0.3429752588272095,0.32921814918518066
95,2,0.3284095227718353,0.34341248869895935,0.3281779885292053
96,0,0.3311215043067932,0.33658984303474426,0.3322886824607849
96,1,0.32950350642204285,0.33992987871170044,0.3305665850639343
96,2,0.3279340863227844,0.34333840012550354,0.3287275433540344
97,0,0.3311215043067932,0.33658984303474426,0.3322886824607849
97,1,0.32862427830696106,0.34119242429733276,0.3301832973957062
97,2,0.32778140902519226,0.3435688614845276,0.3286497890949249
98,0,0.3311215043067932,0.33658984303474426,0.3322886824607849
98,1,0.32950350642204285,0.33992987871170044,0.3305665850639343
98,2,0.3279340863227844,0.34333840012550354,0.3287275433540344
99,0,0.3311215043067932,0.33658984303474426,0.3322886824607849
99,1,0.32950350642204285,0.33992987871170044,0.3305665850639343
99,2,0.3287976086139679,0.34213727712631226,0.32906508445739746
100,0,0.3311215043067932,0.33658984303474426,0.3322886824607849
100,1,0.32780665159225464,0.3429752588272095,0.32921814918518066
100,2,0.3284095227718353,0.34341251850128174,0.3281780183315277
101,0,0.3311215043067932,0.33658984303474426,0.3322886824607849
101,1,0.32950350642204285,0.33992987871170044,0.3305665850639343
101,2,0.32711026072502136,0.3450677990913391,0.32782188057899475
102,0,0.3311215043067932,0.33658984303474426,0.3322886824607849
102,1,0.327806681394577,0.3429751992225647,0.32921814918518066
102,2,0.3275505602359772,0.3446171283721924,0.3278324007987976
103,0,0.3311215043067932,0.33658984303474426,0.3322886824607849
103,1,0.327806681394577,0.3429751992225647,0.3292180895805359
103,2,0.3284095227718353,0.34341248869895935,0.3281779885292053
104,0,0.3311215043067932,0.33658984303474426,0.3322886824607849
104,1,0.32950350642204285,0.33992987871170044,0.3305665850639343
104,2,0.3287976086139679,0.34213727712631226,0.32906508445739746
105,0,0.3311215043067932,0.33658984303474426,0.3322886824607849
105,1,0.327806681394577,0.3429751992225647,0.32921814918518066
105,2,0.3284095227718353,0.34341248869895935,0.3281780481338501
106,0,0.3311215043067932,0.33658984303474426,0.3322886824607849
106,1,0.32950350642204285,0.33992987871170044,0.3305665850639343
106,2,0.3279340863227844,0.34333840012550354,0.3287275433540344
107,0,0.3311215043067932,0.33658984303474426,0.3322886824607849
107,1,0.32862427830696106,0.34119242429733276,0.3301832973957062
107,2,0.32778140902519226,0.3435688614845276,0.3286497890949249
108,0,0.3311215043067932,0.33658984303474426,0.3322886824607849
108,1,0.32950350642204285,0.33992987871170044,0.3305665850639343
108,2,0.3279340863227844,0.34333840012550354,0.3287275433540344
109,0,0.3311215043067932,0.33658984303474426,0.3322886824607849
109,1,0.32950350642204285,0.33992987871170044,0.3305665850639343
109,2,0.3287976086139679,0.34213727712631226,0.32906508445739746
110,0,0.3311215043067932,0.33658984303474426,0.3322886824607849
110,1,0.32780665159225464,0.3429752588272095,0.32921814918518066
110,2,0.3284095227718353,0.34341251850128174,0.3281780183315277
111,0,0.3311215043067932,0.33658984303474426,0.3322886824607849
111,1,0.32950350642204285,0.33992987871170044,0.3305665850639343
111,2,0.32711026072502136,0.3450677990913391,0.3278219401836395
112,0,0.3311215043067932,0.33658984303474426,0.3322886824607849
112,1,0.32780665159225464,0.3429752588272095,0.32921814918518066
112,2,0.3275505006313324,0.3446171283721924,0.32783231139183044
113,0,0.3311215043067932,0.33658984303474426,0.3322886824607849
113,1,0.32780665159225464,0.3429752588272095,0.32921814918518066
113,2,0.3284095227718353,0.34341251850128174,0.3281780183315277
114,0,0.3311215043067932,0.33658984303474426,0.3322886824607849
114,1,0.32950350642204285,0.33992987871170044,0.3305665850639343
114,2,0.3287976086139679,0.34213727712631226,0.32906508445739746
115,0,0.3311215043067932,0.33658984303474426,0.3322886824607849
115,1,0.32780665159225464,0.3429751396179199,0.32921820878982544
115,2,0.3284095227718353,0.3434123992919922,0.3281781077384949
116,0,0.3311215043067932,0.33658984303474426,0.3322886824607849
116,1,0.32950350642204285,0.33992987871170044,0.3305665850639343
116,2,0.3279340863227844,0.34333840012550354,0.3287275433540344
117,0,0.3311215043067932,0.33658984303474426,0.3322886824607849
117,1,0.32862427830696106,0.34119242429733276,0.3301832973957062
117,2,0.32778140902519226,0.3435688614845276,0.3286497890949249
118,0,0.3311215043067932,0.33658984303474426,0.3322886824607849
118,1,0.32950350642204285,0.33992987871170044,0.3305665850639343
118,2,0.3279340863227844,0.34333840012550354,0.3287275433540344
119,0,0.3311215043067932,0.33658984303474426,0.3322886824607849
119,1,0.32950350642204285,0.33992987871170044,0.3305665850639343
119,2,0.3287976086139679,0.34213727712631226,0.32906508445739746
120,0,0.3311215043067932,0.33658984303474426,0.3322886824607849
120,1,0.32780665159225464,0.3429752588272095,0.32921814918518066
120,2,0.3284095227718353,0.34341251850128174,0.3281780183315277
121,0,0.3311215043067932,0.33658984303474426,0.3322886824607849
121,1,0.32950350642204285,0.33992987871170044,0.3305665850639343
121,2,0.32711026072502136,0.3450677990913391,0.3278219401836395
122,0,0.3311215043067932,0.33658984303474426,0.3322886824607849
122,1,0.327806681394577,0.3429751992225647,0.32921814918518066
122,2,0.3275505602359772,0.3446171283721924,0.3278324007987976
123,0,0.3311215043067932,0.33658984303474426,0.3322886824607849
123,1,0.327806681394577,0.3429752290248871,0.3292181193828583
123,2,0.3284095227718353,0.34341248869895935,0.3281779885292053
124,0,0.3311215043067932,0.33658984303474426,0.3322886824607849
124,1,0.32950350642204285,0.33992987871170044,0.3305665850639343
124,2,0.3287976086139679,0.34213727712631226,0.32906508445739746
125,0,0.3311215043067932,0.33658984303474426,0.3322886824607849
125,1,0.32780665159225464,0.3429752588272095,0.32921814918518066
125,2,0.3284095227718353,0.34341248869895935,0.3281779885292053
126,0,0.3311215043067932,0.33658984303474426,0.3322886824607849
126,1,0.32950350642204285,0.33992987871170044,0.3305665850639343
126,2,0.3279340863227844,0.34333840012550354,0.3287275433540344
127,0,0.3311215043067932,0.33658984303474426,0.3322886824607849
127,1,0.32862427830696106,0.34119242429733276,0.3301832973957062
127,2,0.32778140902519226,0.3435688614845276,0.3286497890949249
128,0,0.3311215043067932,0.33658984303474426,0.3322886824607849
128,1,0.32950350642204285,0.33992987871170044,0.3305665850639343
128,2,0.3279340863227844,0.34333840012550354,0.3287275433540344
129,0,0.3311215043067932,0.33658984303474426,0.3322886824607849
129,1,0.32950350642204285,0.33992987871170044,0.3305665850639343
129,2,0.3287976086139679,0.34213727712631226,0.32906508445739746
130,0,0.3311215043067932,0.33658984303474426,0.3322886824607849
130,1,0.32780665159225464,0.3429752588272095,0.32921814918518066
130,2,0.3284095227718353,0.34341251850128174,0.3281780183315277
131,0,0.3311215043067932,0.33658984303474426,0.3322886824607849
131,1,0.32950350642204285,0.33992987871170044,0.3305665850639343
131,2,0.32711026072502136,0.3450677990913391,0.32782188057899475
132,0,0.3311215043067932,0.33658984303474426,0.3322886824607849
132,1,0.327806681394577,0.3429751992225647,0.32921814918518066
132,2,0.3275505602359772,0.3446171283721924,0.3278324007987976
133,0,0.3311215043067932,0.33658984303474426,0.3322886824607849
133,1,0.327806681394577,0.3429751992225647,0.3292180895805359
133,2,0.3284095227718353,0.34341248869895935,0.3281779885292053
134,0,0.3311215043067932,0.33658984303474426,0.3322886824607849
134,1,0.32950350642204285,0.33992987871170044,0.3305665850639343
134,2,0.3287976086139679,0.34213727712631226,0.32906508445739746
135,0,0.3311215043067932,0.33658984303474426,0.3322886824607849
135,1,0.327806681394577,0.3429751992225647,0.32921814918518066
135,2,0.3284095227718353,0.34341248869895935,0.3281780481338501
136,0,0.3311215043067932,0.33658984303474426,0.3322886824607849
136,1,0.32950350642204285,0.33992987871170044,0.3305665850639343
136,2,0.3279340863227844,0.34333840012550354,0.3287275433540344
137,0,0.3311215043067932,0.33658984303474426,0.3322886824607849
137,1,0.32862427830696106,0.34119242429733276,0.3301832973957062
137,2,0.32778140902519226,0.3435688614845276,0.3286497890949249
138,0,0.3311215043067932,0.33658984303474426,0.3322886824607849
138,1,0.32950350642204285,0.33992987871170044,0.3305665850639343
138,2,0.3279340863227844,0.34333840012550354,0.3287275433540344
139,0,0.3311215043067932,0.33658984303474426,0.3322886824607849
139,1,0.32950350642204285,0.33992987871170044,0.3305665850639343
139,2,0.3287976086139679,0.34213727712631226,0.32906508445739746
140,0,0.3311215043067932,0.33658984303474426,0.3322886824607849
140,1,0.32780665159225464,0.3429752588272095,0.32921814918518066
140,2,0.3284095227718353,0.34341251850128174,0.3281780183315277
141,0,0.3311215043067932,0.33658984303474426,0.3322886824607849
141,1,0.32950350642204285,0.33992987871170044,0.3305665850639343
141,2,0.32711026072502136,0.3450677990913391,0.3278219401836395
142,0,0.3311215043067932,0.33658984303474426,0.3322886824607849
142,1,0.32780665159225464,0.3429752588272095,0.32921814918518066
142,2,0.3275505006313324,0.3446171283721924,0.32783231139183044
143,0,0.3311215043067932,0.33658984303474426,0.3322886824607849
143,1,0.32780665159225464,0.3429752588272095,0.32921814918518066
143,2,0.3284095227718353,0.34341251850128174,0.3281780183315277
144,0,0.3311215043067932,0.33658984303474426,0.3322886824607849
144,1,0.32950350642204285,0.33992987871170044,0.3305665850639343
144,2,0.3287976086139679,0.34213727712631226,0.32906508445739746
145,0,0.3311215043067932,0.33658984303474426,0.3322886824607849
145,1,0.32780665159225464,0.3429751396179199,0.32921820878982544
145,2,0.3284095227718353,0.3434123992919922,0.3281781077384949
146,0,0.3311215043067932,0.33658984303474426,0.3322886824607849
146,1,0.32950350642204285,0.33992987871170044,0.3305665850639343
146,2,0.3279340863227844,0.34333840012550354,0.3287275433540344
147,0,0.3311215043067932,0.33658984303474426,0.3322886824607849
147,1,0.32862427830696106,0.34119242429733276,0.3301832973957062
147,2,0.32778140902519226,0.3435688614845276,0.3286497890949249
148,0,0.3311215043067932,0.33658984303474426,0.3322886824607849
148,1,0.32950350642204285,0.33992987871170044,0.3305665850639343
148,2,0.3279340863227844,0.34333840012550354,0.3287275433540344
149,0,0.3311215043067932,0.33658984303474426,0.3322886824607849
149,1,0.32950350642204285,0.33992987871170044,0.3305665850639343
149,2,0.3287976086139679,0.34213727712631226,0.32906508445739746
150,0,0.3311215043067932,0.33658984303474426,0.3322886824607849
150,1,0.32780665159225464,0.3429752588272095,0.32921814918518066
150,2,0.3284095227718353,0.34341251850128174,0.3281780183315277
151,0,0.3311215043067932,0.33658984303474426,0.3322886824607849
151,1,0.32950350642204285,0.33992987871170044,0.3305665850639343
151,2,0.32711026072502136,0.3450677990913391,0.3278219401836395
152,0,0.3311215043067932,0.33658984303474426,0.3322886824607849
152,1,0.327806681394577,0.3429751992225647,0.32921814918518066
152,2,0.3275505602359772,0.3446171283721924,0.3278324007987976
153,0,0.3311215043067932,0.33658984303474426,0.3322886824607849
153,1,0.327806681394577,0.3429752290248871,0.3292181193828583
153,2,0.3284095227718353,0.34341248869895935,0.3281779885292053
154,0,0.3311215043067932,0.33658984303474426,0.3322886824607849
154,1,0.32950350642204285,0.33992987871170044,0.3305665850639343
154,2,0.3287976086139679,0.34213727712631226,0.32906508445739746
155,0,0.3311215043067932,0.33658984303474426,0.3322886824607849
155,1,0.32780665159225464,0.3429752588272095,0.32921814918518066
155,2,0.3284095227718353,0.34341248869895935,0.3281779885292053
156,0,0.3311215043067932,0.33658984303474426,0.3322886824607849
156,1,0.32950350642204285,0.33992987871170044,0.3305665850639343
156,2,0.3279340863227844,0.34333840012550354,0.3287275433540344
157,0,0.3311215043067932,0.33658984303474426,0.3322886824607849
157,1,0.32862427830696106,0.34119242429733276,0.3301832973957062
157,2,0.32778140902519226,0.3435688614845276,0.3286497890949249
158,0,0.3311215043067932,0.33658984303474426,0.3322886824607849
158,1,0.32950350642204285,0.33992987871170044,0.3305665850639343
158,2,0.3279340863227844,0.34333840012550354,0.3287275433540344
159,0,0.3311215043067932,0.33658984303474426,0.3322886824607849
159,1,0.32950350642204285,0.33992987871170044,0.3305665850639343
159,2,0.3287976086139679,0.34213727712631226,0.32906508445739746
160,0,0.3311215043067932,0.33658984303474426,0.3322886824607849
160,1,0.32780665159225464,0.3429752588272095,0.32921814918518066
160,2,0.3284095227718353,0.34341251850128174,0.3281780183315277
161,0,0.3311215043067932,0.33658984303474426,0.3322886824607849
161,1,0.32950350642204285,0.33992987871170044,0.3305665850639343
161,2,0.32711026072502136,0.3450677990913391,0.32782188057899475
162,0,0.3311215043067932,0.33658984303474426,0.3322886824607849
162,1,0.327806681394577,0.3429751992225647,0.32921814918518066
162,2,0.3275505602359772,0.3446171283721924,0.3278324007987976
163,0,0.3311215043067932,0.33658984303474426,0.3322886824607849
163,1,0.327806681394577,0.3429751992225647,0.3292180895805359
163,2,0.3284095227718353,0.34341248869895935,0.3281779885292053
164,0,0.3311215043067932,0.33658984303474426,0.3322886824607849
164,1,0.32950350642204285,0.33992987871170044,0.3305665850639343
164,2,0.3287976086139679,0.34213727712631226,0.32906508445739746
165,0,0.3311215043067932,0.33658984303474426,0.3322886824607849
165,1,0.327806681394577,0.3429751992225647,0.32921814918518066
165,2,0.3284095227718353,0.34341248869895935,0.3281780481338501
166,0,0.3311215043067932,0.33658984303474426,0.3322886824607849
166,1,0.32950350642204285,0.33992987871170044,0.3305665850639343
166,2,0.3279340863227844,0.34333840012550354,0.3287275433540344
167,0,0.3311215043067932,0.33658984303474426,0.3322886824607849
167,1,0.32862427830696106,0.34119242429733276,0.3301832973957062
167,2,0.32778140902519226,0.3435688614845276,0.3286497890949249
168,0,0.3311215043067932,0.33658984303474426,0.3322886824607849
168,1,0.32950350642204285,0.33992987871170044,0.3305665850639343
168,2,0.3279340863227844,0.34333840012550354,0.3287275433540344
169,0,0.3311215043067932,0.33658984303474426,0.3322886824607849
169,1,0.32950350642204285,0.33992987871170044,0.3305665850639343
169,2,0.3287976086139679,0.34213727712631226,0.32906508445739746
170,0,0.3311215043067932,0.33658984303474426,0.3322886824607849
170,1,0.32780665159225464,0.3429752588272095,0.32921814918518066
170,2,0.31937626004219055,0.3614017367362976,0.31922194361686707
171,0,0.3275487720966339,0.3411846458911896,0.3312666118144989
171,1,0.3232014775276184,0.35055768489837646,0.32624080777168274
171,2,0.3157799541950226,0.36636316776275635,0.3178568184375763
172,0,0.3275487720966339,0.3411846458911896,0.3312666118144989
172,1,0.31766605377197266,0.36052000522613525,0.32181403040885925
172,2,0.3167879581451416,0.3653377890586853,0.3178742527961731
173,0,0.3275487720966339,0.3411846458911896,0.3312666118144989
173,1,0.31766602396965027,0.3605200946331024,0.3218139410018921
173,2,0.3191315233707428,0.36187490820884705,0.3189935088157654
174,0,0.3275487720966339,0.3411846458911896,0.3312666118144989
174,1,0.3232014775276184,0.35055768489837646,0.32624080777168274
174,2,0.321193128824234,0.35692697763442993,0.3218798339366913
175,0,0.3275487720966339,0.3411846458911896,0.3312666118144989
175,1,0.3176661729812622,0.36051955819129944,0.32181426882743835
175,2,0.3191317319869995,0.3618743419647217,0.3189939260482788
176,0,0.3275487720966339,0.3411846458911896,0.3312666118144989
176,1,0.3232014775276184,0.35055768489837646,0.32624080777168274
176,2,0.3188333213329315,0.360446035861969,0.3207205832004547
177,0,0.3275487720966339,0.3411846458911896,0.3312666118144989
177,1,0.3207610547542572,0.3543170392513275,0.32492193579673767
177,2,0.31837624311447144,0.36118632555007935,0.3204374313354492
178,0,0.3275487720966339,0.3411846458911896,0.3312666118144989
178,1,0.3207610547542572,0.3543170392513275,0.32492193579673767
178,2,0.31837624311447144,0.36118632555007935,0.3204374313354492
179,0,0.3275487720966339,0.3411846458911896,0.3312666118144989
179,1,0.3232014775276184,0.35055768489837646,0.32624080777168274
179,2,0.321193128824234,0.35692697763442993,0.3218798339366913
180,0,0.3275487720966339,0.3411846458911896,0.3312666118144989
180,1,0.31766602396965027,0.3605200946331024,0.3218139410018921
180,2,0.3191315233707428,0.36187490820884705,0.3189935088157654
181,0,0.3275487720966339,0.3411846458911896,0.3312666118144989
181,1,0.3232014775276184,0.35055768489837646,0.32624080777168274
181,2,0.3157799541950226,0.36636316776275635,0.3178568184375763
182,0,0.3275487720966339,0.3411846458911896,0.3312666118144989
182,1,0.3176659941673279,0.3605199456214905,0.32181400060653687
182,2,0.316787987947464,0.3653377592563629,0.3178742825984955
183,0,0.3275487720966339,0.3411846458911896,0.3312666118144989
183,1,0.31766605377197266,0.36052000522613525,0.32181403040885925
183,2,0.3191315829753876,0.3618748188018799,0.31899356842041016
184,0,0.3275487720966339,0.3411846458911896,0.3312666118144989
184,1,0.3232014775276184,0.35055768489837646,0.32624080777168274
184,2,0.321193128824234,0.35692697763442993,0.3218798339366913
185,0,0.3275487720966339,0.3411846458911896,0.3312666118144989
185,1,0.31766602396965027,0.36052000522613525,0.3218139708042145
185,2,0.3191315531730652,0.3618748188018799,0.31899356842041016
186,0,0.3275487720966339,0.3411846458911896,0.3312666118144989
186,1,0.3232014775276184,0.35055768489837646,0.32624080777168274
186,2,0.3188333213329315,0.360446035861969,0.3207205832004547
187,0,0.3275487720966339,0.3411846458911896,0.3312666118144989
187,1,0.3207610547542572,0.3543170392513275,0.32492193579673767
187,2,0.31837624311447144,0.36118632555007935,0.3204374313354492
188,0,0.3275487720966339,0.3411846458911896,0.3312666118144989
188,1,0.3207610547542572,0.3543170392513275,0.32492193579673767
188,2,0.31837624311447144,0.36118632555007935,0.3204374313354492
189,0,0.3275487720966339,0.3411846458911896,0.3312666118144989
189,1,0.3232014775276184,0.35055768489837646,0.32624080777168274
189,2,0.321193128824234,0.35692697763442993,0.3218798339366913
190,0,0.3275487720966339,0.3411846458911896,0.3312666118144989
190,1,0.31766602396965027,0.3605200946331024,0.3218139410018921
190,2,0.3191315233707428,0.36187490820884705,0.3189935088157654
191,0,0.3275487720966339,0.3411846458911896,0.3312666118144989
191,1,0.3232014775276184,0.35055768489837646,0.32624080777168274
191,2,0.3157799541950226,0.3663632273674011,0.3178568184375763
192,0,0.3275487720966339,0.3411846458911896,0.3312666118144989
192,1,0.3176659941673279,0.3605199456214905,0.32181400060653687
192,2,0.316787987947464,0.3653377592563629,0.3178742825984955
193,0,0.3275487720966339,0.3411846458911896,0.3312666118144989
193,1,0.31766602396965027,0.36052000522613525,0.3218139708042145
193,2,0.3191315829753876,0.3618748188018799,0.31899356842041016
194,0,0.3275487720966339,0.3411846458911896,0.3312666118144989
194,1,0.3232014775276184,0.35055768489837646,0.32624080777168274
194,2,0.321193128824234,0.35692697763442993,0.3218798339366913
195,0,0.3275487720966339,0.3411846458911896,0.3312666118144989
195,1,0.3176659941673279,0.3605199456214905,0.32181400060653687
195,2,0.3191315829753876,0.3618747889995575,0.31899362802505493
196,0,0.3275487720966339,0.3411846458911896,0.3312666118144989
196,1,0.3232014775276184,0.35055768489837646,0.32624080777168274
196,2,0.3188333213329315,0.360446035861969,0.3207205832004547
197,0,0.3275487720966339,0.3411846458911896,0.3312666118144989
197,1,0.3207610547542572,0.3543170392513275,0.32492193579673767
197,2,0.31837624311447144,0.36118632555007935,0.3204374313354492
198,0,0.3275487720966339,0.3411846458911896,0.3312666118144989
198,1,0.3207610547542572,0.3543170392513275,0.32492193579673767
198,2,0.31837624311447144,0.36118632555007935,0.3204374313354492
199,0,0.3275487720966339,0.3411846458911896,0.3312666118144989
199,1,0.3232014775276184,0.35055768489837646,0.32624080777168274
199,2,0.321193128824234,0.35692697763442993,0.3218798339366913
200,0,0.3275487720966339,0.3411846458911896,0.3312666118144989
200,1,0.31766602396965027,0.3605200946331024,0.3218139410018921
200,2,0.3191315233707428,0.36187490820884705,0.3189935088157654
201,0,0.3275487720966339,0.3411846458911896,0.3312666118144989
201,1,0.3232014775276184,0.35055768489837646,0.32624080777168274
201,2,0.3157799541950226,0.36636316776275635,0.3178568184375763
202,0,0.3275487720966339,0.3411846458911896,0.3312666118144989
202,1,0.31766602396965027,0.36052006483078003,0.3218139708042145
202,2,0.3167879581451416,0.3653378188610077,0.3178742229938507
203,0,0.3275487720966339,0.3411846458911896,0.3312666118144989
203,1,0.31766602396965027,0.3605200946331024,0.3218139410018921
203,2,0.3191315233707428,0.36187490820884705,0.3189935088157654
204,0,0.3275487720966339,0.3411846458911896,0.3312666118144989
204,1,0.3232014775276184,0.35055768489837646,0.32624080777168274
204,2,0.321193128824234,0.35692697763442993,0.3218798339366913
205,0,0.3275487720966339,0.3411846458911896,0.3312666118144989
205,1,0.3176661431789398,0.3605196177959442,0.3218142092227936
205,2,0.3191317319869995,0.36187446117401123,0.31899386644363403
206,0,0.3275487720966339,0.3411846458911896,0.3312666118144989
206,1,0.3232014775276184,0.35055768489837646,0.32624080777168274
206,2,0.3188333213329315,0.360446035861969,0.3207205832004547
207,0,0.3275487720966339,0.3411846458911896,0.3312666118144989
207,1,0.3207610547542572,0.3543170392513275,0.32492193579673767
207,2,0.31837624311447144,0.36118632555007935,0.3204374313354492
208,0,0.3275487720966339,0.3411846458911896,0.3312666118144989
208,1,0.3207610547542572,0.3543170392513275,0.32492193579673767
208,2,0.31837624311447144,0.36118632555007935,0.3204374313354492
209,0,0.3275487720966339,0.3411846458911896,0.3312666118144989
209,1,0.3232014775276184,0.35055768489837646,0.32624080777168274
209,2,0.321193128824234,0.35692697763442993,0.3218798339366913
210,0,0.3275487720966339,0.3411846458911896,0.3312666118144989
210,1,0.31766602396965027,0.3605200946331024,0.3218139410018921
210,2,0.3191315233707428,0.36187490820884705,0.3189935088157654
211,0,0.3275487720966339,0.3411846458911896,0.3312666118144989
211,1,0.3232014775276184,0.35055768489837646,0.32624080777168274
211,2,0.3157799541950226,0.36636316776275635,0.3178568184375763
212,0,0.3275487720966339,0.3411846458911896,0.3312666118144989
212,1,0.3176659941673279,0.3605199456214905,0.32181400060653687
212,2,0.316787987947464,0.3653377592563629,0.3178742825984955
213,0,0.3275487720966339,0.3411846458911896,0.3312666118144989
213,1,0.31766605377197266,0.36052000522613525,0.32181403040885925
213,2,0.3191315829753876,0.3618748188018799,0.31899356842041016
214,0,0.3275487720966339,0.3411846458911896,0.3312666118144989
214,1,0.3232014775276184,0.35055768489837646,0.32624080777168274
214,2,0.321193128824234,0.35692697763442993,0.3218798339366913
215,0,0.3275487720966339,0.3411846458911896,0.3312666118144989
215,1,0.31766602396965027,0.36052000522613525,0.3218139708042145
215,2,0.3191315531730652,0.3618748188018799,0.31899356842041016
216,0,0.3275487720966339,0.3411846458911896,0.3312666118144989
216,1,0.3232014775276184,0.35055768489837646,0.32624080777168274
216,2,0.3188333213329315,0.360446035861969,0.3207205832004547
217,0,0.3275487720966339,0.3411846458911896,0.3312666118144989
217,1,0.3207610547542572,0.3543170392513275,0.32492193579673767
217,2,0.31837624311447144,0.36118632555007935,0.3204374313354492
218,0,0.3275487720966339,0.3411846458911896,0.3312666118144989
218,1,0.3207610547542572,0.3543170392513275,0.32492193579673767
218,2,0.31837624311447144,0.36118632555007935,0.3204374313354492
219,0,0.3275487720966339,0.3411846458911896,0.3312666118144989
219,1,0.3232014775276184,0.35055768489837646,0.32624080777168274
219,2,0.321193128824234,0.35692697763442993,0.3218798339366913
220,0,0.3275487720966339,0.3411846458911896,0.3312666118144989
220,1,0.31766602396965027,0.3605200946331024,0.3218139410018921
220,2,0.3191315233707428,0.36187490820884705,0.3189935088157654
221,0,0.3275487720966339,0.3411846458911896,0.3312666118144989
221,1,0.3232014775276184,0.35055768489837646,0.32624080777168274
221,2,0.3157799541950226,0.3663632273674011,0.3178568184375763
222,0,0.3275487720966339,0.3411846458911896,0.3312666118144989
222,1,0.3176659941673279,0.3605199456214905,0.32181400060653687
222,2,0.316787987947464,0.3653377592563629,0.3178742825984955
223,0,0.3275487720966339,0.3411846458911896,0.3312666118144989
223,1,0.31766602396965027,0.36052000522613525,0.3218139708042145
223,2,0.3191315829753876,0.3618748188018799,0.31899356842041016
224,0,0.3275487720966339,0.3411846458911896,0.3312666118144989
224,1,0.3232014775276184,0.35055768489837646,0.32624080777168274
224,2,0.321193128824234,0.35692697763442993,0.3218798339366913
225,0,0.3275487720966339,0.3411846458911896,0.3312666118144989
225,1,0.3176659941673279,0.3605199456214905,0.32181400060653687
225,2,0.3191315829753876,0.3618747889995575,0.31899362802505493
226,0,0.3275487720966339,0.3411846458911896,0.3312666118144989
226,1,0.3232014775276184,0.35055768489837646,0.32624080777168274
226,2,0.3188333213329315,0.360446035861969,0.3207205832004547
227,0,0.3275487720966339,0.3411846458911896,0.3312666118144989
227,1,0.3207610547542572,0.3543170392513275,0.32492193579673767
227,2,0.31837624311447144,0.36118632555007935,0.3204374313354492
228,0,0.3275487720966339,0.3411846458911896,0.3312666118144989
228,1,0.3207610547542572,0.3543170392513275,0.32492193579673767
228,2,0.31837624311447144,0.36118632555007935,0.3204374313354492
229,0,0.3275487720966339,0.3411846458911896,0.3312666118144989
229,1,0.3232014775276184,0.35055768489837646,0.32624080777168274
229,2,0.321193128824234,0.35692697763442993,0.3218798339366913
230,0,0.3275487720966339,0.3411846458911896,0.3312666118144989
230,1,0.31766602396965027,0.3605200946331024,0.3218139410018921
230,2,0.3191315233707428,0.36187490820884705,0.3189935088157654
231,0,0.3275487720966339,0.3411846458911896,0.3312666118144989
231,1,0.3232014775276184,0.35055768489837646,0.32624080777168274
231,2,0.3157799541950226,0.36636316776275635,0.3178568184375763
232,0,0.3275487720966339,0.3411846458911896,0.3312666118144989
232,1,0.31766602396965027,0.36052006483078003,0.3218139708042145
232,2,0.3167879581451416,0.3653378188610077,0.3178742229938507
233,0,0.3275487720966339,0.3411846458911896,0.3312666118144989
233,1,0.31766602396965027,0.3605200946331024,0.3218139410018921
233,2,0.3191315233707428,0.36187490820884705,0.3189935088157654
234,0,0.3275487720966339,0.3411846458911896,0.3312666118144989
234,1,0.3232014775276184,0.35055768489837646,0.32624080777168274
234,2,0.321193128824234,0.35692697763442993,0.3218798339366913
235,0,0.3275487720966339,0.3411846458911896,0.3312666118144989
235,1,0.3176661431789398,0.3605196177959442,0.3218142092227936
235,2,0.3191317319869995,0.36187446117401123,0.31899386644363403
236,0,0.3275487720966339,0.3411846458911896,0.3312666118144989
236,1,0.3232014775276184,0.35055768489837646,0.32624080777168274
236,2,0.3188333213329315,0.360446035861969,0.3207205832004547
237,0,0.3275487720966339,0.3411846458911896,0.3312666118144989
237,1,0.3207610547542572,0.3543170392513275,0.32492193579673767
237,2,0.31837624311447144,0.36118632555007935,0.3204374313354492
238,0,0.3275487720966339,0.3411846458911896,0.3312666118144989
238,1,0.3207610547542572,0.3543170392513275,0.32492193579673767
238,2,0.31837624311447144,0.36118632555007935,0.3204374313354492
239,0,0.3275487720966339,0.3411846458911896,0.3312666118144989
239,1,0.3232014775276184,0.35055768489837646,0.32624080777168274
239,2,0.321193128824234,0.35692697763442993,0.3218798339366913
240,0,0.3275487720966339,0.3411846458911896,0.3312666118144989
240,1,0.31766602396965027,0.3605200946331024,0.3218139410018921
240,2,0.3191315233707428,0.36187490820884705,0.3189935088157654
241,0,0.3275487720966339,0.3411846458911896,0.3312666118144989
241,1,0.3232014775276184,0.35055768489837646,0.32624080777168274
241,2,0.3157799541950226,0.36636316776275635,0.3178568184375763
242,0,0.3275487720966339,0.3411846458911896,0.3312666118144989
242,1,0.3176659941673279,0.3605199456214905,0.32181400060653687
242,2,0.316787987947464,0.3653377592563629,0.3178742825984955
243,0,0.3275487720966339,0.3411846458911896,0.3312666118144989
243,1,0.31766605377197266,0.36052000522613525,0.32181403040885925
243,2,0.3191315829753876,0.3618748188018799,0.31899356842041016
244,0,0.3275487720966339,0.3411846458911896,0.3312666118144989
244,1,0.3232014775276184,0.35055768489837646,0.32624080777168274
244,2,0.321193128824234,0.35692697763442993,0.3218798339366913
245,0,0.3275487720966339,0.3411846458911896,0.3312666118144989
245,1,0.31766602396965027,0.36052000522613525,0.3218139708042145
245,2,0.3191315531730652,0.3618748188018799,0.31899356842041016
246,0,0.3275487720966339,0.3411846458911896,0.3312666118144989
246,1,0.3232014775276184,0.35055768489837646,0.32624080777168274
246,2,0.3188333213329315,0.360446035861969,0.3207205832004547
247,0,0.3275487720966339,0.3411846458911896,0.3312666118144989
247,1,0.3207610547542572,0.3543170392513275,0.32492193579673767
247,2,0.31837624311447144,0.36118632555007935,0.3204374313354492
248,0,0.3275487720966339,0.3411846458911896,0.3312666118144989
248,1,0.3207610547542572,0.3543170392513275,0.32492193579673767
248,2,0.31837624311447144,0.36118632555007935,0.3204374313354492
249,0,0.3275487720966339,0.3411846458911896,0.3312666118144989
249,1,0.3232014775276184,0.35055768489837646,0.32624080777168274
249,2,0.321193128824234,0.35692697763442993,0.3218798339366913
250,0,0.3275487720966339,0.3411846458911896,0.3312666118144989
250,1,0.31766602396965027,0.3605200946331024,0.3218139410018921
250,2,0.3191315233707428,0.36187490820884705,0.3189935088157654
251,0,0.3275487720966339,0.3411846458911896,0.3312666118144989
251,1,0.3232014775276184,0.35055768489837646,0.32624080777168274
251,2,0.3157799541950226,0.3663632273674011,0.3178568184375763
252,0,0.3275487720966339,0.3411846458911896,0.3312666118144989
252,1,0.3176659941673279,0.3605199456214905,0.32181400060653687
252,2,0.316787987947464,0.3653377592563629,0.3178742825984955
253,0,0.3275487720966339,0.3411846458911896,0.3312666118144989
253,1,0.31766602396965027,0.36052000522613525,0.3218139708042145
253,2,0.3191315829753876,0.3618748188018799,0.31899356842041016
254,0,0.3275487720966339,0.3411846458911896,0.3312666118144989
254,1,0.3232014775276184,0.35055768489837646,0.32624080777168274
254,2,0.321193128824234,0.35692697763442993,0.3218798339366913
255,0,0.3275487720966339,0.3411846458911896,0.3312666118144989
255,1,0.3176659941673279,0.3605199456214905,0.32181400060653687
255,2,0.3191315829753876,0.3618747889995575,0.31899362802505493
256,0,0.32015830278396606,0.3523164987564087,0.32752519845962524
256,1,0.3074159324169159,0.3790872097015381,0.31349682807922363
256,2,0.2944149076938629,0.40669021010398865,0.29889488220214844
257,0,0.32015830278396606,0.3523164987564087,0.32752519845962524
257,1,0.3012668192386627,0.38941946625709534,0.30931371450424194
257,2,0.2931349277496338,0.4089738428592682,0.2978912889957428
258,0,0.32015830278396606,0.3523164987564087,0.32752519845962524
258,1,0.3012668192386627,0.38941946625709534,0.30931371450424194
258,2,0.2931349277496338,0.4089738428592682,0.2978912889957428
259,0,0.32015830278396606,0.3523164987564087,0.32752519845962524
259,1,0.3074159324169159,0.3790872097015381,0.31349682807922363
259,2,0.3001386821269989,0.39730778336524963,0.3025535047054291
260,0,0.32015830278396606,0.3523164987564087,0.32752519845962524
260,1,0.29221677780151367,0.4072687029838562,0.3005145490169525
260,2,0.29292598366737366,0.4127105176448822,0.29436346888542175
261,0,0.32015830278396606,0.3523164987564087,0.32752519845962524
261,1,0.3074159324169159,0.3790872097015381,0.31349682807922363
261,2,0.2858811616897583,0.4231133460998535,0.29100552201271057
262,0,0.32015830278396606,0.3523164987564087,0.32752519845962524
262,1,0.29221686720848083,0.4072684645652771,0.30051466822624207
262,2,0.28746843338012695,0.4215441942214966,0.29098740220069885
263,0,0.32015830278396606,0.3523164987564087,0.32752519845962524
263,1,0.29221677780151367,0.4072687029838562,0.3005145490169525
263,2,0.29292598366737366,0.4127105176448822,0.29436346888542175
264,0,0.32015830278396606,0.3523164987564087,0.32752519845962524
264,1,0.3074159324169159,0.3790872097015381,0.31349682807922363
264,2,0.3001386821269989,0.39730778336524963,0.3025535047054291
265,0,0.32015830278396606,0.3523164987564087,0.32752519845962524
265,1,0.2922173738479614,0.4072672724723816,0.30051538348197937
265,2,0.29292669892311096,0.41270893812179565,0.29436442255973816
266,0,0.32015830278396606,0.3523164987564087,0.32752519845962524
266,1,0.3074159324169159,0.3790872097015381,0.31349682807922363
266,2,0.2944149076938629,0.40669021010398865,0.29889488220214844
267,0,0.32015830278396606,0.3523164987564087,0.32752519845962524
267,1,0.3012668192386627,0.38941946625709534,0.30931371450424194
267,2,0.2931349277496338,0.4089738428592682,0.2978912889957428
268,0,0.32015830278396606,0.3523164987564087,0.32752519845962524
268,1,0.3012668192386627,0.38941946625709534,0.30931371450424194
268,2,0.2931349277496338,0.4089738428592682,0.2978912889957428
269,0,0.32015830278396606,0.3523164987564087,0.32752519845962524
269,1,0.3074159324169159,0.3790872097015381,0.31349682807922363
269,2,0.3001386821269989,0.39730778336524963,0.3025535047054291
270,0,0.32015830278396606,0.3523164987564087,0.32752519845962524
270,1,0.29221677780151367,0.4072687029838562,0.3005145490169525
270,2,0.29292598366737366,0.4127105176448822,0.29436346888542175
271,0,0.32015830278396606,0.3523164987564087,0.32752519845962524
271,1,0.3074159324169159,0.3790872097015381,0.31349682807922363
271,2,0.2858811616897583,0.4231133460998535,0.29100552201271057
272,0,0.32015830278396606,0.3523164987564087,0.32752519845962524
272,1,0.292216956615448,0.40726831555366516,0.3005147874355316
272,2,0.2874685227870941,0.4215439260005951,0.2909875512123108
273,0,0.32015830278396606,0.3523164987564087,0.32752519845962524
273,1,0.2922169268131256,0.40726834535598755,0.30051475763320923
273,2,0.2929261326789856,0.41271016001701355,0.29436370730400085
274,0,0.32015830278396606,0.3523164987564087,0.32752519845962524
274,1,0.3074159324169159,0.3790872097015381,0.31349682807922363
274,2,0.3001386821269989,0.39730778336524963,0.3025535047054291
275,0,0.32015830278396606,0.3523164987564087,0.32752519845962524
275,1,0.2922168970108032,0.4072684347629547,0.30051469802856445
275,2,0.2929261028766632,0.4127102494239807,0.2943636476993561
276,0,0.32015830278396606,0.3523164987564087,0.32752519845962524
276,1,0.3074159324169159,0.3790872097015381,0.31349682807922363
276,2,0.2944149076938629,0.40669021010398865,0.29889488220214844
277,0,0.32015830278396606,0.3523164987564087,0.32752519845962524
277,1,0.3012668192386627,0.38941946625709534,0.30931371450424194
277,2,0.2931349277496338,0.4089738428592682,0.2978912889957428
278,0,0.32015830278396606,0.3523164987564087,0.32752519845962524
278,1,0.3012668192386627,0.38941946625709534,0.30931371450424194
278,2,0.2931349277496338,0.4089738428592682,0.2978912889957428
279,0,0.32015830278396606,0.3523164987564087,0.32752519845962524
279,1,0.3074159324169159,0.3790872097015381,0.31349682807922363
279,2,0.3001386821269989,0.39730778336524963,0.3025535047054291
280,0,0.32015830278396606,0.3523164987564087,0.32752519845962524
280,1,0.29221677780151367,0.4072687029838562,0.3005145490169525
280,2,0.29292598366737366,0.4127105176448822,0.29436346888542175
281,0,0.32015830278396606,0.3523164987564087,0.32752519845962524
281,1,0.3074159324169159,0.3790872097015381,0.31349682807922363
281,2,0.2858811020851135,0.42311352491378784,0.2910054624080658
282,0,0.32015830278396606,0.3523164987564087,0.32752519845962524
282,1,0.292216956615448,0.40726831555366516,0.3005147874355316
282,2,0.28746849298477173,0.4215439260005951,0.2909875512123108
283,0,0.32015830278396606,0.3523164987564087,0.32752519845962524
283,1,0.2922169268131256,0.40726834535598755,0.30051472783088684
283,2,0.2929261326789856,0.41271016001701355,0.29436370730400085
284,0,0.32015830278396606,0.3523164987564087,0.32752519845962524
284,1,0.3074159324169159,0.3790872097015381,0.31349682807922363
284,2,0.3001386821269989,0.39730778336524963,0.3025535047054291
285,0,0.32015830278396606,0.3523164987564087,0.32752519845962524
285,1,0.292216956615448,0.407268226146698,0.3005147874355316
285,2,0.29292619228363037,0.412710040807724,0.29436376690864563
286,0,0.32015830278396606,0.3523164987564087,0.32752519845962524
286,1,0.3074159324169159,0.3790872097015381,0.31349682807922363
286,2,0.2944149076938629,0.40669021010398865,0.29889488220214844
287,0,0.32015830278396606,0.3523164987564087,0.32752519845962524
287,1,0.3012668192386627,0.38941946625709534,0.30931371450424194
287,2,0.2931349277496338,0.4089738428592682,0.2978912889957428
288,0,0.32015830278396606,0.3523164987564087,0.32752519845962524
288,1,0.3012668192386627,0.38941946625709534,0.30931371450424194
288,2,0.2931349277496338,0.4089738428592682,0.2978912889957428
289,0,0.32015830278396606,0.3523164987564087,0.32752519845962524
289,1,0.3074159324169159,0.3790872097015381,0.31349682807922363
289,2,0.3001386821269989,0.39730778336524963,0.3025535047054291
290,0,0.32015830278396606,0.3523164987564087,0.32752519845962524
290,1,0.29221677780151367,0.4072687029838562,0.3005145490169525
290,2,0.29292598366737366,0.4127105176448822,0.29436346888542175
291,0,0.32015830278396606,0.3523164987564087,0.32752519845962524
291,1,0.3074159324169159,0.3790872097015381,0.31349682807922363
291,2,0.2858811616897583,0.4231133460998535,0.29100552201271057
292,0,0.32015830278396606,0.3523164987564087,0.32752519845962524
292,1,0.29221686720848083,0.4072684645652771,0.30051466822624207
292,2,0.28746843338012695,0.4215441942214966,0.29098740220069885
293,0,0.32015830278396606,0.3523164987564087,0.32752519845962524
293,1,0.29221677780151367,0.4072687029838562,0.3005145490169525
293,2,0.29292598366737366,0.4127105176448822,0.29436346888542175
294,0,0.32015830278396606,0.3523164987564087,0.32752519845962524
294,1,0.3074159324169159,0.3790872097015381,0.31349682807922363
294,2,0.3001386821269989,0.39730778336524963,0.3025535047054291
295,0,0.32015830278396606,0.3523164987564087,0.32752519845962524
295,1,0.2922173738479614,0.4072672724723816,0.30051538348197937
295,2,0.29292669892311096,0.41270893812179565,0.29436442255973816
296,0,0.32015830278396606,0.3523164987564087,0.32752519845962524
296,1,0.3074159324169159,0.3790872097015381,0.31349682807922363
296,2,0.2944149076938629,0.40669021010398865,0.29889488220214844
297,0,0.32015830278396606,0.3523164987564087,0.32752519845962524
297,1,0.3012668192386627,0.38941946625709534,0.30931371450424194
297,2,0.2931349277496338,0.4089738428592682,0.2978912889957428
298,0,0.32015830278396606,0.3523164987564087,0.32752519845962524
298,1,0.3012668192386627,0.38941946625709534,0.30931371450424194
298,2,0.2931349277496338,0.4089738428592682,0.2978912889957428
299,0,0.32015830278396606,0.3523164987564087,0.32752519845962524
299,1,0.3074159324169159,0.3790872097015381,0.31349682807922363
299,2,0.3001386821269989,0.39730778336524963,0.3025535047054291
300,0,0.32015830278396606,0.3523164987564087,0.32752519845962524
300,1,0.29221677780151367,0.4072687029838562,0.3005145490169525
300,2,0.29292598366737366,0.4127105176448822,0.29436346888542175
301,0,0.32015830278396606,0.3523164987564087,0.32752519845962524
301,1,0.3074159324169159,0.3790872097015381,0.31349682807922363
301,2,0.2858811616897583,0.4231133460998535,0.29100552201271057
302,0,0.32015830278396606,0.3523164987564087,0.32752519845962524
302,1,0.292216956615448,0.40726831555366516,0.3005147874355316
302,2,0.2874685227870941,0.4215439260005951,0.2909875512123108
303,0,0.32015830278396606,0.3523164987564087,0.32752519845962524
303,1,0.2922169268131256,0.40726834535598755,0.30051475763320923
303,2,0.2929261326789856,0.41271016001701355,0.29436370730400085
304,0,0.32015830278396606,0.3523164987564087,0.32752519845962524
304,1,0.3074159324169159,0.3790872097015381,0.31349682807922363
304,2,0.3001386821269989,0.39730778336524963,0.3025535047054291
305,0,0.32015830278396606,0.3523164987564087,0.32752519845962524
305,1,0.2922168970108032,0.4072684347629547,0.30051469802856445
305,2,0.2929261028766632,0.4127102494239807,0.2943636476993561
306,0,0.32015830278396606,0.3523164987564087,0.32752519845962524
306,1,0.3074159324169159,0.3790872097015381,0.31349682807922363
306,2,0.2944149076938629,0.40669021010398865,0.29889488220214844
307,0,0.32015830278396606,0.3523164987564087,0.32752519845962524
307,1,0.3012668192386627,0.38941946625709534,0.30931371450424194
307,2,0.2931349277496338,0.4089738428592682,0.2978912889957428
308,0,0.32015830278396606,0.3523164987564087,0.32752519845962524
308,1,0.3012668192386627,0.38941946625709534,0.30931371450424194
308,2,0.2931349277496338,0.4089738428592682,0.2978912889957428
309,0,0.32015830278396606,0.3523164987564087,0.32752519845962524
309,1,0.3074159324169159,0.3790872097015381,0.31349682807922363
309,2,0.3001386821269989,0.39730778336524963,0.3025535047054291
310,0,0.32015830278396606,0.3523164987564087,0.32752519845962524
310,1,0.29221677780151367,0.4072687029838562,0.3005145490169525
310,2,0.29292598366737366,0.4127105176448822,0.29436346888542175
311,0,0.32015830278396606,0.3523164987564087,0.32752519845962524
311,1,0.3074159324169159,0.3790872097015381,0.31349682807922363
311,2,0.2858811020851135,0.42311352491378784,0.2910054624080658
312,0,0.32015830278396606,0.3523164987564087,0.32752519845962524
312,1,0.292216956615448,0.40726831555366516,0.3005147874355316
312,2,0.28746849298477173,0.4215439260005951,0.2909875512123108
313,0,0.32015830278396606,0.3523164987564087,0.32752519845962524
313,1,0.2922169268131256,0.40726834535598755,0.30051472783088684
313,2,0.2929261326789856,0.41271016001701355,0.29436370730400085
314,0,0.32015830278396606,0.3523164987564087,0.32752519845962524
314,1,0.3074159324169159,0.3790872097015381,0.31349682807922363
314,2,0.3001386821269989,0.39730778336524963,0.3025535047054291
315,0,0.32015830278396606,0.3523164987564087,0.32752519845962524
315,1,0.292216956615448,0.407268226146698,0.3005147874355316
315,2,0.29292619228363037,0.412710040807724,0.29436376690864563
316,0,0.32015830278396606,0.3523164987564087,0.32752519845962524
316,1,0.3074159324169159,0.3790872097015381,0.31349682807922363
316,2,0.2944149076938629,0.40669021010398865,0.29889488220214844
317,0,0.32015830278396606,0.3523164987564087,0.32752519845962524
317,1,0.3012668192386627,0.38941946625709534,0.30931371450424194
317,2,0.2931349277496338,0.4089738428592682,0.2978912889957428
318,0,0.32015830278396606,0.3523164987564087,0.32752519845962524
318,1,0.3012668192386627,0.38941946625709534,0.30931371450424194
318,2,0.2931349277496338,0.4089738428592682,0.2978912889957428
319,0,0.32015830278396606,0.3523164987564087,0.32752519845962524
319,1,0.3074159324169159,0.3790872097015381,0.31349682807922363
319,2,0.3001386821269989,0.39730778336524963,0.3025535047054291
320,0,0.32015830278396606,0.3523164987564087,0.32752519845962524
320,1,0.29221677780151367,0.4072687029838562,0.3005145490169525
320,2,0.29292598366737366,0.4127105176448822,0.29436346888542175
321,0,0.32015830278396606,0.3523164987564087,0.32752519845962524
321,1,0.3074159324169159,0.3790872097015381,0.31349682807922363
321,2,0.2858811616897583,0.4231133460998535,0.29100552201271057
322,0,0.32015830278396606,0.3523164987564087,0.32752519845962524
322,1,0.29221686720848083,0.4072684645652771,0.30051466822624207
322,2,0.28746843338012695,0.4215441942214966,0.29098740220069885
323,0,0.32015830278396606,0.3523164987564087,0.32752519845962524
323,1,0.29221677780151367,0.4072687029838562,0.3005145490169525
323,2,0.29292598366737366,0.4127105176448822,0.29436346888542175
324,0,0.32015830278396606,0.3523164987564087,0.32752519845962524
324,1,0.3074159324169159,0.3790872097015381,0.31349682807922363
324,2,0.3001386821269989,0.39730778336524963,0.3025535047054291
325,0,0.32015830278396606,0.3523164987564087,0.32752519845962524
325,1,0.2922173738479614,0.4072672724723816,0.30051538348197937
325,2,0.29292669892311096,0.41270893812179565,0.29436442255973816
326,0,0.32015830278396606,0.3523164987564087,0.32752519845962524
326,1,0.3074159324169159,0.3790872097015381,0.31349682807922363
326,2,0.2944149076938629,0.40669021010398865,0.29889488220214844
327,0,0.32015830278396606,0.3523164987564087,0.32752519845962524
327,1,0.3012668192386627,0.38941946625709534,0.30931371450424194
327,2,0.2931349277496338,0.4089738428592682,0.2978912889957428
328,0,0.32015830278396606,0.3523164987564087,0.32752519845962524
328,1,0.3012668192386627,0.38941946625709534,0.30931371450424194
328,2,0.2931349277496338,0.4089738428592682,0.2978912889957428
329,0,0.32015830278396606,0.3523164987564087,0.32752519845962524
329,1,0.3074159324169159,0.3790872097015381,0.31349682807922363
329,2,0.3001386821269989,0.39730778336524963,0.3025535047054291
330,0,0.32015830278396606,0.3523164987564087,0.32752519845962524
330,1,0.29221677780151367,0.4072687029838562,0.3005145490169525
330,2,0.29292598366737366,0.4127105176448822,0.29436346888542175
331,0,0.32015830278396606,0.3523164987564087,0.32752519845962524
331,1,0.3074159324169159,0.3790872097015381,0.31349682807922363
331,2,0.2858811616897583,0.4231133460998535,0.29100552201271057
332,0,0.32015830278396606,0.3523164987564087,0.32752519845962524
332,1,0.292216956615448,0.40726831555366516,0.3005147874355316
332,2,0.2874685227870941,0.4215439260005951,0.2909875512123108
333,0,0.32015830278396606,0.3523164987564087,0.32752519845962524
333,1,0.2922169268131256,0.40726834535598755,0.30051475763320923
333,2,0.2929261326789856,0.41271016001701355,0.29436370730400085
334,0,0.32015830278396606,0.3523164987564087,0.32752519845962524
334,1,0.3074159324169159,0.3790872097015381,0.31349682807922363
334,2,0.3001386821269989,0.39730778336524963,0.3025535047054291
335,0,0.32015830278396606,0.3523164987564087,0.32752519845962524
335,1,0.2922168970108032,0.4072684347629547,0.30051469802856445
335,2,0.2929261028766632,0.4127102494239807,0.2943636476993561
336,0,0.32015830278396606,0.3523164987564087,0.32752519845962524
336,1,0.3074159324169159,0.3790872097015381,0.31349682807922363
336,2,0.2944149076938629,0.40669021010398865,0.29889488220214844
337,0,0.32015830278396606,0.3523164987564087,0.32752519845962524
337,1,0.3012668192386627,0.38941946625709534,0.30931371450424194
337,2,0.2931349277496338,0.4089738428592682,0.2978912889957428
338,0,0.32015830278396606,0.3523164987564087,0.32752519845962524
338,1,0.3012668192386627,0.38941946625709534,0.30931371450424194
338,2,0.2931349277496338,0.4089738428592682,0.2978912889957428
339,0,0.32015830278396606,0.3523164987564087,0.32752519845962524
339,1,0.3074159324169159,0.3790872097015381,0.31349682807922363
339,2,0.3001386821269989,0.39730778336524963,0.3025535047054291
340,0,0.32015830278396606,0.3523164987564087,0.32752519845962524
340,1,0.29221677780151367,0.4072687029838562,0.3005145490169525
340,2,0.29292598366737366,0.4127105176448822,0.29436346888542175
341,0,0.32015830278396606,0.3523164987564087,0.32752519845962524
341,1,0.26432162523269653,0.46372848749160767,0.2719498872756958
341,2,0.20874646306037903,0.5767278075218201,0.2145257294178009
342,0,0.30306902527809143,0.38374245166778564,0.31318849325180054
342,1,0.22532805800437927,0.5402923226356506,0.2343795895576477
342,2,0.20935951173305511,0.5770257115364075,0.21361473202705383
343,0,0.30306902527809143,0.38374245166778564,0.31318849325180054
343,1,0.22532698512077332,0.5402947068214417,0.23437830805778503
343,2,0.20935845375061035,0.5770280957221985,0.21361352503299713
344,0,0.30306902527809143,0.38374245166778564,0.31318849325180054
344,1,0.2631482183933258,0.4660823941230774,0.2707693874835968
344,2,0.22667217254638672,0.5411250591278076,0.23220285773277283
345,0,0.30306902527809143,0.38374245166778564,0.31318849325180054
345,1,0.22532837092876434,0.5402917265892029,0.23437994718551636
345,2,0.21958418190479279,0.5584169626235962,0.22199885547161102
346,0,0.30306902527809143,0.38374245166778564,0.31318849325180054
346,1,0.2631482183933258,0.4660823941230774,0.2707693874835968
346,2,0.22667217254638672,0.5411250591278076,0.23220285773277283
347,0,0.30306902527809143,0.38374245166778564,0.31318849325180054
347,1,0.2478984147310257,0.49468475580215454,0.2574167847633362
347,2,0.22337307035923004,0.5475501418113708,0.22907689213752747
348,0,0.30306902527809143,0.38374245166778564,0.31318849325180054
348,1,0.2478984147310257,0.49468475580215454,0.2574167847633362
348,2,0.22337307035923004,0.5475501418113708,0.22907689213752747
349,0,0.30306902527809143,0.38374245166778564,0.31318849325180054
349,1,0.2631482183933258,0.4660823941230774,0.2707693874835968
349,2,0.2391761690378189,0.5180793404579163,0.2427445501089096
350,0,0.30306902527809143,0.38374245166778564,0.31318849325180054
350,1,0.22532698512077332,0.5402947068214417,0.23437830805778503
350,2,0.21958264708518982,0.5584202408790588,0.22199711203575134
351,0,0.30306902527809143,0.38374245166778564,0.31318849325180054
351,1,0.2631482183933258,0.4660823941230774,0.2707693874835968
351,2,0.20828568935394287,0.5776509046554565,0.21406340599060059
352,0,0.30306902527809143,0.38374245166778564,0.31318849325180054
352,1,0.22532698512077332,0.5402947068214417,0.23437830805778503
352,2,0.20935845375061035,0.5770280957221985,0.21361352503299713
353,0,0.30306902527809143,0.38374245166778564,0.31318849325180054
353,1,0.2253272533416748,0.5402940511703491,0.2343786507844925
353,2,0.20935875177383423,0.577027440071106,0.213613823056221
354,0,0.30306902527809143,0.38374245166778564,0.31318849325180054
354,1,0.2631482183933258,0.4660823941230774,0.2707693874835968
354,2,0.22667217254638672,0.5411250591278076,0.23220285773277283
355,0,0.30306902527809143,0.38374245166778564,0.31318849325180054
355,1,0.2253289818763733,0.5402902364730835,0.23438069224357605
355,2,0.2195848822593689,0.558415412902832,0.22199967503547668
356,0,0.30306902527809143,0.38374245166778564,0.31318849325180054
356,1,0.2631482183933258,0.4660823941230774,0.2707693874835968
356,2,0.22667217254638672,0.5411250591278076,0.23220285773277283
357,0,0.30306902527809143,0.38374245166778564,0.31318849325180054
357,1,0.2478984147310257,0.49468475580215454,0.2574167847633362
357,2,0.22337307035923004,0.5475501418113708,0.22907689213752747
358,0,0.30306902527809143,0.38374245166778564,0.31318849325180054
358,1,0.2478984147310257,0.49468475580215454,0.2574167847633362
358,2,0.22337307035923004,0.5475501418113708,0.22907689213752747
359,0,0.30306902527809143,0.38374245166778564,0.31318849325180054
359,1,0.2631482183933258,0.4660823941230774,0.2707693874835968
359,2,0.2391761690378189,0.5180793404579163,0.2427445501089096
360,0,0.30306902527809143,0.38374245166778564,0.31318849325180054
360,1,0.22532698512077332,0.5402947068214417,0.23437830805778503
360,2,0.21958264708518982,0.5584202408790588,0.22199711203575134
361,0,0.30306902527809143,0.38374245166778564,0.31318849325180054
361,1,0.2631482183933258,0.4660823941230774,0.2707693874835968
361,2,0.20828548073768616,0.5776512622833252,0.21406319737434387
362,0,0.30306902527809143,0.38374245166778564,0.31318849325180054
362,1,0.22532698512077332,0.5402947068214417,0.23437830805778503
362,2,0.20935845375061035,0.5770280957221985,0.21361352503299713
363,0,0.30306902527809143,0.38374245166778564,0.31318849325180054
363,1,0.22532735764980316,0.5402939319610596,0.23437875509262085
363,2,0.20935876667499542,0.5770272612571716,0.21361389756202698
364,0,0.30306902527809143,0.38374245166778564,0.31318849325180054
364,1,0.2631482183933258,0.4660823941230774,0.2707693874835968
364,2,0.22667217254638672,0.5411250591278076,0.23220285773277283
365,0,0.30306902527809143,0.38374245166778564,0.31318849325180054
365,1,0.22532698512077332,0.5402947068214417,0.23437830805778503
365,2,0.21958264708518982,0.5584202408790588,0.22199711203575134
366,0,0.30306902527809143,0.38374245166778564,0.31318849325180054
366,1,0.2631482183933258,0.4660823941230774,0.2707693874835968
366,2,0.22667217254638672,0.5411250591278076,0.23220285773277283
367,0,0.30306902527809143,0.38374245166778564,0.31318849325180054
367,1,0.2478984147310257,0.49468475580215454,0.2574167847633362
367,2,0.22337307035923004,0.5475501418113708,0.22907689213752747
368,0,0.30306902527809143,0.38374245166778564,0.31318849325180054
368,1,0.2478984147310257,0.49468475580215454,0.2574167847633362
368,2,0.22337307035923004,0.5475501418113708,0.22907689213752747
369,0,0.30306902527809143,0.38374245166778564,0.31318849325180054
369,1,0.2631482183933258,0.4660823941230774,0.2707693874835968
369,2,0.2391761690378189,0.5180793404579163,0.2427445501089096
370,0,0.30306902527809143,0.38374245166778564,0.31318849325180054
370,1,0.22532698512077332,0.5402947068214417,0.23437830805778503
370,2,0.21958264708518982,0.5584202408790588,0.22199711203575134
371,0,0.30306902527809143,0.38374245166778564,0.31318849325180054
371,1,0.2631482183933258,0.4660823941230774,0.2707693874835968
371,2,0.20828548073768616,0.57765132188797,0.21406318247318268
372,0,0.30306902527809143,0.38374245166778564,0.31318849325180054
372,1,0.22532698512077332,0.5402947068214417,0.23437830805778503
372,2,0.20935845375061035,0.5770280957221985,0.21361352503299713
373,0,0.30306902527809143,0.38374245166778564,0.31318849325180054
373,1,0.22532741725444794,0.54029381275177,0.23437879979610443
373,2,0.20935885608196259,0.5770271420478821,0.21361398696899414
374,0,0.30306902527809143,0.38374245166778564,0.31318849325180054
374,1,0.2631482183933258,0.4660823941230774,0.2707693874835968
374,2,0.22667217254638672,0.5411250591278076,0.23220285773277283
375,0,0.30306902527809143,0.38374245166778564,0.31318849325180054
375,1,0.2253318876028061,0.5402839183807373,0.23438414931297302
375,2,0.21958811581134796,0.5584084987640381,0.22200334072113037
376,0,0.30306902527809143,0.38374245166778564,0.31318849325180054
376,1,0.2631482183933258,0.4660823941230774,0.2707693874835968
376,2,0.22667217254638672,0.5411250591278076,0.23220285773277283
377,0,0.30306902527809143,0.38374245166778564,0.31318849325180054
377,1,0.2478984147310257,0.49468475580215454,0.2574167847633362
377,2,0.22337307035923004,0.5475501418113708,0.22907689213752747
378,0,0.30306902527809143,0.38374245166778564,0.31318849325180054
378,1,0.2478984147310257,0.49468475580215454,0.2574167847633362
378,2,0.22337307035923004,0.5475501418113708,0.22907689213752747
379,0,0.30306902527809143,0.38374245166778564,0.31318849325180054
379,1,0.2631482183933258,0.4660823941230774,0.2707693874835968
379,2,0.2391761690378189,0.5180793404579163,0.2427445501089096
380,0,0.30306902527809143,0.38374245166778564,0.31318849325180054
380,1,0.22532698512077332,0.5402947068214417,0.23437830805778503
380,2,0.21958264708518982,0.5584202408790588,0.22199711203575134
381,0,0.30306902527809143,0.38374245166778564,0.31318849325180054
381,1,0.2631482183933258,0.4660823941230774,0.2707693874835968
381,2,0.20828548073768616,0.57765132188797,0.21406318247318268
382,0,0.30306902527809143,0.38374245166778564,0.31318849325180054
382,1,0.22532698512077332,0.5402947068214417,0.23437830805778503
382,2,0.20935845375061035,0.5770280957221985,0.21361352503299713
383,0,0.30306902527809143,0.38374245166778564,0.31318849325180054
383,1,0.22532741725444794,0.54029381275177,0.23437879979610443
383,2,0.20935885608196259,0.5770271420478821,0.21361398696899414
384,0,0.30306902527809143,0.38374245166778564,0.31318849325180054
384,1,0.2631482183933258,0.4660823941230774,0.2707693874835968
384,2,0.22667217254638672,0.5411250591278076,0.23220285773277283
385,0,0.30306902527809143,0.38374245166778564,0.31318849325180054
385,1,0.2253318876028061,0.5402839183807373,0.23438414931297302
385,2,0.21958811581134796,0.5584084987640381,0.22200334072113037
386,0,0.30306902527809143,0.38374245166778564,0.31318849325180054
386,1,0.2631482183933258,0.4660823941230774,0.2707693874835968
386,2,0.22667217254638672,0.5411250591278076,0.23220285773277283
387,0,0.30306902527809143,0.38374245166778564,0.31318849325180054
387,1,0.2478984147310257,0.49468475580215454,0.2574167847633362
387,2,0.22337307035923004,0.5475501418113708,0.22907689213752747
388,0,0.30306902527809143,0.38374245166778564,0.31318849325180054
388,1,0.2478984147310257,0.49468475580215454,0.2574167847633362
388,2,0.22337307035923004,0.5475501418113708,0.22907689213752747
389,0,0.30306902527809143,0.38374245166778564,0.31318849325180054
389,1,0.2631482183933258,0.4660823941230774,0.2707693874835968
389,2,0.2391761690378189,0.5180793404579163,0.2427445501089096
390,0,0.30306902527809143,0.38374245166778564,0.31318849325180054
390,1,0.22532698512077332,0.5402947068214417,0.23437830805778503
390,2,0.21958264708518982,0.5584202408790588,0.22199711203575134
391,0,0.30306902527809143,0.38374245166778564,0.31318849325180054
391,1,0.2631482183933258,0.4660823941230774,0.2707693874835968
391,2,0.20828548073768616,0.57765132188797,0.21406318247318268
392,0,0.30306902527809143,0.38374245166778564,0.31318849325180054
392,1,0.22532698512077332,0.5402947068214417,0.23437830805778503
392,2,0.20935845375061035,0.5770280957221985,0.21361352503299713
393,0,0.30306902527809143,0.38374245166778564,0.31318849325180054
393,1,0.22532741725444794,0.54029381275177,0.23437879979610443
393,2,0.20935885608196259,0.5770271420478821,0.21361398696899414
394,0,0.30306902527809143,0.38374245166778564,0.31318849325180054
394,1,0.2631482183933258,0.4660823941230774,0.2707693874835968
394,2,0.22667217254638672,0.5411250591278076,0.23220285773277283
395,0,0.30306902527809143,0.38374245166778564,0.31318849325180054
395,1,0.2253318876028061,0.5402839183807373,0.23438414931297302
395,2,0.21958811581134796,0.5584084987640381,0.22200334072113037
396,0,0.30306902527809143,0.38374245166778564,0.31318849325180054
396,1,0.2631482183933258,0.4660823941230774,0.2707693874835968
396,2,0.22667217254638672,0.5411250591278076,0.23220285773277283
397,0,0.30306902527809143,0.38374245166778564,0.31318849325180054
397,1,0.2478984147310257,0.49468475580215454,0.2574167847633362
397,2,0.22337307035923004,0.5475501418113708,0.22907689213752747
398,0,0.30306902527809143,0.38374245166778564,0.31318849325180054
398,1,0.2478984147310257,0.49468475580215454,0.2574167847633362
398,2,0.22337307035923004,0.5475501418113708,0.22907689213752747
399,0,0.30306902527809143,0.38374245166778564,0.31318849325180054
399,1,0.2631482183933258,0.4660823941230774,0.2707693874835968
399,2,0.2391761690378189,0.5180793404579163,0.2427445501089096
400,0,0.30306902527809143,0.38374245166778564,0.31318849325180054
400,1,0.22532698512077332,0.5402947068214417,0.23437830805778503
400,2,0.21958264708518982,0.5584202408790588,0.22199711203575134
401,0,0.30306902527809143,0.38374245166778564,0.31318849325180054
401,1,0.2631482183933258,0.4660823941230774,0.2707693874835968
401,2,0.20828548073768616,0.57765132188797,0.21406318247318268
402,0,0.30306902527809143,0.38374245166778564,0.31318849325180054
402,1,0.22532698512077332,0.5402947068214417,0.23437830805778503
402,2,0.20935845375061035,0.5770280957221985,0.21361352503299713
403,0,0.30306902527809143,0.38374245166778564,0.31318849325180054
403,1,0.22532741725444794,0.54029381275177,0.23437879979610443
403,2,0.20935885608196259,0.5770271420478821,0.21361398696899414
404,0,0.30306902527809143,0.38374245166778564,0.31318849325180054
404,1,0.2631482183933258,0.4660823941230774,0.2707693874835968
404,2,0.22667217254638672,0.5411250591278076,0.23220285773277283
405,0,0.30306902527809143,0.38374245166778564,0.31318849325180054
405,1,0.2253318876028061,0.5402839183807373,0.23438414931297302
405,2,0.21958811581134796,0.5584084987640381,0.22200334072113037
406,0,0.30306902527809143,0.38374245166778564,0.31318849325180054
406,1,0.2631482183933258,0.4660823941230774,0.2707693874835968
406,2,0.22667217254638672,0.5411250591278076,0.23220285773277283
407,0,0.30306902527809143,0.38374245166778564,0.31318849325180054
407,1,0.2478984147310257,0.49468475580215454,0.2574167847633362
407,2,0.22337307035923004,0.5475501418113708,0.22907689213752747
408,0,0.30306902527809143,0.38374245166778564,0.31318849325180054
408,1,0.2478984147310257,0.49468475580215454,0.2574167847633362
408,2,0.22337307035923004,0.5475501418113708,0.22907689213752747
409,0,0.30306902527809143,0.38374245166778564,0.31318849325180054
409,1,0.2631482183933258,0.4660823941230774,0.2707693874835968
409,2,0.2391761690378189,0.5180793404579163,0.2427445501089096
410,0,0.30306902527809143,0.38374245166778564,0.31318849325180054
410,1,0.22532698512077332,0.5402947068214417,0.23437830805778503
410,2,0.21958264708518982,0.5584202408790588,0.22199711203575134
411,0,0.30306902527809143,0.38374245166778564,0.31318849325180054
411,1,0.2631482183933258,0.4660823941230774,0.2707693874835968
411,2,0.20828548073768616,0.57765132188797,0.21406318247318268
412,0,0.30306902527809143,0.38374245166778564,0.31318849325180054
412,1,0.22532698512077332,0.5402947068214417,0.23437830805778503
412,2,0.20935845375061035,0.5770280957221985,0.21361352503299713
413,0,0.30306902527809143,0.38374245166778564,0.31318849325180054
413,1,0.22532741725444794,0.54029381275177,0.23437879979610443
413,2,0.20935885608196259,0.5770271420478821,0.21361398696899414
414,0,0.30306902527809143,0.38374245166778564,0.31318849325180054
414,1,0.2631482183933258,0.4660823941230774,0.2707693874835968
414,2,0.22667217254638672,0.5411250591278076,0.23220285773277283
415,0,0.30306902527809143,0.38374245166778564,0.31318849325180054
415,1,0.2253318876028061,0.5402839183807373,0.23438414931297302
415,2,0.21958811581134796,0.5584084987640381,0.22200334072113037
416,0,0.30306902527809143,0.38374245166778564,0.31318849325180054
416,1,0.2631482183933258,0.4660823941230774,0.2707693874835968
416,2,0.22667217254638672,0.5411250591278076,0.23220285773277283
417,0,0.30306902527809143,0.38374245166778564,0.31318849325180054
417,1,0.2478984147310257,0.49468475580215454,0.2574167847633362
417,2,0.22337307035923004,0.5475501418113708,0.22907689213752747
418,0,0.30306902527809143,0.38374245166778564,0.31318849325180054
418,1,0.2478984147310257,0.49468475580215454,0.2574167847633362
418,2,0.22337307035923004,0.5475501418113708,0.22907689213752747
419,0,0.30306902527809143,0.38374245166778564,0.31318849325180054
419,1,0.2631482183933258,0.4660823941230774,0.2707693874835968
419,2,0.2391761690378189,0.5180793404579163,0.2427445501089096
420,0,0.30306902527809143,0.38374245166778564,0.31318849325180054
420,1,0.22532698512077332,0.5402947068214417,0.23437830805778503
420,2,0.21958264708518982,0.5584202408790588,0.22199711203575134
421,0,0.30306902527809143,0.38374245166778564,0.31318849325180054
421,1,0.2631482183933258,0.4660823941230774,0.2707693874835968
421,2,0.20828548073768616,0.57765132188797,0.21406318247318268
422,0,0.30306902527809143,0.38374245166778564,0.31318849325180054
422,1,0.22532698512077332,0.5402947068214417,0.23437830805778503
422,2,0.20935845375061035,0.5770280957221985,0.21361352503299713
423,0,0.30306902527809143,0.38374245166778564,0.31318849325180054
423,1,0.22532741725444794,0.54029381275177,0.23437879979610443
423,2,0.20935885608196259,0.5770271420478821,0.21361398696899414
424,0,0.30306902527809143,0.38374245166778564,0.31318849325180054
424,1,0.2631482183933258,0.4660823941230774,0.2707693874835968
424,2,0.22667217254638672,0.5411250591278076,0.23220285773277283
425,0,0.30306902527809143,0.38374245166778564,0.31318849325180054
425,1,0.2253318876028061,0.5402839183807373,0.23438414931297302
425,2,0.21958811581134796,0.5584084987640381,0.22200334072113037
426,0,0.30306902527809143,0.38374245166778564,0.31318849325180054
426,1,0.2631482183933258,0.4660823941230774,0.2707693874835968
426,2,0.13504184782505035,0.6824328303337097,0.18252526223659515
427,0,0.27409201860427856,0.4158165454864502,0.31009140610694885
427,1,0.16344033181667328,0.6218385100364685,0.21472111344337463
427,2,0.12868092954158783,0.6952832937240601,0.1760357767343521
428,0,0.27409201860427856,0.4158165454864502,0.31009140610694885
428,1,0.16344033181667328,0.6218385100364685,0.21472111344337463
428,2,0.12868092954158783,0.6952832937240601,0.1760357767343521
429,0,0.27409201860427856,0.4158165454864502,0.31009140610694885
429,1,0.1886153519153595,0.5740519762039185,0.23733268678188324
429,2,0.14842522144317627,0.6567431688308716,0.19483160972595215
430,0,0.27409201860427856,0.4158165454864502,0.31009140610694885
430,1,0.13194860517978668,0.6862847805023193,0.18176662921905518
430,2,0.11338390409946442,0.7282055616378784,0.1584104299545288
431,0,0.27409201860427856,0.4158165454864502,0.31009140610694885
431,1,0.1886153519153595,0.5740519762039185,0.23733268678188324
431,2,0.11288165301084518,0.7282125949859619,0.1589057743549347
432,0,0.27409201860427856,0.4158165454864502,0.31009140610694885
432,1,0.13194890320301056,0.686284065246582,0.18176698684692383
432,2,0.11338412016630173,0.728205144405365,0.1584107130765915
433,0,0.27409201860427856,0.4158165454864502,0.31009140610694885
433,1,0.13194899260997772,0.6862838864326477,0.18176710605621338
433,2,0.11338422447443008,0.7282049655914307,0.15841080248355865
434,0,0.27409201860427856,0.4158165454864502,0.31009140610694885
434,1,0.16344033181667328,0.6218385100364685,0.21472111344337463
434,2,0.12868092954158783,0.6952832937240601,0.1760357767343521
435,0,0.27409201860427856,0.4158165454864502,0.31009140610694885
435,1,0.13194939494132996,0.6862830519676208,0.18176758289337158
435,2,0.11338455975055695,0.7282041907310486,0.1584112048149109
436,0,0.27409201860427856,0.4158165454864502,0.31009140610694885
436,1,0.1886153519153595,0.5740519762039185,0.23733268678188324
436,2,0.13266170024871826,0.6872389316558838,0.18009933829307556
437,0,0.27409201860427856,0.4158165454864502,0.31009140610694885
437,1,0.16344033181667328,0.6218385100364685,0.21472111344337463
437,2,0.12868092954158783,0.6952832937240601,0.1760357767343521
438,0,0.27409201860427856,0.4158165454864502,0.31009140610694885
438,1,0.16344033181667328,0.6218385100364685,0.21472111344337463
438,2,0.12868092954158783,0.6952832937240601,0.1760357767343521
439,0,0.27409201860427856,0.4158165454864502,0.31009140610694885
439,1,0.1886153519153595,0.5740519762039185,0.23733268678188324
439,2,0.14842522144317627,0.6567431688308716,0.19483160972595215
440,0,0.27409201860427856,0.4158165454864502,0.31009140610694885
440,1,0.13194860517978668,0.6862847805023193,0.18176662921905518
440,2,0.11338390409946442,0.7282055616378784,0.1584104299545288
441,0,0.27409201860427856,0.4158165454864502,0.31009140610694885
441,1,0.1886153519153595,0.5740519762039185,0.23733268678188324
441,2,0.11288152635097504,0.7282129526138306,0.15890558063983917
442,0,0.27409201860427856,0.4158165454864502,0.31009140610694885
442,1,0.13194860517978668,0.6862847805023193,0.18176662921905518
442,2,0.11338390409946442,0.7282055616378784,0.1584104299545288
443,0,0.27409201860427856,0.4158165454864502,0.31009140610694885
443,1,0.1319495141506195,0.686282753944397,0.18176770210266113
443,2,0.11338461935520172,0.728204071521759,0.15841129422187805
444,0,0.27409201860427856,0.4158165454864502,0.31009140610694885
444,1,0.16344033181667328,0.6218385100364685,0.21472111344337463
444,2,0.12868092954158783,0.6952832937240601,0.1760357767343521
445,0,0.27409201860427856,0.4158165454864502,0.31009140610694885
445,1,0.13195011019706726,0.6862815022468567,0.18176841735839844
445,2,0.11338511109352112,0.7282029986381531,0.158411905169487
446,0,0.27409201860427856,0.4158165454864502,0.31009140610694885
446,1,0.1886153519153595,0.5740519762039185,0.23733268678188324
446,2,0.13266170024871826,0.6872389316558838,0.18009933829307556
447,0,0.27409201860427856,0.4158165454864502,0.31009140610694885
447,1,0.16344033181667328,0.6218385100364685,0.21472111344337463
447,2,0.12868092954158783,0.6952832937240601,0.1760357767343521
448,0,0.27409201860427856,0.4158165454864502,0.31009140610694885
448,1,0.16344033181667328,0.6218385100364685,0.21472111344337463
448,2,0.12868092954158783,0.6952832937240601,0.1760357767343521
449,0,0.27409201860427856,0.4158165454864502,0.31009140610694885
449,1,0.1886153519153595,0.5740519762039185,0.23733268678188324
449,2,0.14842522144317627,0.6567431688308716,0.19483160972595215
450,0,0.27409201860427856,0.4158165454864502,0.31009140610694885
450,1,0.13194860517978668,0.6862847805023193,0.18176662921905518
450,2,0.11338390409946442,0.7282055616378784,0.1584104299545288
451,0,0.27409201860427856,0.4158165454864502,0.31009140610694885
451,1,0.1886153519153595,0.5740519762039185,0.23733268678188324
451,2,0.11288152635097504,0.7282129526138306,0.15890558063983917
452,0,0.27409201860427856,0.4158165454864502,0.31009140610694885
452,1,0.13194890320301056,0.686284065246582,0.18176698684692383
452,2,0.11338412016630173,0.728205144405365,0.1584107130765915
453,0,0.27409201860427856,0.4158165454864502,0.31009140610694885
453,1,0.13195006549358368,0.6862816214561462,0.18176837265491486
453,2,0.11338506639003754,0.7282030582427979,0.15841184556484222
454,0,0.27409201860427856,0.4158165454864502,0.31009140610694885
454,1,0.16344033181667328,0.6218385100364685,0.21472111344337463
454,2,0.12868092954158783,0.6952832937240601,0.1760357767343521
455,0,0.27409201860427856,0.4158165454864502,0.31009140610694885
455,1,0.1319497525691986,0.6862822771072388,0.18176798522472382
455,2,0.11338484287261963,0.7282036542892456,0.15841154754161835
456,0,0.27409201860427856,0.4158165454864502,0.31009140610694885
456,1,0.1886153519153595,0.5740519762039185,0.23733268678188324
456,2,0.13266170024871826,0.6872389316558838,0.18009933829307556
457,0,0.27409201860427856,0.4158165454864502,0.31009140610694885
457,1,0.16344033181667328,0.6218385100364685,0.21472111344337463
457,2,0.12868092954158783,0.6952832937240601,0.1760357767343521
458,0,0.27409201860427856,0.4158165454864502,0.31009140610694885
458,1,0.16344033181667328,0.6218385100364685,0.21472111344337463
458,2,0.12868092954158783,0.6952832937240601,0.1760357767343521
459,0,0.27409201860427856,0.4158165454864502,0.31009140610694885
459,1,0.1886153519153595,0.5740519762039185,0.23733268678188324
459,2,0.14842522144317627,0.6567431688308716,0.19483160972595215
460,0,0.27409201860427856,0.4158165454864502,0.31009140610694885
460,1,0.13194860517978668,0.6862847805023193,0.18176662921905518
460,2,0.11338390409946442,0.7282055616378784,0.1584104299545288
461,0,0.27409201860427856,0.4158165454864502,0.31009140610694885
461,1,0.1886153519153595,0.5740519762039185,0.23733268678188324
461,2,0.11288152635097504,0.7282129526138306,0.15890558063983917
462,0,0.27409201860427856,0.4158165454864502,0.31009140610694885
462,1,0.13194860517978668,0.6862847805023193,0.18176662921905518
462,2,0.11338390409946442,0.7282055616378784,0.1584104299545288
463,0,0.27409201860427856,0.4158165454864502,0.31009140610694885
463,1,0.1319495141506195,0.686282753944397,0.18176770210266113
463,2,0.11338461935520172,0.728204071521759,0.15841129422187805
464,0,0.27409201860427856,0.4158165454864502,0.31009140610694885
464,1,0.16344033181667328,0.6218385100364685,0.21472111344337463
464,2,0.12868092954158783,0.6952832937240601,0.1760357767343521
465,0,0.27409201860427856,0.4158165454864502,0.31009140610694885
465,1,0.13195011019706726,0.6862815022468567,0.18176841735839844
465,2,0.11338511109352112,0.7282029986381531,0.158411905169487
466,0,0.27409201860427856,0.4158165454864502,0.31009140610694885
466,1,0.1886153519153595,0.5740519762039185,0.23733268678188324
466,2,0.13266170024871826,0.6872389316558838,0.18009933829307556
467,0,0.27409201860427856,0.4158165454864502,0.31009140610694885
467,1,0.16344033181667328,0.6218385100364685,0.21472111344337463
467,2,0.12868092954158783,0.6952832937240601,0.1760357767343521
468,0,0.27409201860427856,0.4158165454864502,0.31009140610694885
468,1,0.16344033181667328,0.6218385100364685,0.21472111344337463
468,2,0.12868092954158783,0.6952832937240601,0.1760357767343521
469,0,0.27409201860427856,0.4158165454864502,0.31009140610694885
469,1,0.1886153519153595,0.5740519762039185,0.23733268678188324
469,2,0.14842522144317627,0.6567431688308716,0.19483160972595215
470,0,0.27409201860427856,0.4158165454864502,0.31009140610694885
470,1,0.13194860517978668,0.6862847805023193,0.18176662921905518
470,2,0.11338390409946442,0.7282055616378784,0.1584104299545288
471,0,0.27409201860427856,0.4158165454864502,0.31009140610694885
471,1,0.1886153519153595,0.5740519762039185,0.23733268678188324
471,2,0.11288152635097504,0.7282129526138306,0.15890558063983917
472,0,0.27409201860427856,0.4158165454864502,0.31009140610694885
472,1,0.13194890320301056,0.686284065246582,0.18176698684692383
472,2,0.11338412016630173,0.728205144405365,0.1584107130765915
473,0,0.27409201860427856,0.4158165454864502,0.31009140610694885
473,1,0.13195006549358368,0.6862816214561462,0.18176837265491486
473,2,0.11338506639003754,0.7282030582427979,0.15841184556484222
474,0,0.27409201860427856,0.4158165454864502,0.31009140610694885
474,1,0.16344033181667328,0.6218385100364685,0.21472111344337463
474,2,0.12868092954158783,0.6952832937240601,0.1760357767343521
475,0,0.27409201860427856,0.4158165454864502,0.31009140610694885
475,1,0.1319497525691986,0.6862822771072388,0.18176798522472382
475,2,0.11338484287261963,0.7282036542892456,0.15841154754161835
476,0,0.27409201860427856,0.4158165454864502,0.31009140610694885
476,1,0.1886153519153595,0.5740519762039185,0.23733268678188324
476,2,0.13266170024871826,0.6872389316558838,0.18009933829307556
477,0,0.27409201860427856,0.4158165454864502,0.31009140610694885
477,1,0.16344033181667328,0.6218385100364685,0.21472111344337463
477,2,0.12868092954158783,0.6952832937240601,0.1760357767343521
478,0,0.27409201860427856,0.4158165454864502,0.31009140610694885
478,1,0.16344033181667328,0.6218385100364685,0.21472111344337463
478,2,0.12868092954158783,0.6952832937240601,0.1760357767343521
479,0,0.27409201860427856,0.4158165454864502,0.31009140610694885
479,1,0.1886153519153595,0.5740519762039185,0.23733268678188324
479,2,0.14842522144317627,0.6567431688308716,0.19483160972595215
480,0,0.27409201860427856,0.4158165454864502,0.31009140610694885
480,1,0.13194860517978668,0.6862847805023193,0.18176662921905518
480,2,0.11338390409946442,0.7282055616378784,0.1584104299545288
481,0,0.27409201860427856,0.4158165454864502,0.31009140610694885
481,1,0.1886153519153595,0.5740519762039185,0.23733268678188324
481,2,0.11288152635097504,0.7282129526138306,0.15890558063983917
482,0,0.27409201860427856,0.4158165454864502,0.31009140610694885
482,1,0.13194860517978668,0.6862847805023193,0.18176662921905518
482,2,0.11338390409946442,0.7282055616378784,0.1584104299545288
483,0,0.27409201860427856,0.4158165454864502,0.31009140610694885
483,1,0.1319495141506195,0.686282753944397,0.18176770210266113
483,2,0.11338461935520172,0.728204071521759,0.15841129422187805
484,0,0.27409201860427856,0.4158165454864502,0.31009140610694885
484,1,0.16344033181667328,0.6218385100364685,0.21472111344337463
484,2,0.12868092954158783,0.6952832937240601,0.1760357767343521
485,0,0.27409201860427856,0.4158165454864502,0.31009140610694885
485,1,0.13195011019706726,0.6862815022468567,0.18176841735839844
485,2,0.11338511109352112,0.7282029986381531,0.158411905169487
486,0,0.27409201860427856,0.4158165454864502,0.31009140610694885
486,1,0.1886153519153595,0.5740519762039185,0.23733268678188324
486,2,0.13266170024871826,0.6872389316558838,0.18009933829307556
487,0,0.27409201860427856,0.4158165454864502,0.31009140610694885
487,1,0.16344033181667328,0.6218385100364685,0.21472111344337463
487,2,0.12868092954158783,0.6952832937240601,0.1760357767343521
488,0,0.27409201860427856,0.4158165454864502,0.31009140610694885
488,1,0.16344033181667328,0.6218385100364685,0.21472111344337463
488,2,0.12868092954158783,0.6952832937240601,0.1760357767343521
489,0,0.27409201860427856,0.4158165454864502,0.31009140610694885
489,1,0.1886153519153595,0.5740519762039185,0.23733268678188324
489,2,0.14842522144317627,0.6567431688308716,0.19483160972595215
490,0,0.27409201860427856,0.4158165454864502,0.31009140610694885
490,1,0.13194860517978668,0.6862847805023193,0.18176662921905518
490,2,0.11338390409946442,0.7282055616378784,0.1584104299545288
491,0,0.27409201860427856,0.4158165454864502,0.31009140610694885
491,1,0.1886153519153595,0.5740519762039185,0.23733268678188324
491,2,0.11288152635097504,0.7282129526138306,0.15890558063983917
492,0,0.27409201860427856,0.4158165454864502,0.31009140610694885
492,1,0.13194890320301056,0.686284065246582,0.18176698684692383
492,2,0.11338412016630173,0.728205144405365,0.1584107130765915
493,0,0.27409201860427856,0.4158165454864502,0.31009140610694885
493,1,0.13195006549358368,0.6862816214561462,0.18176837265491486
493,2,0.11338506639003754,0.7282030582427979,0.15841184556484222
494,0,0.27409201860427856,0.4158165454864502,0.31009140610694885
494,1,0.16344033181667328,0.6218385100364685,0.21472111344337463
494,2,0.12868092954158783,0.6952832937240601,0.1760357767343521
495,0,0.27409201860427856,0.4158165454864502,0.31009140610694885
495,1,0.1319497525691986,0.6862822771072388,0.18176798522472382
495,2,0.11338484287261963,0.7282036542892456,0.15841154754161835
496,0,0.27409201860427856,0.4158165454864502,0.31009140610694885
496,1,0.1886153519153595,0.5740519762039185,0.23733268678188324
496,2,0.13266170024871826,0.6872389316558838,0.18009933829307556
497,0,0.27409201860427856,0.4158165454864502,0.31009140610694885
497,1,0.16344033181667328,0.6218385100364685,0.21472111344337463
497,2,0.12868092954158783,0.6952832937240601,0.1760357767343521
498,0,0.27409201860427856,0.4158165454864502,0.31009140610694885
498,1,0.16344033181667328,0.6218385100364685,0.21472111344337463
498,2,0.12868092954158783,0.6952832937240601,0.1760357767343521
499,0,0.27409201860427856,0.4158165454864502,0.31009140610694885
499,1,0.1886153519153595,0.5740519762039185,0.23733268678188324
499,2,0.14842522144317627,0.6567431688308716,0.19483160972595215
500,0,0.27409201860427856,0.4158165454864502,0.31009140610694885
500,1,0.13194860517978668,0.6862847805023193,0.18176662921905518
500,2,0.11338390409946442,0.7282055616378784,0.1584104299545288
501,0,0.27409201860427856,0.4158165454864502,0.31009140610694885
501,1,0.1886153519153595,0.5740519762039185,0.23733268678188324
501,2,0.11288152635097504,0.7282129526138306,0.15890558063983917
502,0,0.27409201860427856,0.4158165454864502,0.31009140610694885
502,1,0.13194860517978668,0.6862847805023193,0.18176662921905518
502,2,0.11338390409946442,0.7282055616378784,0.1584104299545288
503,0,0.27409201860427856,0.4158165454864502,0.31009140610694885
503,1,0.1319495141506195,0.686282753944397,0.18176770210266113
503,2,0.11338461935520172,0.728204071521759,0.15841129422187805
504,0,0.27409201860427856,0.4158165454864502,0.31009140610694885
504,1,0.16344033181667328,0.6218385100364685,0.21472111344337463
504,2,0.12868092954158783,0.6952832937240601,0.1760357767343521
505,0,0.27409201860427856,0.4158165454864502,0.31009140610694885
505,1,0.13195011019706726,0.6862815022468567,0.18176841735839844
505,2,0.11338511109352112,0.7282029986381531,0.158411905169487
506,0,0.27409201860427856,0.4158165454864502,0.31009140610694885
506,1,0.1886153519153595,0.5740519762039185,0.23733268678188324
506,2,0.13266170024871826,0.6872389316558838,0.18009933829307556
507,0,0.27409201860427856,0.4158165454864502,0.31009140610694885
507,1,0.16344033181667328,0.6218385100364685,0.21472111344337463
507,2,0.12868092954158783,0.6952832937240601,0.1760357767343521
508,0,0.27409201860427856,0.4158165454864502,0.31009140610694885
508,1,0.16344033181667328,0.6218385100364685,0.21472111344337463
508,2,0.12868092954158783,0.6952832937240601,0.1760357767343521
509,0,0.27409201860427856,0.4158165454864502,0.31009140610694885
509,1,0.1886153519153595,0.5740519762039185,0.23733268678188324
509,2,0.14842522144317627,0.6567431688308716,0.19483160972595215
510,0,0.27409201860427856,0.4158165454864502,0.31009140610694885
510,1,0.13194860517978668,0.6862847805023193,0.18176662921905518
510,2,0.11338390409946442,0.7282055616378784,0.1584104299545288
511,0,0.27409201860427856,0.4158165454864502,0.31009140610694885
511,1,0.1886153519153595,0.5740519762039185,0.23733268678188324
511,2,0.11288152635097504,0.7282129526138306,0.15890558063983917
512,0,0.28528890013694763,0.3684019148349762,0.34630921483039856
512,1,0.14463602006435394,0.5891410112380981,0.2662229835987091
512,2,0.1241416409611702,0.6347221732139587,0.24113625288009644
513,0,0.28528890013694763,0.3684019148349762,0.34630921483039856
513,1,0.14463654160499573,0.5891398787498474,0.2662235498428345
513,2,0.12414209544658661,0.6347211599349976,0.24113675951957703
514,0,0.28528890013694763,0.3684019148349762,0.34630921483039856
514,1,0.20637129247188568,0.4825778305530548,0.3110508620738983
514,2,0.14712955057621002,0.5885156989097595,0.26435473561286926
515,0,0.28528890013694763,0.3684019148349762,0.34630921483039856
515,1,0.14463703334331512,0.589138925075531,0.26622408628463745
515,2,0.12414253503084183,0.6347202062606812,0.2411372810602188
516,0,0.28528890013694763,0.3684019148349762,0.34630921483039856
516,1,0.20637129247188568,0.4825778305530548,0.3110508620738983
516,2,0.14712955057621002,0.5885156989097595,0.26435473561286926
517,0,0.28528890013694763,0.3684019148349762,0.34630921483039856
517,1,0.18029655516147614,0.523707389831543,0.2959960401058197
517,2,0.14288951456546783,0.5962039828300476,0.2609064280986786
518,0,0.28528890013694763,0.3684019148349762,0.34630921483039856
518,1,0.18029655516147614,0.523707389831543,0.2959960401058197
518,2,0.14288951456546783,0.5962039828300476,0.2609064280986786
519,0,0.28528890013694763,0.3684019148349762,0.34630921483039856
519,1,0.20637129247188568,0.4825778305530548,0.3110508620738983
519,2,0.1645873486995697,0.5591421723365784,0.27627047896385193
520,0,0.28528890013694763,0.3684019148349762,0.34630921483039856
520,1,0.1446356475353241,0.5891417860984802,0.2662225663661957
520,2,0.12414131313562393,0.6347227692604065,0.24113589525222778
521,0,0.28528890013694763,0.3684019148349762,0.34630921483039856
521,1,0.20637129247188568,0.4825778305530548,0.3110508620738983
521,2,0.12333187460899353,0.6344867944717407,0.24218130111694336
522,0,0.28528890013694763,0.3684019148349762,0.34630921483039856
522,1,0.1446356475353241,0.5891417860984802,0.2662225663661957
522,2,0.12414131313562393,0.6347227692604065,0.24113589525222778
523,0,0.28528890013694763,0.3684019148349762,0.34630921483039856
523,1,0.14463672041893005,0.5891395211219788,0.2662237286567688
523,2,0.12414225190877914,0.6347207427024841,0.24113693833351135
524,0,0.28528890013694763,0.3684019148349762,0.34630921483039856
524,1,0.20637129247188568,0.4825778305530548,0.3110508620738983
524,2,0.14712955057621002,0.5885156989097595,0.26435473561286926
525,0,0.28528890013694763,0.3684019148349762,0.34630921483039856
525,1,0.14463640749454498,0.5891401767730713,0.2662234306335449
525,2,0.12414198368787766,0.6347213387489319,0.24113665521144867
526,0,0.28528890013694763,0.3684019148349762,0.34630921483039856
526,1,0.20637129247188568,0.4825778305530548,0.3110508620738983
526,2,0.14712955057621002,0.5885156989097595,0.26435473561286926
527,0,0.28528890013694763,0.3684019148349762,0.34630921483039856
527,1,0.18029655516147614,0.523707389831543,0.2959960401058197
527,2,0.14288951456546783,0.5962039828300476,0.2609064280986786
528,0,0.28528890013694763,0.3684019148349762,0.34630921483039856
528,1,0.18029655516147614,0.523707389831543,0.2959960401058197
528,2,0.14288951456546783,0.5962039828300476,0.2609064280986786
529,0,0.28528890013694763,0.3684019148349762,0.34630921483039856
529,1,0.20637129247188568,0.4825778305530548,0.3110508620738983
529,2,0.1645873486995697,0.5591421723365784,0.27627047896385193
530,0,0.28528890013694763,0.3684019148349762,0.34630921483039856
530,1,0.1446356475353241,0.5891417860984802,0.2662225663661957
530,2,0.12414131313562393,0.6347227692604065,0.24113589525222778
531,0,0.28528890013694763,0.3684019148349762,0.34630921483039856
531,1,0.20637129247188568,0.4825778305530548,0.3110508620738983
531,2,0.12333187460899353,0.6344867944717407,0.24218130111694336
532,0,0.28528890013694763,0.3684019148349762,0.34630921483039856
532,1,0.14463602006435394,0.5891410112380981,0.2662229835987091
532,2,0.1241416409611702,0.6347221732139587,0.24113625288009644
533,0,0.28528890013694763,0.3684019148349762,0.34630921483039856
533,1,0.14463740587234497,0.5891380906105042,0.2662244737148285
533,2,0.1241428405046463,0.6347194910049438,0.24113763868808746
534,0,0.28528890013694763,0.3684019148349762,0.34630921483039856
534,1,0.20637129247188568,0.4825778305530548,0.3110508620738983
534,2,0.14712955057621002,0.5885156989097595,0.26435473561286926
535,0,0.28528890013694763,0.3684019148349762,0.34630921483039856
535,1,0.14463654160499573,0.5891398787498474,0.2662235498428345
535,2,0.124142125248909,0.6347211599349976,0.2411368042230606
536,0,0.28528890013694763,0.3684019148349762,0.34630921483039856
536,1,0.20637129247188568,0.4825778305530548,0.3110508620738983
536,2,0.14712955057621002,0.5885156989097595,0.26435473561286926
537,0,0.28528890013694763,0.3684019148349762,0.34630921483039856
537,1,0.18029655516147614,0.523707389831543,0.2959960401058197
537,2,0.14288951456546783,0.5962039828300476,0.2609064280986786
538,0,0.28528890013694763,0.3684019148349762,0.34630921483039856
538,1,0.18029655516147614,0.523707389831543,0.2959960401058197
538,2,0.14288951456546783,0.5962039828300476,0.2609064280986786
539,0,0.28528890013694763,0.3684019148349762,0.34630921483039856
539,1,0.20637129247188568,0.4825778305530548,0.3110508620738983
539,2,0.1645873486995697,0.5591421723365784,0.27627047896385193
540,0,0.28528890013694763,0.3684019148349762,0.34630921483039856
540,1,0.1446356475353241,0.5891417860984802,0.2662225663661957
540,2,0.12414131313562393,0.6347227692604065,0.24113589525222778
541,0,0.28528890013694763,0.3684019148349762,0.34630921483039856
541,1,0.20637129247188568,0.4825778305530548,0.3110508620738983
541,2,0.12333187460899353,0.6344867944717407,0.24218130111694336
542,0,0.28528890013694763,0.3684019148349762,0.34630921483039856
542,1,0.1446356475353241,0.5891417860984802,0.2662225663661957
542,2,0.12414131313562393,0.6347227692604065,0.24113589525222778
543,0,0.28528890013694763,0.3684019148349762,0.34630921483039856
543,1,0.14463672041893005,0.5891395211219788,0.2662237286567688
543,2,0.12414225190877914,0.6347207427024841,0.24113693833351135
544,0,0.28528890013694763,0.3684019148349762,0.34630921483039856
544,1,0.20637129247188568,0.4825778305530548,0.3110508620738983
544,2,0.14712955057621002,0.5885156989097595,0.26435473561286926
545,0,0.28528890013694763,0.3684019148349762,0.34630921483039856
545,1,0.14463640749454498,0.5891401767730713,0.2662234306335449
545,2,0.12414198368787766,0.6347213387489319,0.24113665521144867
546,0,0.28528890013694763,0.3684019148349762,0.34630921483039856
546,1,0.20637129247188568,0.4825778305530548,0.3110508620738983
546,2,0.14712955057621002,0.5885156989097595,0.26435473561286926
547,0,0.28528890013694763,0.3684019148349762,0.34630921483039856
547,1,0.18029655516147614,0.523707389831543,0.2959960401058197
547,2,0.14288951456546783,0.5962039828300476,0.2609064280986786
548,0,0.28528890013694763,0.3684019148349762,0.34630921483039856
548,1,0.18029655516147614,0.523707389831543,0.2959960401058197
548,2,0.14288951456546783,0.5962039828300476,0.2609064280986786
549,0,0.28528890013694763,0.3684019148349762,0.34630921483039856
549,1,0.20637129247188568,0.4825778305530548,0.3110508620738983
549,2,0.1645873486995697,0.5591421723365784,0.27627047896385193
550,0,0.28528890013694763,0.3684019148349762,0.34630921483039856
550,1,0.1446356475353241,0.5891417860984802,0.2662225663661957
550,2,0.12414131313562393,0.6347227692604065,0.24113589525222778
551,0,0.28528890013694763,0.3684019148349762,0.34630921483039856
551,1,0.20637129247188568,0.4825778305530548,0.3110508620738983
551,2,0.12333187460899353,0.6344867944717407,0.24218130111694336
552,0,0.28528890013694763,0.3684019148349762,0.34630921483039856
552,1,0.14463602006435394,0.5891410112380981,0.2662229835987091
552,2,0.1241416409611702,0.6347221732139587,0.24113625288009644
553,0,0.28528890013694763,0.3684019148349762,0.34630921483039856
553,1,0.14463740587234497,0.5891380906105042,0.2662244737148285
553,2,0.1241428405046463,0.6347194910049438,0.24113763868808746
554,0,0.28528890013694763,0.3684019148349762,0.34630921483039856
554,1,0.20637129247188568,0.4825778305530548,0.3110508620738983
554,2,0.14712955057621002,0.5885156989097595,0.26435473561286926
555,0,0.28528890013694763,0.3684019148349762,0.34630921483039856
555,1,0.14463654160499573,0.5891398787498474,0.2662235498428345
555,2,0.124142125248909,0.6347211599349976,0.2411368042230606
556,0,0.28528890013694763,0.3684019148349762,0.34630921483039856
556,1,0.20637129247188568,0.4825778305530548,0.3110508620738983
556,2,0.14712955057621002,0.5885156989097595,0.26435473561286926
557,0,0.28528890013694763,0.3684019148349762,0.34630921483039856
557,1,0.18029655516147614,0.523707389831543,0.2959960401058197
557,2,0.14288951456546783,0.5962039828300476,0.2609064280986786
558,0,0.28528890013694763,0.3684019148349762,0.34630921483039856
558,1,0.18029655516147614,0.523707389831543,0.2959960401058197
558,2,0.14288951456546783,0.5962039828300476,0.2609064280986786
559,0,0.28528890013694763,0.3684019148349762,0.34630921483039856
559,1,0.20637129247188568,0.4825778305530548,0.3110508620738983
559,2,0.1645873486995697,0.5591421723365784,0.27627047896385193
560,0,0.28528890013694763,0.3684019148349762,0.34630921483039856
560,1,0.1446356475353241,0.5891417860984802,0.2662225663661957
560,2,0.12414131313562393,0.6347227692604065,0.24113589525222778
561,0,0.28528890013694763,0.3684019148349762,0.34630921483039856
561,1,0.20637129247188568,0.4825778305530548,0.3110508620738983
561,2,0.12333187460899353,0.6344867944717407,0.24218130111694336
562,0,0.28528890013694763,0.3684019148349762,0.34630921483039856
562,1,0.1446356475353241,0.5891417860984802,0.2662225663661957
562,2,0.12414131313562393,0.6347227692604065,0.24113589525222778
563,0,0.28528890013694763,0.3684019148349762,0.34630921483039856
563,1,0.14463672041893005,0.5891395211219788,0.2662237286567688
563,2,0.12414225190877914,0.6347207427024841,0.24113693833351135
564,0,0.28528890013694763,0.3684019148349762,0.34630921483039856
564,1,0.20637129247188568,0.4825778305530548,0.3110508620738983
564,2,0.14712955057621002,0.5885156989097595,0.26435473561286926
565,0,0.28528890013694763,0.3684019148349762,0.34630921483039856
565,1,0.14463640749454498,0.5891401767730713,0.2662234306335449
565,2,0.12414198368787766,0.6347213387489319,0.24113665521144867
566,0,0.28528890013694763,0.3684019148349762,0.34630921483039856
566,1,0.20637129247188568,0.4825778305530548,0.3110508620738983
566,2,0.14712955057621002,0.5885156989097595,0.26435473561286926
567,0,0.28528890013694763,0.3684019148349762,0.34630921483039856
567,1,0.18029655516147614,0.523707389831543,0.2959960401058197
567,2,0.14288951456546783,0.5962039828300476,0.2609064280986786
568,0,0.28528890013694763,0.3684019148349762,0.34630921483039856
568,1,0.18029655516147614,0.523707389831543,0.2959960401058197
568,2,0.14288951456546783,0.5962039828300476,0.2609064280986786
569,0,0.28528890013694763,0.3684019148349762,0.34630921483039856
569,1,0.20637129247188568,0.4825778305530548,0.3110508620738983
569,2,0.1645873486995697,0.5591421723365784,0.27627047896385193
570,0,0.28528890013694763,0.3684019148349762,0.34630921483039856
570,1,0.1446356475353241,0.5891417860984802,0.2662225663661957
570,2,0.12414131313562393,0.6347227692604065,0.24113589525222778
571,0,0.28528890013694763,0.3684019148349762,0.34630921483039856
571,1,0.20637129247188568,0.4825778305530548,0.3110508620738983
571,2,0.12333187460899353,0.6344867944717407,0.24218130111694336
572,0,0.28528890013694763,0.3684019148349762,0.34630921483039856
572,1,0.14463602006435394,0.5891410112380981,0.2662229835987091
572,2,0.1241416409611702,0.6347221732139587,0.24113625288009644
573,0,0.28528890013694763,0.3684019148349762,0.34630921483039856
573,1,0.14463740587234497,0.5891380906105042,0.2662244737148285
573,2,0.1241428405046463,0.6347194910049438,0.24113763868808746
574,0,0.28528890013694763,0.3684019148349762,0.34630921483039856
574,1,0.20637129247188568,0.4825778305530548,0.3110508620738983
574,2,0.14712955057621002,0.5885156989097595,0.26435473561286926
575,0,0.28528890013694763,0.3684019148349762,0.34630921483039856
575,1,0.14463654160499573,0.5891398787498474,0.2662235498428345
575,2,0.124142125248909,0.6347211599349976,0.2411368042230606
576,0,0.28528890013694763,0.3684019148349762,0.34630921483039856
576,1,0.20637129247188568,0.4825778305530548,0.3110508620738983
576,2,0.14712955057621002,0.5885156989097595,0.26435473561286926
577,0,0.28528890013694763,0.3684019148349762,0.34630921483039856
577,1,0.18029655516147614,0.523707389831543,0.2959960401058197
577,2,0.14288951456546783,0.5962039828300476,0.2609064280986786
578,0,0.28528890013694763,0.3684019148349762,0.34630921483039856
578,1,0.18029655516147614,0.523707389831543,0.2959960401058197
578,2,0.14288951456546783,0.5962039828300476,0.2609064280986786
579,0,0.28528890013694763,0.3684019148349762,0.34630921483039856
579,1,0.20637129247188568,0.4825778305530548,0.3110508620738983
579,2,0.1645873486995697,0.5591421723365784,0.27627047896385193
580,0,0.28528890013694763,0.3684019148349762,0.34630921483039856
580,1,0.1446356475353241,0.5891417860984802,0.2662225663661957
580,2,0.12414131313562393,0.6347227692604065,0.24113589525222778
581,0,0.28528890013694763,0.3684019148349762,0.34630921483039856
581,1,0.20637129247188568,0.4825778305530548,0.3110508620738983
581,2,0.12333187460899353,0.6344867944717407,0.24218130111694336
582,0,0.28528890013694763,0.3684019148349762,0.34630921483039856
582,1,0.1446356475353241,0.5891417860984802,0.2662225663661957
582,2,0.12414131313562393,0.6347227692604065,0.24113589525222778
583,0,0.28528890013694763,0.3684019148349762,0.34630921483039856
583,1,0.14463672041893005,0.5891395211219788,0.2662237286567688
583,2,0.12414225190877914,0.6347207427024841,0.24113693833351135
584,0,0.28528890013694763,0.3684019148349762,0.34630921483039856
584,1,0.20637129247188568,0.4825778305530548,0.3110508620738983
584,2,0.14712955057621002,0.5885156989097595,0.26435473561286926
585,0,0.28528890013694763,0.3684019148349762,0.34630921483039856
585,1,0.14463640749454498,0.5891401767730713,0.2662234306335449
585,2,0.12414198368787766,0.6347213387489319,0.24113665521144867
586,0,0.28528890013694763,0.3684019148349762,0.34630921483039856
586,1,0.20637129247188568,0.4825778305530548,0.3110508620738983
586,2,0.14712955057621002,0.5885156989097595,0.26435473561286926
587,0,0.28528890013694763,0.3684019148349762,0.34630921483039856
587,1,0.18029655516147614,0.523707389831543,0.2959960401058197
587,2,0.14288951456546783,0.5962039828300476,0.2609064280986786
588,0,0.28528890013694763,0.3684019148349762,0.34630921483039856
588,1,0.18029655516147614,0.523707389831543,0.2959960401058197
588,2,0.14288951456546783,0.5962039828300476,0.2609064280986786
589,0,0.28528890013694763,0.3684019148349762,0.34630921483039856
589,1,0.20637129247188568,0.4825778305530548,0.3110508620738983
589,2,0.1645873486995697,0.5591421723365784,0.27627047896385193
590,0,0.28528890013694763,0.3684019148349762,0.34630921483039856
590,1,0.1446356475353241,0.5891417860984802,0.2662225663661957
590,2,0.12414131313562393,0.6347227692604065,0.24113589525222778
591,0,0.28528890013694763,0.3684019148349762,0.34630921483039856
591,1,0.20637129247188568,0.4825778305530548,0.3110508620738983
591,2,0.12333187460899353,0.6344867944717407,0.24218130111694336
592,0,0.28528890013694763,0.3684019148349762,0.34630921483039856
592,1,0.14463602006435394,0.5891410112380981,0.2662229835987091
592,2,0.1241416409611702,0.6347221732139587,0.24113625288009644
593,0,0.28528890013694763,0.3684019148349762,0.34630921483039856
593,1,0.14463740587234497,0.5891380906105042,0.2662244737148285
593,2,0.1241428405046463,0.6347194910049438,0.24113763868808746
594,0,0.28528890013694763,0.3684019148349762,0.34630921483039856
594,1,0.20637129247188568,0.4825778305530548,0.3110508620738983
594,2,0.14712955057621002,0.5885156989097595,0.26435473561286926
595,0,0.28528890013694763,0.3684019148349762,0.34630921483039856
595,1,0.14463654160499573,0.5891398787498474,0.2662235498428345
595,2,0.124142125248909,0.6347211599349976,0.2411368042230606
596,0,0.28528890013694763,0.3684019148349762,0.34630921483039856
596,1,0.20637129247188568,0.4825778305530548,0.3110508620738983
596,2,0.14712955057621002,0.5885156989097595,0.26435473561286926
597,0,0.28528890013694763,0.3684019148349762,0.34630921483039856
597,1,0.20595115423202515,0.40489715337753296,0.38915175199508667
597,2,0.16902852058410645,0.45889315009117126,0.3720783591270447
598,0,0.29655420780181885,0.3223077654838562,0.38113802671432495
598,1,0.2069002240896225,0.4032670855522156,0.38983264565467834
598,2,0.16938646137714386,0.4581886827945709,0.3724249005317688
599,0,0.29655420780181885,0.3223077654838562,0.38113802671432495
599,1,0.16752095520496368,0.45638856291770935,0.37609046697616577
599,2,0.15890726447105408,0.48162487149238586,0.35946786403656006
600,0,0.29655420780181885,0.3223077654838562,0.38113802671432495
600,1,0.16752095520496368,0.45638856291770935,0.37609046697616577
600,2,0.13684424757957458,0.5077845454216003,0.3553711473941803
601,0,0.29655420780181885,0.3223077654838562,0.38113802671432495
601,1,0.23225730657577515,0.3773807883262634,0.3903619349002838
601,2,0.14497165381908417,0.49509063363075256,0.3599376082420349
602,0,0.29655420780181885,0.3223077654838562,0.38113802671432495
602,1,0.16752567887306213,0.45638081431388855,0.3760935962200165
602,2,0.1457863599061966,0.49702346324920654,0.3571901321411133
603,0,0.29655420780181885,0.3223077654838562,0.38113802671432495
603,1,0.1675214171409607,0.45638787746429443,0.3760908246040344
603,2,0.14578241109848022,0.49703070521354675,0.3571869730949402
604,0,0.29655420780181885,0.3223077654838562,0.38113802671432495
604,1,0.23225730657577515,0.3773807883262634,0.3903619349002838
604,2,0.19283024966716766,0.43146032094955444,0.3757094144821167
605,0,0.29655420780181885,0.3223077654838562,0.38113802671432495
605,1,0.16752147674560547,0.4563876688480377,0.37609079480171204
605,2,0.15890784561634064,0.4816238284111023,0.3594682812690735
606,0,0.29655420780181885,0.3223077654838562,0.38113802671432495
606,1,0.23225730657577515,0.3773807883262634,0.3903619349002838
606,2,0.17400187253952026,0.4523196518421173,0.3736784756183624
607,0,0.29655420780181885,0.3223077654838562,0.38113802671432495
607,1,0.2069002240896225,0.4032670855522156,0.38983264565467834
607,2,0.16938646137714386,0.4581886827945709,0.3724249005317688
608,0,0.29655420780181885,0.3223077654838562,0.38113802671432495
608,1,0.2069002240896225,0.4032670855522156,0.38983264565467834
608,2,0.16938646137714386,0.4581886827945709,0.3724249005317688
609,0,0.29655420780181885,0.3223077654838562,0.38113802671432495
609,1,0.16753064095973969,0.45637246966362,0.37609684467315674
609,2,0.15891799330711365,0.4816065728664398,0.35947540402412415
610,0,0.29655420780181885,0.3223077654838562,0.38113802671432495
610,1,0.16752095520496368,0.45638856291770935,0.37609046697616577
610,2,0.13684424757957458,0.5077845454216003,0.3553711473941803
611,0,0.29655420780181885,0.3223077654838562,0.38113802671432495
611,1,0.23225730657577515,0.3773807883262634,0.3903619349002838
611,2,0.14497190713882446,0.49509018659591675,0.3599378168582916
612,0,0.29655420780181885,0.3223077654838562,0.38113802671432495
612,1,0.1675228327512741,0.45638543367385864,0.37609171867370605
612,2,0.1457837074995041,0.4970282316207886,0.357187956571579
613,0,0.29655420780181885,0.3223077654838562,0.38113802671432495
613,1,0.16752095520496368,0.45638856291770935,0.37609046697616577
613,2,0.1457819938659668,0.49703142046928406,0.35718661546707153
614,0,0.29655420780181885,0.3223077654838562,0.38113802671432495
614,1,0.23225730657577515,0.3773807883262634,0.3903619349002838
614,2,0.19283024966716766,0.43146032094955444,0.3757094144821167
615,0,0.29655420780181885,0.3223077654838562,0.38113802671432495
615,1,0.16752475500106812,0.45638224482536316,0.37609297037124634
615,2,0.15891146659851074,0.48161768913269043,0.35947084426879883
616,0,0.29655420780181885,0.3223077654838562,0.38113802671432495
616,1,0.23225730657577515,0.3773807883262634,0.3903619349002838
616,2,0.17400187253952026,0.4523196518421173,0.3736784756183624
617,0,0.29655420780181885,0.3223077654838562,0.38113802671432495
617,1,0.2069002240896225,0.4032670855522156,0.38983264565467834
617,2,0.16938646137714386,0.4581886827945709,0.3724249005317688
618,0,0.29655420780181885,0.3223077654838562,0.38113802671432495
618,1,0.2069002240896225,0.4032670855522156,0.38983264565467834
618,2,0.16938646137714386,0.4581886827945709,0.3724249005317688
619,0,0.29655420780181885,0.3223077654838562,0.38113802671432495
619,1,0.16752135753631592,0.4563879072666168,0.37609076499938965
619,2,0.1589076966047287,0.4816240668296814,0.3594681918621063
620,0,0.29655420780181885,0.3223077654838562,0.38113802671432495
620,1,0.16752095520496368,0.45638856291770935,0.37609046697616577
620,2,0.13684424757957458,0.5077845454216003,0.3553711473941803
621,0,0.29655420780181885,0.3223077654838562,0.38113802671432495
621,1,0.23225730657577515,0.3773807883262634,0.3903619349002838
621,2,0.14497165381908417,0.49509063363075256,0.3599376082420349
622,0,0.29655420780181885,0.3223077654838562,0.38113802671432495
622,1,0.16752095520496368,0.45638856291770935,0.37609046697616577
622,2,0.1457819938659668,0.49703142046928406,0.35718661546707153
623,0,0.29655420780181885,0.3223077654838562,0.38113802671432495
623,1,0.167522132396698,0.4563865661621094,0.37609127163887024
623,2,0.14578311145305634,0.4970294237136841,0.35718750953674316
624,0,0.29655420780181885,0.3223077654838562,0.38113802671432495
624,1,0.23225730657577515,0.3773807883262634,0.3903619349002838
624,2,0.19283024966716766,0.43146032094955444,0.3757094144821167
625,0,0.29655420780181885,0.3223077654838562,0.38113802671432495
625,1,0.16752095520496368,0.45638856291770935,0.37609046697616577
625,2,0.15890726447105408,0.48162487149238586,0.35946786403656006
626,0,0.29655420780181885,0.3223077654838562,0.38113802671432495
626,1,0.23225730657577515,0.3773807883262634,0.3903619349002838
626,2,0.17400187253952026,0.4523196518421173,0.3736784756183624
627,0,0.29655420780181885,0.3223077654838562,0.38113802671432495
627,1,0.2069002240896225,0.4032670855522156,0.38983264565467834
627,2,0.16938646137714386,0.4581886827945709,0.3724249005317688
628,0,0.29655420780181885,0.3223077654838562,0.38113802671432495
628,1,0.2069002240896225,0.4032670855522156,0.38983264565467834
628,2,0.16938646137714386,0.4581886827945709,0.3724249005317688
629,0,0.29655420780181885,0.3223077654838562,0.38113802671432495
629,1,0.16752095520496368,0.45638856291770935,0.37609046697616577
629,2,0.15890726447105408,0.48162487149238586,0.35946786403656006
630,0,0.29655420780181885,0.3223077654838562,0.38113802671432495
630,1,0.16752095520496368,0.45638856291770935,0.37609046697616577
630,2,0.13684424757957458,0.5077845454216003,0.3553711473941803
631,0,0.29655420780181885,0.3223077654838562,0.38113802671432495
631,1,0.23225730657577515,0.3773807883262634,0.3903619349002838
631,2,0.14497193694114685,0.49509018659591675,0.359937846660614
632,0,0.29655420780181885,0.3223077654838562,0.38113802671432495
632,1,0.16752207279205322,0.4563867151737213,0.37609124183654785
632,2,0.14578303694725037,0.49702954292297363,0.3571874499320984
633,0,0.29655420780181885,0.3223077654838562,0.38113802671432495
633,1,0.16752153635025024,0.45638760924339294,0.3760908246040344
633,2,0.14578251540660858,0.49703046679496765,0.3571870028972626
634,0,0.29655420780181885,0.3223077654838562,0.38113802671432495
634,1,0.23225730657577515,0.3773807883262634,0.3903619349002838
634,2,0.19283024966716766,0.43146032094955444,0.3757094144821167
635,0,0.29655420780181885,0.3223077654838562,0.38113802671432495
635,1,0.16752687096595764,0.4563787281513214,0.37609437108039856
635,2,0.15891382098197937,0.4816136658191681,0.35947248339653015
636,0,0.29655420780181885,0.3223077654838562,0.38113802671432495
636,1,0.23225730657577515,0.3773807883262634,0.3903619349002838
636,2,0.17400187253952026,0.4523196518421173,0.3736784756183624
637,0,0.29655420780181885,0.3223077654838562,0.38113802671432495
637,1,0.2069002240896225,0.4032670855522156,0.38983264565467834
637,2,0.16938646137714386,0.4581886827945709,0.3724249005317688
638,0,0.29655420780181885,0.3223077654838562,0.38113802671432495
638,1,0.2069002240896225,0.4032670855522156,0.38983264565467834
638,2,0.16938646137714386,0.4581886827945709,0.3724249005317688
639,0,0.29655420780181885,0.3223077654838562,0.38113802671432495
639,1,0.16752095520496368,0.45638856291770935,0.37609046697616577
639,2,0.15890726447105408,0.48162487149238586,0.35946786403656006
640,0,0.29655420780181885,0.3223077654838562,0.38113802671432495
640,1,0.16752095520496368,0.45638856291770935,0.37609046697616577
640,2,0.13684424757957458,0.5077845454216003,0.3553711473941803
641,0,0.29655420780181885,0.3223077654838562,0.38113802671432495
641,1,0.23225730657577515,0.3773807883262634,0.3903619349002838
641,2,0.14497165381908417,0.49509063363075256,0.3599376082420349
642,0,0.29655420780181885,0.3223077654838562,0.38113802671432495
642,1,0.16752168536186218,0.45638731122016907,0.37609097361564636
642,2,0.1457826793193817,0.497030109167099,0.3571871221065521
643,0,0.29655420780181885,0.3223077654838562,0.38113802671432495
643,1,0.16753190755844116,0.45637038350105286,0.3760976791381836
643,2,0.1457921713590622,0.4970129728317261,0.3571948707103729
644,0,0.29655420780181885,0.3223077654838562,0.38113802671432495
644,1,0.23225730657577515,0.3773807883262634,0.3903619349002838
644,2,0.19283024966716766,0.43146032094955444,0.3757094144821167
645,0,0.29655420780181885,0.3223077654838562,0.38113802671432495
645,1,0.16752608120441437,0.45638012886047363,0.37609389424324036
645,2,0.15891291201114655,0.48161521553993225,0.35947185754776
646,0,0.29655420780181885,0.3223077654838562,0.38113802671432495
646,1,0.23225730657577515,0.3773807883262634,0.3903619349002838
646,2,0.17400187253952026,0.4523196518421173,0.3736784756183624
647,0,0.29655420780181885,0.3223077654838562,0.38113802671432495
647,1,0.2069002240896225,0.4032670855522156,0.38983264565467834
647,2,0.16938646137714386,0.4581886827945709,0.3724249005317688
648,0,0.29655420780181885,0.3223077654838562,0.38113802671432495
648,1,0.2069002240896225,0.4032670855522156,0.38983264565467834
648,2,0.16938646137714386,0.4581886827945709,0.3724249005317688
649,0,0.29655420780181885,0.3223077654838562,0.38113802671432495
649,1,0.16752177476882935,0.45638716220855713,0.37609100341796875
649,2,0.1589081734418869,0.4816232919692993,0.3594685196876526
650,0,0.29655420780181885,0.3223077654838562,0.38113802671432495
650,1,0.16752095520496368,0.45638856291770935,0.37609046697616577
650,2,0.13684424757957458,0.5077845454216003,0.3553711473941803
651,0,0.29655420780181885,0.3223077654838562,0.38113802671432495
651,1,0.23225730657577515,0.3773807883262634,0.3903619349002838
651,2,0.14497193694114685,0.49509018659591675,0.359937846660614
652,0,0.29655420780181885,0.3223077654838562,0.38113802671432495
652,1,0.16752207279205322,0.4563867151737213,0.37609124183654785
652,2,0.14578303694725037,0.49702954292297363,0.3571874499320984
653,0,0.29655420780181885,0.3223077654838562,0.38113802671432495
653,1,0.16752153635025024,0.45638760924339294,0.3760908246040344
653,2,0.14578251540660858,0.49703046679496765,0.3571870028972626
654,0,0.29655420780181885,0.3223077654838562,0.38113802671432495
654,1,0.23225730657577515,0.3773807883262634,0.3903619349002838
654,2,0.19283024966716766,0.43146032094955444,0.3757094144821167
655,0,0.29655420780181885,0.3223077654838562,0.38113802671432495
655,1,0.16752687096595764,0.4563787281513214,0.37609437108039856
655,2,0.15891382098197937,0.4816136658191681,0.35947248339653015
656,0,0.29655420780181885,0.3223077654838562,0.38113802671432495
656,1,0.23225730657577515,0.3773807883262634,0.3903619349002838
656,2,0.17400187253952026,0.4523196518421173,0.3736784756183624
657,0,0.29655420780181885,0.3223077654838562,0.38113802671432495
657,1,0.2069002240896225,0.4032670855522156,0.38983264565467834
657,2,0.16938646137714386,0.4581886827945709,0.3724249005317688
658,0,0.29655420780181885,0.3223077654838562,0.38113802671432495
658,1,0.2069002240896225,0.4032670855522156,0.38983264565467834
658,2,0.16938646137714386,0.4581886827945709,0.3724249005317688
659,0,0.29655420780181885,0.3223077654838562,0.38113802671432495
659,1,0.16752095520496368,0.45638856291770935,0.37609046697616577
659,2,0.15890726447105408,0.48162487149238586,0.35946786403656006
660,0,0.29655420780181885,0.3223077654838562,0.38113802671432495
660,1,0.16752095520496368,0.45638856291770935,0.37609046697616577
660,2,0.13684424757957458,0.5077845454216003,0.3553711473941803
661,0,0.29655420780181885,0.3223077654838562,0.38113802671432495
661,1,0.23225730657577515,0.3773807883262634,0.3903619349002838
661,2,0.14497165381908417,0.49509063363075256,0.3599376082420349
662,0,0.29655420780181885,0.3223077654838562,0.38113802671432495
662,1,0.16752168536186218,0.45638731122016907,0.37609097361564636
662,2,0.1457826793193817,0.497030109167099,0.3571871221065521
663,0,0.29655420780181885,0.3223077654838562,0.38113802671432495
663,1,0.16753190755844116,0.45637038350105286,0.3760976791381836
663,2,0.1457921713590622,0.4970129728317261,0.3571948707103729
664,0,0.29655420780181885,0.3223077654838562,0.38113802671432495
664,1,0.23225730657577515,0.3773807883262634,0.3903619349002838
664,2,0.19283024966716766,0.43146032094955444,0.3757094144821167
665,0,0.29655420780181885,0.3223077654838562,0.38113802671432495
665,1,0.16752608120441437,0.45638012886047363,0.37609389424324036
665,2,0.15891291201114655,0.48161521553993225,0.35947185754776
666,0,0.29655420780181885,0.3223077654838562,0.38113802671432495
666,1,0.23225730657577515,0.3773807883262634,0.3903619349002838
666,2,0.17400187253952026,0.4523196518421173,0.3736784756183624
667,0,0.29655420780181885,0.3223077654838562,0.38113802671432495
667,1,0.2069002240896225,0.4032670855522156,0.38983264565467834
667,2,0.16938646137714386,0.4581886827945709,0.3724249005317688
668,0,0.29655420780181885,0.3223077654838562,0.38113802671432495
668,1,0.2069002240896225,0.4032670855522156,0.38983264565467834
668,2,0.16938646137714386,0.4581886827945709,0.3724249005317688
669,0,0.29655420780181885,0.3223077654838562,0.38113802671432495
669,1,0.16752177476882935,0.45638716220855713,0.37609100341796875
669,2,0.1589081734418869,0.4816232919692993,0.3594685196876526
670,0,0.29655420780181885,0.3223077654838562,0.38113802671432495
670,1,0.16752095520496368,0.45638856291770935,0.37609046697616577
670,2,0.13684424757957458,0.5077845454216003,0.3553711473941803
671,0,0.29655420780181885,0.3223077654838562,0.38113802671432495
671,1,0.23225730657577515,0.3773807883262634,0.3903619349002838
671,2,0.14497193694114685,0.49509018659591675,0.359937846660614
672,0,0.29655420780181885,0.3223077654838562,0.38113802671432495
672,1,0.16752207279205322,0.4563867151737213,0.37609124183654785
672,2,0.14578303694725037,0.49702954292297363,0.3571874499320984
673,0,0.29655420780181885,0.3223077654838562,0.38113802671432495
673,1,0.16752153635025024,0.45638760924339294,0.3760908246040344
673,2,0.14578251540660858,0.49703046679496765,0.3571870028972626
674,0,0.29655420780181885,0.3223077654838562,0.38113802671432495
674,1,0.23225730657577515,0.3773807883262634,0.3903619349002838
674,2,0.19283024966716766,0.43146032094955444,0.3757094144821167
675,0,0.29655420780181885,0.3223077654838562,0.38113802671432495
675,1,0.16752687096595764,0.4563787281513214,0.37609437108039856
675,2,0.15891382098197937,0.4816136658191681,0.35947248339653015
676,0,0.29655420780181885,0.3223077654838562,0.38113802671432495
676,1,0.23225730657577515,0.3773807883262634,0.3903619349002838
676,2,0.17400187253952026,0.4523196518421173,0.3736784756183624
677,0,0.29655420780181885,0.3223077654838562,0.38113802671432495
677,1,0.2069002240896225,0.4032670855522156,0.38983264565467834
677,2,0.16938646137714386,0.4581886827945709,0.3724249005317688
678,0,0.29655420780181885,0.3223077654838562,0.38113802671432495
678,1,0.2069002240896225,0.4032670855522156,0.38983264565467834
678,2,0.16938646137714386,0.4581886827945709,0.3724249005317688
679,0,0.29655420780181885,0.3223077654838562,0.38113802671432495
679,1,0.16752095520496368,0.45638856291770935,0.37609046697616577
679,2,0.15890726447105408,0.48162487149238586,0.35946786403656006
680,0,0.29655420780181885,0.3223077654838562,0.38113802671432495
680,1,0.16752095520496368,0.45638856291770935,0.37609046697616577
680,2,0.13684424757957458,0.5077845454216003,0.3553711473941803
681,0,0.29655420780181885,0.3223077654838562,0.38113802671432495
681,1,0.23225730657577515,0.3773807883262634,0.3903619349002838
681,2,0.14497165381908417,0.49509063363075256,0.3599376082420349
682,0,0.29655420780181885,0.3223077654838562,0.38113802671432495
682,1,0.16752168536186218,0.45638731122016907,0.37609097361564636
682,2,0.10046928375959396,0.6751945614814758,0.2243361622095108
683,0,0.2745053470134735,0.3398652970790863,0.3856292963027954
683,1,0.11684617400169373,0.6269279718399048,0.2562258243560791
683,2,0.09929239749908447,0.6793758869171143,0.22133173048496246
684,0,0.2745053470134735,0.3398652970790863,0.3856292963027954
684,1,0.19095130264759064,0.46650856733322144,0.34254005551338196
684,2,0.12525077164173126,0.6119632124900818,0.26278606057167053
685,0,0.2745053470134735,0.3398652970790863,0.3856292963027954
685,1,0.11683868616819382,0.6269482970237732,0.2562130391597748
685,2,0.09928638488054276,0.6793926954269409,0.22132091224193573
686,0,0.2745053470134735,0.3398652970790863,0.3856292963027954
686,1,0.19095130264759064,0.46650856733322144,0.34254005551338196
686,2,0.12525077164173126,0.6119632124900818,0.26278606057167053
687,0,0.2745053470134735,0.3398652970790863,0.3856292963027954
687,1,0.15897858142852783,0.528053343296051,0.31296810507774353
687,2,0.12032363563776016,0.6236656308174133,0.2560107409954071
688,0,0.2745053470134735,0.3398652970790863,0.3856292963027954
688,1,0.15897858142852783,0.528053343296051,0.31296810507774353
688,2,0.12032363563776016,0.6236656308174133,0.2560107409954071
689,0,0.2745053470134735,0.3398652970790863,0.3856292963027954
689,1,0.11683639138936996,0.6269544363021851,0.256209135055542
689,2,0.11120989173650742,0.6536568999290466,0.23513314127922058
690,0,0.2745053470134735,0.3398652970790863,0.3856292963027954
690,1,0.11683598160743713,0.626955509185791,0.2562084496021271
690,2,0.09928425401449203,0.6793987154960632,0.22131706774234772
691,0,0.2745053470134735,0.3398652970790863,0.3856292963027954
691,1,0.19095130264759064,0.46650856733322144,0.34254005551338196
691,2,0.09841631352901459,0.6780602335929871,0.22352345287799835
692,0,0.2745053470134735,0.3398652970790863,0.3856292963027954
692,1,0.11683638393878937,0.6269544959068298,0.2562091052532196
692,2,0.09928453713655472,0.6793978810310364,0.2213175743818283
693,0,0.2745053470134735,0.3398652970790863,0.3856292963027954
693,1,0.11684029549360275,0.6269439458847046,0.25621575117111206
693,2,0.09928767383098602,0.6793891191482544,0.22132323682308197
694,0,0.2745053470134735,0.3398652970790863,0.3856292963027954
694,1,0.19095130264759064,0.46650856733322144,0.34254005551338196
694,2,0.12525077164173126,0.6119632124900818,0.26278606057167053
695,0,0.2745053470134735,0.3398652970790863,0.3856292963027954
695,1,0.11684022843837738,0.6269440650939941,0.2562157213687897
695,2,0.09928766638040543,0.6793891191482544,0.221323162317276
696,0,0.2745053470134735,0.3398652970790863,0.3856292963027954
696,1,0.19095130264759064,0.46650856733322144,0.34254005551338196
696,2,0.12525077164173126,0.6119632124900818,0.26278606057167053
697,0,0.2745053470134735,0.3398652970790863,0.3856292963027954
697,1,0.15897858142852783,0.528053343296051,0.31296810507774353
697,2,0.12032363563776016,0.6236656308174133,0.2560107409954071
698,0,0.2745053470134735,0.3398652970790863,0.3856292963027954
698,1,0.15897858142852783,0.528053343296051,0.31296810507774353
698,2,0.12032363563776016,0.6236656308174133,0.2560107409954071
699,0,0.2745053470134735,0.3398652970790863,0.3856292963027954
699,1,0.11683598160743713,0.626955509185791,0.2562084496021271
699,2,0.11120948940515518,0.6536580920219421,0.23513242602348328
700,0,0.2745053470134735,0.3398652970790863,0.3856292963027954
700,1,0.11683598160743713,0.626955509185791,0.2562084496021271
700,2,0.09928425401449203,0.6793987154960632,0.22131706774234772
701,0,0.2745053470134735,0.3398652970790863,0.3856292963027954
701,1,0.19095130264759064,0.46650856733322144,0.34254005551338196
701,2,0.09841631352901459,0.6780601739883423,0.22352345287799835
702,0,0.2745053470134735,0.3398652970790863,0.3856292963027954
702,1,0.11683598160743713,0.626955509185791,0.2562084496021271
702,2,0.09928425401449203,0.6793987154960632,0.22131706774234772
703,0,0.2745053470134735,0.3398652970790863,0.3856292963027954
703,1,0.11683771759271622,0.6269509196281433,0.25621137022972107
703,2,0.09928561747074127,0.6793948411941528,0.22131948173046112
704,0,0.2745053470134735,0.3398652970790863,0.3856292963027954
704,1,0.19095130264759064,0.46650856733322144,0.34254005551338196
704,2,0.12525077164173126,0.6119632124900818,0.26278606057167053
705,0,0.2745053470134735,0.3398652970790863,0.3856292963027954
705,1,0.11683649569749832,0.626954197883606,0.25620928406715393
705,2,0.09928464889526367,0.6793976426124573,0.22131776809692383
706,0,0.2745053470134735,0.3398652970790863,0.3856292963027954
706,1,0.19095130264759064,0.46650856733322144,0.34254005551338196
706,2,0.12525077164173126,0.6119632124900818,0.26278606057167053
707,0,0.2745053470134735,0.3398652970790863,0.3856292963027954
707,1,0.15897858142852783,0.528053343296051,0.31296810507774353
707,2,0.12032363563776016,0.6236656308174133,0.2560107409954071
708,0,0.2745053470134735,0.3398652970790863,0.3856292963027954
708,1,0.15897858142852783,0.528053343296051,0.31296810507774353
708,2,0.12032363563776016,0.6236656308174133,0.2560107409954071
709,0,0.2745053470134735,0.3398652970790863,0.3856292963027954
709,1,0.11683598160743713,0.626955509185791,0.2562084496021271
709,2,0.11120948940515518,0.6536580920219421,0.23513242602348328
710,0,0.2745053470134735,0.3398652970790863,0.3856292963027954
710,1,0.11683598160743713,0.626955509185791,0.2562084496021271
710,2,0.09928425401449203,0.6793987154960632,0.22131706774234772
711,0,0.2745053470134735,0.3398652970790863,0.3856292963027954
711,1,0.19095130264759064,0.46650856733322144,0.34254005551338196
711,2,0.09841632097959518,0.6780602931976318,0.22352345287799835
712,0,0.2745053470134735,0.3398652970790863,0.3856292963027954
712,1,0.11683635413646698,0.6269545555114746,0.2562090754508972
712,2,0.09928455203771591,0.6793978810310364,0.22131755948066711
713,0,0.2745053470134735,0.3398652970790863,0.3856292963027954
713,1,0.1168370470404625,0.6269527077674866,0.25621023774147034
713,2,0.0992850735783577,0.6793963313102722,0.22131852805614471
714,0,0.2745053470134735,0.3398652970790863,0.3856292963027954
714,1,0.19095130264759064,0.46650856733322144,0.34254005551338196
714,2,0.12525077164173126,0.6119632124900818,0.26278606057167053
715,0,0.2745053470134735,0.3398652970790863,0.3856292963027954
715,1,0.11683598160743713,0.626955509185791,0.2562084496021271
715,2,0.09928425401449203,0.6793987154960632,0.22131706774234772
716,0,0.2745053470134735,0.3398652970790863,0.3856292963027954
716,1,0.19095130264759064,0.46650856733322144,0.34254005551338196
716,2,0.12525077164173126,0.6119632124900818,0.26278606057167053
717,0,0.2745053470134735,0.3398652970790863,0.3856292963027954
717,1,0.15897858142852783,0.528053343296051,0.31296810507774353
717,2,0.12032363563776016,0.6236656308174133,0.2560107409954071
718,0,0.2745053470134735,0.3398652970790863,0.3856292963027954
718,1,0.15897858142852783,0.528053343296051,0.31296810507774353
718,2,0.12032363563776016,0.6236656308174133,0.2560107409954071
719,0,0.2745053470134735,0.3398652970790863,0.3856292963027954
719,1,0.11683598160743713,0.626955509185791,0.2562084496021271
719,2,0.11120948940515518,0.6536580920219421,0.23513242602348328
720,0,0.2745053470134735,0.3398652970790863,0.3856292963027954
720,1,0.11683598160743713,0.626955509185791,0.2562084496021271
720,2,0.09928425401449203,0.6793987154960632,0.22131706774234772
721,0,0.2745053470134735,0.3398652970790863,0.3856292963027954
721,1,0.19095130264759064,0.46650856733322144,0.34254005551338196
721,2,0.09841609001159668,0.6780608296394348,0.2235230654478073
722,0,0.2745053470134735,0.3398652970790863,0.3856292963027954
722,1,0.11683598160743713,0.626955509185791,0.2562084496021271
722,2,0.09928425401449203,0.6793987154960632,0.22131706774234772
723,0,0.2745053470134735,0.3398652970790863,0.3856292963027954
723,1,0.11683723330497742,0.6269522309303284,0.2562105655670166
723,2,0.09928523004055023,0.6793959736824036,0.2213187962770462
724,0,0.2745053470134735,0.3398652970790863,0.3856292963027954
724,1,0.19095130264759064,0.46650856733322144,0.34254005551338196
724,2,0.12525077164173126,0.6119632124900818,0.26278606057167053
725,0,0.2745053470134735,0.3398652970790863,0.3856292963027954
725,1,0.11683687567710876,0.626953125,0.25620993971824646
725,2,0.09928496181964874,0.6793966889381409,0.2213183045387268
726,0,0.2745053470134735,0.3398652970790863,0.3856292963027954
726,1,0.19095130264759064,0.46650856733322144,0.34254005551338196
726,2,0.12525077164173126,0.6119632124900818,0.26278606057167053
727,0,0.2745053470134735,0.3398652970790863,0.3856292963027954
727,1,0.15897858142852783,0.528053343296051,0.31296810507774353
727,2,0.12032363563776016,0.6236656308174133,0.2560107409954071
728,0,0.2745053470134735,0.3398652970790863,0.3856292963027954
728,1,0.15897858142852783,0.528053343296051,0.31296810507774353
728,2,0.12032363563776016,0.6236656308174133,0.2560107409954071
729,0,0.2745053470134735,0.3398652970790863,0.3856292963027954
729,1,0.11683890223503113,0.6269477009773254,0.2562134265899658
729,2,0.11121263355016708,0.6536498665809631,0.23513756692409515
730,0,0.2745053470134735,0.3398652970790863,0.3856292963027954
730,1,0.11683598160743713,0.626955509185791,0.2562084496021271
730,2,0.09928425401449203,0.6793987154960632,0.22131706774234772
731,0,0.2745053470134735,0.3398652970790863,0.3856292963027954
731,1,0.19095130264759064,0.46650856733322144,0.34254005551338196
731,2,0.09841609001159668,0.6780608296394348,0.2235230654478073
732,0,0.2745053470134735,0.3398652970790863,0.3856292963027954
732,1,0.11683641374111176,0.6269543766975403,0.25620919466018677
732,2,0.0992845967411995,0.6793977618217468,0.22131764888763428
733,0,0.2745053470134735,0.3398652970790863,0.3856292963027954
733,1,0.1168379932641983,0.6269501447677612,0.2562118470668793
733,2,0.09928581863641739,0.6793941855430603,0.22131989896297455
734,0,0.2745053470134735,0.3398652970790863,0.3856292963027954
734,1,0.19095130264759064,0.46650856733322144,0.34254005551338196
734,2,0.12525077164173126,0.6119632124900818,0.26278606057167053
735,0,0.2745053470134735,0.3398652970790863,0.3856292963027954
735,1,0.11683700233697891,0.6269528269767761,0.25621020793914795
735,2,0.0992850586771965,0.679396390914917,0.22131851315498352
736,0,0.2745053470134735,0.3398652970790863,0.3856292963027954
736,1,0.19095130264759064,0.46650856733322144,0.34254005551338196
736,2,0.12525077164173126,0.6119632124900818,0.26278606057167053
737,0,0.2745053470134735,0.3398652970790863,0.3856292963027954
737,1,0.15897858142852783,0.528053343296051,0.31296810507774353
737,2,0.12032363563776016,0.6236656308174133,0.2560107409954071
738,0,0.2745053470134735,0.3398652970790863,0.3856292963027954
738,1,0.15897858142852783,0.528053343296051,0.31296810507774353
738,2,0.12032363563776016,0.6236656308174133,0.2560107409954071
739,0,0.2745053470134735,0.3398652970790863,0.3856292963027954
739,1,0.11683598160743713,0.626955509185791,0.2562084496021271
739,2,0.11120948940515518,0.6536580920219421,0.23513242602348328
740,0,0.2745053470134735,0.3398652970790863,0.3856292963027954
740,1,0.11683598160743713,0.626955509185791,0.2562084496021271
740,2,0.09928425401449203,0.6793987154960632,0.22131706774234772
741,0,0.2745053470134735,0.3398652970790863,0.3856292963027954
741,1,0.19095130264759064,0.46650856733322144,0.34254005551338196
741,2,0.09841609001159668,0.6780608296394348,0.2235230654478073
742,0,0.2745053470134735,0.3398652970790863,0.3856292963027954
742,1,0.11683598160743713,0.626955509185791,0.2562084496021271
742,2,0.09928425401449203,0.6793987154960632,0.22131706774234772
743,0,0.2745053470134735,0.3398652970790863,0.3856292963027954
743,1,0.11683723330497742,0.6269522309303284,0.2562105655670166
743,2,0.09928523004055023,0.6793959736824036,0.2213187962770462
744,0,0.2745053470134735,0.3398652970790863,0.3856292963027954
744,1,0.19095130264759064,0.46650856733322144,0.34254005551338196
744,2,0.12525077164173126,0.6119632124900818,0.26278606057167053
745,0,0.2745053470134735,0.3398652970790863,0.3856292963027954
745,1,0.11683687567710876,0.626953125,0.25620993971824646
745,2,0.09928496181964874,0.6793966889381409,0.2213183045387268
746,0,0.2745053470134735,0.3398652970790863,0.3856292963027954
746,1,0.19095130264759064,0.46650856733322144,0.34254005551338196
746,2,0.12525077164173126,0.6119632124900818,0.26278606057167053
747,0,0.2745053470134735,0.3398652970790863,0.3856292963027954
747,1,0.15897858142852783,0.528053343296051,0.31296810507774353
747,2,0.12032363563776016,0.6236656308174133,0.2560107409954071
748,0,0.2745053470134735,0.3398652970790863,0.3856292963027954
748,1,0.15897858142852783,0.528053343296051,0.31296810507774353
748,2,0.12032363563776016,0.6236656308174133,0.2560107409954071
749,0,0.2745053470134735,0.3398652970790863,0.3856292963027954
749,1,0.11683890223503113,0.6269477009773254,0.2562134265899658
749,2,0.11121263355016708,0.6536498665809631,0.23513756692409515
750,0,0.2745053470134735,0.3398652970790863,0.3856292963027954
750,1,0.11683598160743713,0.626955509185791,0.2562084496021271
750,2,0.09928425401449203,0.6793987154960632,0.22131706774234772
751,0,0.2745053470134735,0.3398652970790863,0.3856292963027954
751,1,0.19095130264759064,0.46650856733322144,0.34254005551338196
751,2,0.09841609001159668,0.6780608296394348,0.2235230654478073
752,0,0.2745053470134735,0.3398652970790863,0.3856292963027954
752,1,0.11683641374111176,0.6269543766975403,0.25620919466018677
752,2,0.0992845967411995,0.6793977618217468,0.22131764888763428
753,0,0.2745053470134735,0.3398652970790863,0.3856292963027954
753,1,0.1168379932641983,0.6269501447677612,0.2562118470668793
753,2,0.09928581863641739,0.6793941855430603,0.22131989896297455
754,0,0.2745053470134735,0.3398652970790863,0.3856292963027954
754,1,0.19095130264759064,0.46650856733322144,0.34254005551338196
754,2,0.12525077164173126,0.6119632124900818,0.26278606057167053
755,0,0.2745053470134735,0.3398652970790863,0.3856292963027954
755,1,0.11683700233697891,0.6269528269767761,0.25621020793914795
755,2,0.0992850586771965,0.679396390914917,0.22131851315498352
756,0,0.2745053470134735,0.3398652970790863,0.3856292963027954
756,1,0.19095130264759064,0.46650856733322144,0.34254005551338196
756,2,0.12525077164173126,0.6119632124900818,0.26278606057167053
757,0,0.2745053470134735,0.3398652970790863,0.3856292963027954
757,1,0.15897858142852783,0.528053343296051,0.31296810507774353
757,2,0.12032363563776016,0.6236656308174133,0.2560107409954071
758,0,0.2745053470134735,0.3398652970790863,0.3856292963027954
758,1,0.15897858142852783,0.528053343296051,0.31296810507774353
758,2,0.12032363563776016,0.6236656308174133,0.2560107409954071
759,0,0.2745053470134735,0.3398652970790863,0.3856292963027954
759,1,0.11683598160743713,0.626955509185791,0.2562084496021271
759,2,0.11120948940515518,0.6536580920219421,0.23513242602348328
760,0,0.2745053470134735,0.3398652970790863,0.3856292963027954
760,1,0.11683598160743713,0.626955509185791,0.2562084496021271
760,2,0.09928425401449203,0.6793987154960632,0.22131706774234772
761,0,0.2745053470134735,0.3398652970790863,0.3856292963027954
761,1,0.19095130264759064,0.46650856733322144,0.34254005551338196
761,2,0.09841609001159668,0.6780608296394348,0.2235230654478073
762,0,0.2745053470134735,0.3398652970790863,0.3856292963027954
762,1,0.11683598160743713,0.626955509185791,0.2562084496021271
762,2,0.09928425401449203,0.6793987154960632,0.22131706774234772
763,0,0.2745053470134735,0.3398652970790863,0.3856292963027954
763,1,0.11683723330497742,0.6269522309303284,0.2562105655670166
763,2,0.09928523004055023,0.6793959736824036,0.2213187962770462
764,0,0.2745053470134735,0.3398652970790863,0.3856292963027954
764,1,0.19095130264759064,0.46650856733322144,0.34254005551338196
764,2,0.12525077164173126,0.6119632124900818,0.26278606057167053
765,0,0.2745053470134735,0.3398652970790863,0.3856292963027954
765,1,0.11683687567710876,0.626953125,0.25620993971824646
765,2,0.09928496181964874,0.6793966889381409,0.2213183045387268
766,0,0.2745053470134735,0.3398652970790863,0.3856292963027954
766,1,0.19095130264759064,0.46650856733322144,0.34254005551338196
766,2,0.12525077164173126,0.6119632124900818,0.26278606057167053
767,0,0.2745053470134735,0.3398652970790863,0.3856292963027954
767,1,0.15897858142852783,0.528053343296051,0.31296810507774353
767,2,0.12032363563776016,0.6236656308174133,0.2560107409954071
768,0,0.25450995564460754,0.3512973189353943,0.3941926956176758
768,1,0.10537002980709076,0.6644484400749207,0.2301815152168274
768,2,0.07057871669530869,0.7721327543258667,0.15728841722011566
769,0,0.25450995564460754,0.3512973189353943,0.3941926956176758
769,1,0.06893373280763626,0.7720937132835388,0.1589725762605667
769,2,0.0645298883318901,0.7962058186531067,0.13926434516906738
770,0,0.25450995564460754,0.3512973189353943,0.3941926956176758
770,1,0.06893340498209,0.7720948457717896,0.1589718461036682
770,2,0.057353198528289795,0.814841091632843,0.12780572474002838
771,0,0.25450995564460754,0.3512973189353943,0.3941926956176758
771,1,0.1417538970708847,0.5727300643920898,0.28551599383354187
771,2,0.05704193189740181,0.8126525282859802,0.13030554354190826
772,0,0.25450995564460754,0.3512973189353943,0.3941926956176758
772,1,0.06893403083086014,0.7720927000045776,0.15897324681282043
772,2,0.05735358968377113,0.8148398399353027,0.1278066337108612
773,0,0.25450995564460754,0.3512973189353943,0.3941926956176758
773,1,0.06893422454595566,0.7720920443534851,0.15897373855113983
773,2,0.05735369026660919,0.8148393630981445,0.1278069019317627
774,0,0.25450995564460754,0.3512973189353943,0.3941926956176758
774,1,0.1417538970708847,0.5727300643920898,0.28551599383354187
774,2,0.07454707473516464,0.7601171731948853,0.16533581912517548
775,0,0.25450995564460754,0.3512973189353943,0.3941926956176758
775,1,0.06893381476402283,0.7720934748649597,0.15897274017333984
775,2,0.05735345184803009,0.8148401975631714,0.12780629098415375
776,0,0.25450995564460754,0.3512973189353943,0.3941926956176758
776,1,0.1417538970708847,0.5727300643920898,0.28551599383354187
776,2,0.07454707473516464,0.7601171731948853,0.16533581912517548
777,0,0.25450995564460754,0.3512973189353943,0.3941926956176758
777,1,0.10537002980709076,0.6644484400749207,0.2301815152168274
777,2,0.07057871669530869,0.7721327543258667,0.15728841722011566
778,0,0.25450995564460754,0.3512973189353943,0.3941926956176758
778,1,0.10537002980709076,0.6644484400749207,0.2301815152168274
778,2,0.07057871669530869,0.7721327543258667,0.15728841722011566
779,0,0.25450995564460754,0.3512973189353943,0.3941926956176758
779,1,0.06893340498209,0.7720948457717896,0.1589718461036682
779,2,0.06452958285808563,0.7962067127227783,0.13926367461681366
780,0,0.25450995564460754,0.3512973189353943,0.3941926956176758
780,1,0.06893340498209,0.7720948457717896,0.1589718461036682
780,2,0.057353198528289795,0.814841091632843,0.12780572474002838
781,0,0.25450995564460754,0.3512973189353943,0.3941926956176758
781,1,0.1417538970708847,0.5727300643920898,0.28551599383354187
781,2,0.05704181641340256,0.8126528859138489,0.1303052306175232
782,0,0.25450995564460754,0.3512973189353943,0.3941926956176758
782,1,0.06893366575241089,0.7720938920974731,0.15897245705127716
782,2,0.05735335871577263,0.8148404359817505,0.12780609726905823
783,0,0.25450995564460754,0.3512973189353943,0.3941926956176758
783,1,0.06893438845872879,0.7720915675163269,0.15897412598133087
783,2,0.057353805750608444,0.8148390054702759,0.1278071403503418
784,0,0.25450995564460754,0.3512973189353943,0.3941926956176758
784,1,0.1417538970708847,0.5727300643920898,0.28551599383354187
784,2,0.07454707473516464,0.7601171731948853,0.16533581912517548
785,0,0.25450995564460754,0.3512973189353943,0.3941926956176758
785,1,0.06893376260995865,0.7720937132835388,0.1589726358652115
785,2,0.05735341086983681,0.8148403763771057,0.12780623137950897
786,0,0.25450995564460754,0.3512973189353943,0.3941926956176758
786,1,0.1417538970708847,0.5727300643920898,0.28551599383354187
786,2,0.07454707473516464,0.7601171731948853,0.16533581912517548
787,0,0.25450995564460754,0.3512973189353943,0.3941926956176758
787,1,0.10537002980709076,0.6644484400749207,0.2301815152168274
787,2,0.07057871669530869,0.7721327543258667,0.15728841722011566
788,0,0.25450995564460754,0.3512973189353943,0.3941926956176758
788,1,0.10537002980709076,0.6644484400749207,0.2301815152168274
788,2,0.07057871669530869,0.7721327543258667,0.15728841722011566
789,0,0.25450995564460754,0.3512973189353943,0.3941926956176758
789,1,0.06893399357795715,0.7720927596092224,0.15897320210933685
789,2,0.0645301565527916,0.7962049245834351,0.13926491141319275
790,0,0.25450995564460754,0.3512973189353943,0.3941926956176758
790,1,0.06893340498209,0.7720948457717896,0.1589718461036682
790,2,0.057353198528289795,0.814841091632843,0.12780572474002838
791,0,0.25450995564460754,0.3512973189353943,0.3941926956176758
791,1,0.1417538970708847,0.5727300643920898,0.28551599383354187
791,2,0.05704181641340256,0.8126528859138489,0.1303052306175232
792,0,0.25450995564460754,0.3512973189353943,0.3941926956176758
792,1,0.06893366575241089,0.7720938920974731,0.15897245705127716
792,2,0.05735335871577263,0.8148404359817505,0.12780609726905823
793,0,0.25450995564460754,0.3512973189353943,0.3941926956176758
793,1,0.06893438845872879,0.7720915675163269,0.15897412598133087
793,2,0.057353805750608444,0.8148390054702759,0.1278071403503418
794,0,0.25450995564460754,0.3512973189353943,0.3941926956176758
794,1,0.1417538970708847,0.5727300643920898,0.28551599383354187
794,2,0.07454707473516464,0.7601171731948853,0.16533581912517548
795,0,0.25450995564460754,0.3512973189353943,0.3941926956176758
795,1,0.06893376260995865,0.7720937132835388,0.1589726358652115
795,2,0.05735341086983681,0.8148403763771057,0.12780623137950897
796,0,0.25450995564460754,0.3512973189353943,0.3941926956176758
796,1,0.1417538970708847,0.5727300643920898,0.28551599383354187
796,2,0.07454707473516464,0.7601171731948853,0.16533581912517548
797,0,0.25450995564460754,0.3512973189353943,0.3941926956176758
797,1,0.10537002980709076,0.6644484400749207,0.2301815152168274
797,2,0.07057871669530869,0.7721327543258667,0.15728841722011566
798,0,0.25450995564460754,0.3512973189353943,0.3941926956176758
798,1,0.10537002980709076,0.6644484400749207,0.2301815152168274
798,2,0.07057871669530869,0.7721327543258667,0.15728841722011566
799,0,0.25450995564460754,0.3512973189353943,0.3941926956176758
799,1,0.06893399357795715,0.7720927596092224,0.15897320210933685
799,2,0.0645301565527916,0.7962049245834351,0.13926491141319275
800,0,0.25450995564460754,0.3512973189353943,0.3941926956176758
800,1,0.06893340498209,0.7720948457717896,0.1589718461036682
800,2,0.057353198528289795,0.814841091632843,0.12780572474002838
801,0,0.25450995564460754,0.3512973189353943,0.3941926956176758
801,1,0.1417538970708847,0.5727300643920898,0.28551599383354187
801,2,0.05704181641340256,0.8126528859138489,0.1303052306175232
802,0,0.25450995564460754,0.3512973189353943,0.3941926956176758
802,1,0.06893366575241089,0.7720938920974731,0.15897245705127716
802,2,0.05735335871577263,0.8148404359817505,0.12780609726905823
803,0,0.25450995564460754,0.3512973189353943,0.3941926956176758
803,1,0.06893438845872879,0.7720915675163269,0.15897412598133087
803,2,0.057353805750608444,0.8148390054702759,0.1278071403503418
804,0,0.25450995564460754,0.3512973189353943,0.3941926956176758
804,1,0.1417538970708847,0.5727300643920898,0.28551599383354187
804,2,0.07454707473516464,0.7601171731948853,0.16533581912517548
805,0,0.25450995564460754,0.3512973189353943,0.3941926956176758
805,1,0.06893376260995865,0.7720937132835388,0.1589726358652115
805,2,0.05735341086983681,0.8148403763771057,0.12780623137950897
806,0,0.25450995564460754,0.3512973189353943,0.3941926956176758
806,1,0.1417538970708847,0.5727300643920898,0.28551599383354187
806,2,0.07454707473516464,0.7601171731948853,0.16533581912517548
807,0,0.25450995564460754,0.3512973189353943,0.3941926956176758
807,1,0.10537002980709076,0.6644484400749207,0.2301815152168274
807,2,0.07057871669530869,0.7721327543258667,0.15728841722011566
808,0,0.25450995564460754,0.3512973189353943,0.3941926956176758
808,1,0.10537002980709076,0.6644484400749207,0.2301815152168274
808,2,0.07057871669530869,0.7721327543258667,0.15728841722011566
809,0,0.25450995564460754,0.3512973189353943,0.3941926956176758
809,1,0.06893399357795715,0.7720927596092224,0.15897320210933685
809,2,0.0645301565527916,0.7962049245834351,0.13926491141319275
810,0,0.25450995564460754,0.3512973189353943,0.3941926956176758
810,1,0.06893340498209,0.7720948457717896,0.1589718461036682
810,2,0.057353198528289795,0.814841091632843,0.12780572474002838
811,0,0.25450995564460754,0.3512973189353943,0.3941926956176758
811,1,0.1417538970708847,0.5727300643920898,0.28551599383354187
811,2,0.05704181641340256,0.8126528859138489,0.1303052306175232
812,0,0.25450995564460754,0.3512973189353943,0.3941926956176758
812,1,0.06893366575241089,0.7720938920974731,0.15897245705127716
812,2,0.05735335871577263,0.8148404359817505,0.12780609726905823
813,0,0.25450995564460754,0.3512973189353943,0.3941926956176758
813,1,0.06893438845872879,0.7720915675163269,0.15897412598133087
813,2,0.057353805750608444,0.8148390054702759,0.1278071403503418
814,0,0.25450995564460754,0.3512973189353943,0.3941926956176758
814,1,0.1417538970708847,0.5727300643920898,0.28551599383354187
814,2,0.07454707473516464,0.7601171731948853,0.16533581912517548
815,0,0.25450995564460754,0.3512973189353943,0.3941926956176758
815,1,0.06893376260995865,0.7720937132835388,0.1589726358652115
815,2,0.05735341086983681,0.8148403763771057,0.12780623137950897
816,0,0.25450995564460754,0.3512973189353943,0.3941926956176758
816,1,0.1417538970708847,0.5727300643920898,0.28551599383354187
816,2,0.07454707473516464,0.7601171731948853,0.16533581912517548
817,0,0.25450995564460754,0.3512973189353943,0.3941926956176758
817,1,0.10537002980709076,0.6644484400749207,0.2301815152168274
817,2,0.07057871669530869,0.7721327543258667,0.15728841722011566
818,0,0.25450995564460754,0.3512973189353943,0.3941926956176758
818,1,0.10537002980709076,0.6644484400749207,0.2301815152168274
818,2,0.07057871669530869,0.7721327543258667,0.15728841722011566
819,0,0.25450995564460754,0.3512973189353943,0.3941926956176758
819,1,0.06893399357795715,0.7720927596092224,0.15897320210933685
819,2,0.0645301565527916,0.7962049245834351,0.13926491141319275
820,0,0.25450995564460754,0.3512973189353943,0.3941926956176758
820,1,0.06893340498209,0.7720948457717896,0.1589718461036682
820,2,0.057353198528289795,0.814841091632843,0.12780572474002838
821,0,0.25450995564460754,0.3512973189353943,0.3941926956176758
821,1,0.1417538970708847,0.5727300643920898,0.28551599383354187
821,2,0.05704181641340256,0.8126528859138489,0.1303052306175232
822,0,0.25450995564460754,0.3512973189353943,0.3941926956176758
822,1,0.06893366575241089,0.7720938920974731,0.15897245705127716
822,2,0.05735335871577263,0.8148404359817505,0.12780609726905823
823,0,0.25450995564460754,0.3512973189353943,0.3941926956176758
823,1,0.06893438845872879,0.7720915675163269,0.15897412598133087
823,2,0.057353805750608444,0.8148390054702759,0.1278071403503418
824,0,0.25450995564460754,0.3512973189353943,0.3941926956176758
824,1,0.1417538970708847,0.5727300643920898,0.28551599383354187
824,2,0.07454707473516464,0.7601171731948853,0.16533581912517548
825,0,0.25450995564460754,0.3512973189353943,0.3941926956176758
825,1,0.06893376260995865,0.7720937132835388,0.1589726358652115
825,2,0.05735341086983681,0.8148403763771057,0.12780623137950897
826,0,0.25450995564460754,0.3512973189353943,0.3941926956176758
826,1,0.1417538970708847,0.5727300643920898,0.28551599383354187
826,2,0.07454707473516464,0.7601171731948853,0.16533581912517548
827,0,0.25450995564460754,0.3512973189353943,0.3941926956176758
827,1,0.10537002980709076,0.6644484400749207,0.2301815152168274
827,2,0.07057871669530869,0.7721327543258667,0.15728841722011566
828,0,0.25450995564460754,0.3512973189353943,0.3941926956176758
828,1,0.10537002980709076,0.6644484400749207,0.2301815152168274
828,2,0.07057871669530869,0.7721327543258667,0.15728841722011566
829,0,0.25450995564460754,0.3512973189353943,0.3941926956176758
829,1,0.06893399357795715,0.7720927596092224,0.15897320210933685
829,2,0.0645301565527916,0.7962049245834351,0.13926491141319275
830,0,0.25450995564460754,0.3512973189353943,0.3941926956176758
830,1,0.06893340498209,0.7720948457717896,0.1589718461036682
830,2,0.057353198528289795,0.814841091632843,0.12780572474002838
831,0,0.25450995564460754,0.3512973189353943,0.3941926956176758
831,1,0.1417538970708847,0.5727300643920898,0.28551599383354187
831,2,0.05704181641340256,0.8126528859138489,0.1303052306175232
832,0,0.25450995564460754,0.3512973189353943,0.3941926956176758
832,1,0.06893366575241089,0.7720938920974731,0.15897245705127716
832,2,0.05735335871577263,0.8148404359817505,0.12780609726905823
833,0,0.25450995564460754,0.3512973189353943,0.3941926956176758
833,1,0.06893438845872879,0.7720915675163269,0.15897412598133087
833,2,0.057353805750608444,0.8148390054702759,0.1278071403503418
834,0,0.25450995564460754,0.3512973189353943,0.3941926956176758
834,1,0.1417538970708847,0.5727300643920898,0.28551599383354187
834,2,0.07454707473516464,0.7601171731948853,0.16533581912517548
835,0,0.25450995564460754,0.3512973189353943,0.3941926956176758
835,1,0.06893376260995865,0.7720937132835388,0.1589726358652115
835,2,0.05735341086983681,0.8148403763771057,0.12780623137950897
836,0,0.25450995564460754,0.3512973189353943,0.3941926956176758
836,1,0.1417538970708847,0.5727300643920898,0.28551599383354187
836,2,0.07454707473516464,0.7601171731948853,0.16533581912517548
837,0,0.25450995564460754,0.3512973189353943,0.3941926956176758
837,1,0.10537002980709076,0.6644484400749207,0.2301815152168274
837,2,0.07057871669530869,0.7721327543258667,0.15728841722011566
838,0,0.25450995564460754,0.3512973189353943,0.3941926956176758
838,1,0.10537002980709076,0.6644484400749207,0.2301815152168274
838,2,0.07057871669530869,0.7721327543258667,0.15728841722011566
839,0,0.25450995564460754,0.3512973189353943,0.3941926956176758
839,1,0.06893399357795715,0.7720927596092224,0.15897320210933685
839,2,0.0645301565527916,0.7962049245834351,0.13926491141319275
840,0,0.25450995564460754,0.3512973189353943,0.3941926956176758
840,1,0.06893340498209,0.7720948457717896,0.1589718461036682
840,2,0.057353198528289795,0.814841091632843,0.12780572474002838
841,0,0.25450995564460754,0.3512973189353943,0.3941926956176758
841,1,0.1417538970708847,0.5727300643920898,0.28551599383354187
841,2,0.05704181641340256,0.8126528859138489,0.1303052306175232
842,0,0.25450995564460754,0.3512973189353943,0.3941926956176758
842,1,0.06893366575241089,0.7720938920974731,0.15897245705127716
842,2,0.05735335871577263,0.8148404359817505,0.12780609726905823
843,0,0.25450995564460754,0.3512973189353943,0.3941926956176758
843,1,0.06893438845872879,0.7720915675163269,0.15897412598133087
843,2,0.057353805750608444,0.8148390054702759,0.1278071403503418
844,0,0.25450995564460754,0.3512973189353943,0.3941926956176758
844,1,0.1417538970708847,0.5727300643920898,0.28551599383354187
844,2,0.07454707473516464,0.7601171731948853,0.16533581912517548
845,0,0.25450995564460754,0.3512973189353943,0.3941926956176758
845,1,0.06893376260995865,0.7720937132835388,0.1589726358652115
845,2,0.05735341086983681,0.8148403763771057,0.12780623137950897
846,0,0.25450995564460754,0.3512973189353943,0.3941926956176758
846,1,0.1417538970708847,0.5727300643920898,0.28551599383354187
846,2,0.07454707473516464,0.7601171731948853,0.16533581912517548
847,0,0.25450995564460754,0.3512973189353943,0.3941926956176758
847,1,0.10537002980709076,0.6644484400749207,0.2301815152168274
847,2,0.07057871669530869,0.7721327543258667,0.15728841722011566
848,0,0.25450995564460754,0.3512973189353943,0.3941926956176758
848,1,0.10537002980709076,0.6644484400749207,0.2301815152168274
848,2,0.07057871669530869,0.7721327543258667,0.15728841722011566
849,0,0.25450995564460754,0.3512973189353943,0.3941926956176758
849,1,0.06893399357795715,0.7720927596092224,0.15897320210933685
849,2,0.0645301565527916,0.7962049245834351,0.13926491141319275
850,0,0.25450995564460754,0.3512973189353943,0.3941926956176758
850,1,0.06893340498209,0.7720948457717896,0.1589718461036682
850,2,0.057353198528289795,0.814841091632843,0.12780572474002838
851,0,0.25450995564460754,0.3512973189353943,0.3941926956176758
851,1,0.1417538970708847,0.5727300643920898,0.28551599383354187
851,2,0.05704181641340256,0.8126528859138489,0.1303052306175232
852,0,0.25450995564460754,0.3512973189353943,0.3941926956176758
852,1,0.06893366575241089,0.7720938920974731,0.15897245705127716
852,2,0.05735335871577263,0.8148404359817505,0.12780609726905823
853,0,0.25450995564460754,0.3512973189353943,0.3941926956176758
853,1,0.08913595974445343,0.6265716552734375,0.28429239988327026
853,2,0.0738075003027916,0.694828450679779,0.23136404156684875
854,0,0.26202040910720825,0.28458788990974426,0.4533917009830475
854,1,0.17636707425117493,0.3960868716239929,0.42754602432250977
854,2,0.10175450146198273,0.5964567065238953,0.3017887771129608
855,0,0.26202040910720825,0.28458788990974426,0.4533917009830475
855,1,0.08985557407140732,0.6231170892715454,0.28702738881111145
855,2,0.07405603677034378,0.6935186386108398,0.23242533206939697
856,0,0.26202040910720825,0.28458788990974426,0.4533917009830475
856,1,0.17636707425117493,0.3960868716239929,0.42754602432250977
856,2,0.10175450146198273,0.5964567065238953,0.3017887771129608
857,0,0.26202040910720825,0.28458788990974426,0.4533917009830475
857,1,0.1373249888420105,0.4815206527709961,0.3811544179916382
857,2,0.09592840820550919,0.6152642965316772,0.28880730271339417
858,0,0.26202040910720825,0.28458788990974426,0.4533917009830475
858,1,0.1373249888420105,0.4815206527709961,0.3811544179916382
858,2,0.09592840820550919,0.6152642965316772,0.28880730271339417
859,0,0.26202040910720825,0.28458788990974426,0.4533917009830475
859,1,0.08985541760921478,0.6231176257133484,0.2870270311832428
859,2,0.08623654395341873,0.6599065661430359,0.2538568377494812
860,0,0.26202040910720825,0.28458788990974426,0.4533917009830475
860,1,0.08985452353954315,0.6231208443641663,0.2870246171951294
860,2,0.0740552544593811,0.6935216188430786,0.2324231117963791
861,0,0.26202040910720825,0.28458788990974426,0.4533917009830475
861,1,0.17636707425117493,0.3960868716239929,0.42754602432250977
861,2,0.07326814532279968,0.6888653039932251,0.23786653578281403
862,0,0.26202040910720825,0.28458788990974426,0.4533917009830475
862,1,0.08985452353954315,0.6231208443641663,0.2870246171951294
862,2,0.0740552544593811,0.6935216188430786,0.2324231117963791
863,0,0.26202040910720825,0.28458788990974426,0.4533917009830475
863,1,0.08985576778650284,0.6231163740158081,0.28702792525291443
863,2,0.07405617833137512,0.6935180425643921,0.2324257344007492
864,0,0.26202040910720825,0.28458788990974426,0.4533917009830475
864,1,0.17636707425117493,0.3960868716239929,0.42754602432250977
864,2,0.10175450146198273,0.5964567065238953,0.3017887771129608
865,0,0.26202040910720825,0.28458788990974426,0.4533917009830475
865,1,0.08985539525747299,0.6231176257133484,0.287026971578598
865,2,0.07405592501163483,0.693519115447998,0.23242497444152832
866,0,0.26202040910720825,0.28458788990974426,0.4533917009830475
866,1,0.17636707425117493,0.3960868716239929,0.42754602432250977
866,2,0.10175450146198273,0.5964567065238953,0.3017887771129608
867,0,0.26202040910720825,0.28458788990974426,0.4533917009830475
867,1,0.1373249888420105,0.4815206527709961,0.3811544179916382
867,2,0.09592840820550919,0.6152642965316772,0.28880730271339417
868,0,0.26202040910720825,0.28458788990974426,0.4533917009830475
868,1,0.1373249888420105,0.4815206527709961,0.3811544179916382
868,2,0.09592840820550919,0.6152642965316772,0.28880730271339417
869,0,0.26202040910720825,0.28458788990974426,0.4533917009830475
869,1,0.08985745161771774,0.6231101155281067,0.28703245520591736
869,2,0.0862388163805008,0.659898579120636,0.253862589597702
870,0,0.26202040910720825,0.28458788990974426,0.4533917009830475
870,1,0.08985452353954315,0.6231208443641663,0.2870246171951294
870,2,0.0740552544593811,0.6935216188430786,0.2324231117963791
871,0,0.26202040910720825,0.28458788990974426,0.4533917009830475
871,1,0.17636707425117493,0.3960868716239929,0.42754602432250977
871,2,0.07326814532279968,0.6888653039932251,0.23786653578281403
872,0,0.26202040910720825,0.28458788990974426,0.4533917009830475
872,1,0.08985493332147598,0.6231193542480469,0.2870257496833801
872,2,0.07405556738376617,0.6935204267501831,0.23242400586605072
873,0,0.26202040910720825,0.28458788990974426,0.4533917009830475
873,1,0.08985654264688492,0.6231135129928589,0.28703001141548157
873,2,0.07405677437782288,0.6935157775878906,0.2324274182319641
874,0,0.26202040910720825,0.28458788990974426,0.4533917009830475
874,1,0.17636707425117493,0.3960868716239929,0.42754602432250977
874,2,0.10175450146198273,0.5964567065238953,0.3017887771129608
875,0,0.26202040910720825,0.28458788990974426,0.4533917009830475
875,1,0.08985555171966553,0.6231170892715454,0.28702735900878906
875,2,0.07405602186918259,0.6935186982154846,0.23242531716823578
876,0,0.26202040910720825,0.28458788990974426,0.4533917009830475
876,1,0.17636707425117493,0.3960868716239929,0.42754602432250977
876,2,0.10175450146198273,0.5964567065238953,0.3017887771129608
877,0,0.26202040910720825,0.28458788990974426,0.4533917009830475
877,1,0.1373249888420105,0.4815206527709961,0.3811544179916382
877,2,0.09592840820550919,0.6152642965316772,0.28880730271339417
878,0,0.26202040910720825,0.28458788990974426,0.4533917009830475
878,1,0.1373249888420105,0.4815206527709961,0.3811544179916382
878,2,0.09592840820550919,0.6152642965316772,0.28880730271339417
879,0,0.26202040910720825,0.28458788990974426,0.4533917009830475
879,1,0.08985452353954315,0.6231208443641663,0.2870246171951294
879,2,0.08623553067445755,0.6599100828170776,0.253854364156723
880,0,0.26202040910720825,0.28458788990974426,0.4533917009830475
880,1,0.08985452353954315,0.6231208443641663,0.2870246171951294
880,2,0.0740552544593811,0.6935216188430786,0.2324231117963791
881,0,0.26202040910720825,0.28458788990974426,0.4533917009830475
881,1,0.17636707425117493,0.3960868716239929,0.42754602432250977
881,2,0.07326814532279968,0.6888653039932251,0.23786653578281403
882,0,0.26202040910720825,0.28458788990974426,0.4533917009830475
882,1,0.08985452353954315,0.6231208443641663,0.2870246171951294
882,2,0.0740552544593811,0.6935216188430786,0.2324231117963791
883,0,0.26202040910720825,0.28458788990974426,0.4533917009830475
883,1,0.08985576778650284,0.6231163740158081,0.28702792525291443
883,2,0.07405617833137512,0.6935180425643921,0.2324257344007492
884,0,0.26202040910720825,0.28458788990974426,0.4533917009830475
884,1,0.17636707425117493,0.3960868716239929,0.42754602432250977
884,2,0.10175450146198273,0.5964567065238953,0.3017887771129608
885,0,0.26202040910720825,0.28458788990974426,0.4533917009830475
885,1,0.08985539525747299,0.6231176257133484,0.287026971578598
885,2,0.07405592501163483,0.693519115447998,0.23242497444152832
886,0,0.26202040910720825,0.28458788990974426,0.4533917009830475
886,1,0.17636707425117493,0.3960868716239929,0.42754602432250977
886,2,0.10175450146198273,0.5964567065238953,0.3017887771129608
887,0,0.26202040910720825,0.28458788990974426,0.4533917009830475
887,1,0.1373249888420105,0.4815206527709961,0.3811544179916382
887,2,0.09592840820550919,0.6152642965316772,0.28880730271339417
888,0,0.26202040910720825,0.28458788990974426,0.4533917009830475
888,1,0.1373249888420105,0.4815206527709961,0.3811544179916382
888,2,0.09592840820550919,0.6152642965316772,0.28880730271339417
889,0,0.26202040910720825,0.28458788990974426,0.4533917009830475
889,1,0.08985745161771774,0.6231101155281067,0.28703245520591736
889,2,0.0862388163805008,0.659898579120636,0.253862589597702
890,0,0.26202040910720825,0.28458788990974426,0.4533917009830475
890,1,0.08985452353954315,0.6231208443641663,0.2870246171951294
890,2,0.0740552544593811,0.6935216188430786,0.2324231117963791
891,0,0.26202040910720825,0.28458788990974426,0.4533917009830475
891,1,0.17636707425117493,0.3960868716239929,0.42754602432250977
891,2,0.07326814532279968,0.6888653039932251,0.23786653578281403
892,0,0.26202040910720825,0.28458788990974426,0.4533917009830475
892,1,0.08985493332147598,0.6231193542480469,0.2870257496833801
892,2,0.07405556738376617,0.6935204267501831,0.23242400586605072
893,0,0.26202040910720825,0.28458788990974426,0.4533917009830475
893,1,0.08985654264688492,0.6231135129928589,0.28703001141548157
893,2,0.07405677437782288,0.6935157775878906,0.2324274182319641
894,0,0.26202040910720825,0.28458788990974426,0.4533917009830475
894,1,0.17636707425117493,0.3960868716239929,0.42754602432250977
894,2,0.10175450146198273,0.5964567065238953,0.3017887771129608
895,0,0.26202040910720825,0.28458788990974426,0.4533917009830475
895,1,0.08985555171966553,0.6231170892715454,0.28702735900878906
895,2,0.07405602186918259,0.6935186982154846,0.23242531716823578
896,0,0.26202040910720825,0.28458788990974426,0.4533917009830475
896,1,0.17636707425117493,0.3960868716239929,0.42754602432250977
896,2,0.10175450146198273,0.5964567065238953,0.3017887771129608
897,0,0.26202040910720825,0.28458788990974426,0.4533917009830475
897,1,0.1373249888420105,0.4815206527709961,0.3811544179916382
897,2,0.09592840820550919,0.6152642965316772,0.28880730271339417
898,0,0.26202040910720825,0.28458788990974426,0.4533917009830475
898,1,0.1373249888420105,0.4815206527709961,0.3811544179916382
898,2,0.09592840820550919,0.6152642965316772,0.28880730271339417
899,0,0.26202040910720825,0.28458788990974426,0.4533917009830475
899,1,0.08985452353954315,0.6231208443641663,0.2870246171951294
899,2,0.08623553067445755,0.6599100828170776,0.253854364156723
900,0,0.26202040910720825,0.28458788990974426,0.4533917009830475
900,1,0.08985452353954315,0.6231208443641663,0.2870246171951294
900,2,0.0740552544593811,0.6935216188430786,0.2324231117963791
901,0,0.26202040910720825,0.28458788990974426,0.4533917009830475
901,1,0.17636707425117493,0.3960868716239929,0.42754602432250977
901,2,0.07326814532279968,0.6888653039932251,0.23786653578281403
902,0,0.26202040910720825,0.28458788990974426,0.4533917009830475
902,1,0.08985452353954315,0.6231208443641663,0.2870246171951294
902,2,0.0740552544593811,0.6935216188430786,0.2324231117963791
903,0,0.26202040910720825,0.28458788990974426,0.4533917009830475
903,1,0.08985576778650284,0.6231163740158081,0.28702792525291443
903,2,0.07405617833137512,0.6935180425643921,0.2324257344007492
904,0,0.26202040910720825,0.28458788990974426,0.4533917009830475
904,1,0.17636707425117493,0.3960868716239929,0.42754602432250977
904,2,0.10175450146198273,0.5964567065238953,0.3017887771129608
905,0,0.26202040910720825,0.28458788990974426,0.4533917009830475
905,1,0.08985539525747299,0.6231176257133484,0.287026971578598
905,2,0.07405592501163483,0.693519115447998,0.23242497444152832
906,0,0.26202040910720825,0.28458788990974426,0.4533917009830475
906,1,0.17636707425117493,0.3960868716239929,0.42754602432250977
906,2,0.10175450146198273,0.5964567065238953,0.3017887771129608
907,0,0.26202040910720825,0.28458788990974426,0.4533917009830475
907,1,0.1373249888420105,0.4815206527709961,0.3811544179916382
907,2,0.09592840820550919,0.6152642965316772,0.28880730271339417
908,0,0.26202040910720825,0.28458788990974426,0.4533917009830475
908,1,0.1373249888420105,0.4815206527709961,0.3811544179916382
908,2,0.09592840820550919,0.6152642965316772,0.28880730271339417
909,0,0.26202040910720825,0.28458788990974426,0.4533917009830475
909,1,0.08985745161771774,0.6231101155281067,0.28703245520591736
909,2,0.0862388163805008,0.659898579120636,0.253862589597702
910,0,0.26202040910720825,0.28458788990974426,0.4533917009830475
910,1,0.08985452353954315,0.6231208443641663,0.2870246171951294
910,2,0.0740552544593811,0.6935216188430786,0.2324231117963791
911,0,0.26202040910720825,0.28458788990974426,0.4533917009830475
911,1,0.17636707425117493,0.3960868716239929,0.42754602432250977
911,2,0.07326814532279968,0.6888653039932251,0.23786653578281403
912,0,0.26202040910720825,0.28458788990974426,0.4533917009830475
912,1,0.08985493332147598,0.6231193542480469,0.2870257496833801
912,2,0.07405556738376617,0.6935204267501831,0.23242400586605072
913,0,0.26202040910720825,0.28458788990974426,0.4533917009830475
913,1,0.08985654264688492,0.6231135129928589,0.28703001141548157
913,2,0.07405677437782288,0.6935157775878906,0.2324274182319641
914,0,0.26202040910720825,0.28458788990974426,0.4533917009830475
914,1,0.17636707425117493,0.3960868716239929,0.42754602432250977
914,2,0.10175450146198273,0.5964567065238953,0.3017887771129608
915,0,0.26202040910720825,0.28458788990974426,0.4533917009830475
915,1,0.08985555171966553,0.6231170892715454,0.28702735900878906
915,2,0.07405602186918259,0.6935186982154846,0.23242531716823578
916,0,0.26202040910720825,0.28458788990974426,0.4533917009830475
916,1,0.17636707425117493,0.3960868716239929,0.42754602432250977
916,2,0.10175450146198273,0.5964567065238953,0.3017887771129608
917,0,0.26202040910720825,0.28458788990974426,0.4533917009830475
917,1,0.1373249888420105,0.4815206527709961,0.3811544179916382
917,2,0.09592840820550919,0.6152642965316772,0.28880730271339417
918,0,0.26202040910720825,0.28458788990974426,0.4533917009830475
918,1,0.1373249888420105,0.4815206527709961,0.3811544179916382
918,2,0.09592840820550919,0.6152642965316772,0.28880730271339417
919,0,0.26202040910720825,0.28458788990974426,0.4533917009830475
919,1,0.08985452353954315,0.6231208443641663,0.2870246171951294
919,2,0.08623553067445755,0.6599100828170776,0.253854364156723
920,0,0.26202040910720825,0.28458788990974426,0.4533917009830475
920,1,0.08985452353954315,0.6231208443641663,0.2870246171951294
920,2,0.0740552544593811,0.6935216188430786,0.2324231117963791
921,0,0.26202040910720825,0.28458788990974426,0.4533917009830475
921,1,0.17636707425117493,0.3960868716239929,0.42754602432250977
921,2,0.07326814532279968,0.6888653039932251,0.23786653578281403
922,0,0.26202040910720825,0.28458788990974426,0.4533917009830475
922,1,0.08985452353954315,0.6231208443641663,0.2870246171951294
922,2,0.0740552544593811,0.6935216188430786,0.2324231117963791
923,0,0.26202040910720825,0.28458788990974426,0.4533917009830475
923,1,0.08985576778650284,0.6231163740158081,0.28702792525291443
923,2,0.07405617833137512,0.6935180425643921,0.2324257344007492
924,0,0.26202040910720825,0.28458788990974426,0.4533917009830475
924,1,0.17636707425117493,0.3960868716239929,0.42754602432250977
924,2,0.10175450146198273,0.5964567065238953,0.3017887771129608
925,0,0.26202040910720825,0.28458788990974426,0.4533917009830475
925,1,0.08985539525747299,0.6231176257133484,0.287026971578598
925,2,0.07405592501163483,0.693519115447998,0.23242497444152832
926,0,0.26202040910720825,0.28458788990974426,0.4533917009830475
926,1,0.17636707425117493,0.3960868716239929,0.42754602432250977
926,2,0.10175450146198273,0.5964567065238953,0.3017887771129608
927,0,0.26202040910720825,0.28458788990974426,0.4533917009830475
927,1,0.1373249888420105,0.4815206527709961,0.3811544179916382
927,2,0.09592840820550919,0.6152642965316772,0.28880730271339417
928,0,0.26202040910720825,0.28458788990974426,0.4533917009830475
928,1,0.1373249888420105,0.4815206527709961,0.3811544179916382
928,2,0.09592840820550919,0.6152642965316772,0.28880730271339417
929,0,0.26202040910720825,0.28458788990974426,0.4533917009830475
929,1,0.08985745161771774,0.6231101155281067,0.28703245520591736
929,2,0.0862388163805008,0.659898579120636,0.253862589597702
930,0,0.26202040910720825,0.28458788990974426,0.4533917009830475
930,1,0.08985452353954315,0.6231208443641663,0.2870246171951294
930,2,0.0740552544593811,0.6935216188430786,0.2324231117963791
931,0,0.26202040910720825,0.28458788990974426,0.4533917009830475
931,1,0.17636707425117493,0.3960868716239929,0.42754602432250977
931,2,0.07326814532279968,0.6888653039932251,0.23786653578281403
932,0,0.26202040910720825,0.28458788990974426,0.4533917009830475
932,1,0.08985493332147598,0.6231193542480469,0.2870257496833801
932,2,0.07405556738376617,0.6935204267501831,0.23242400586605072
933,0,0.26202040910720825,0.28458788990974426,0.4533917009830475
933,1,0.08985654264688492,0.6231135129928589,0.28703001141548157
933,2,0.07405677437782288,0.6935157775878906,0.2324274182319641
934,0,0.26202040910720825,0.28458788990974426,0.4533917009830475
934,1,0.17636707425117493,0.3960868716239929,0.42754602432250977
934,2,0.10175450146198273,0.5964567065238953,0.3017887771129608
935,0,0.26202040910720825,0.28458788990974426,0.4533917009830475
935,1,0.08985555171966553,0.6231170892715454,0.28702735900878906
935,2,0.07405602186918259,0.6935186982154846,0.23242531716823578
936,0,0.26202040910720825,0.28458788990974426,0.4533917009830475
936,1,0.17636707425117493,0.3960868716239929,0.42754602432250977
936,2,0.10175450146198273,0.5964567065238953,0.3017887771129608
937,0,0.26202040910720825,0.28458788990974426,0.4533917009830475
937,1,0.1373249888420105,0.4815206527709961,0.3811544179916382
937,2,0.09592840820550919,0.6152642965316772,0.28880730271339417
938,0,0.26202040910720825,0.28458788990974426,0.4533917009830475
938,1,0.1373249888420105,0.4815206527709961,0.3811544179916382
938,2,0.07275207340717316,0.6749405264854431,0.25230732560157776
939,0,0.2382679581642151,0.23616662621498108,0.5255653858184814
939,1,0.06427153944969177,0.6925032734870911,0.24322526156902313
939,2,0.06340493261814117,0.738493025302887,0.19810207188129425
940,0,0.2382679581642151,0.23616662621498108,0.5255653858184814
940,1,0.06427153944969177,0.6925032734870911,0.24322526156902313
940,2,0.05346672981977463,0.772884726524353,0.17364861071109772
941,0,0.2382679581642151,0.23616662621498108,0.5255653858184814
941,1,0.15269765257835388,0.3586118221282959,0.48869049549102783
941,2,0.052382487803697586,0.7638341188430786,0.1837833672761917
942,0,0.2382679581642151,0.23616662621498108,0.5255653858184814
942,1,0.06427153944969177,0.6925032734870911,0.24322526156902313
942,2,0.05346672981977463,0.772884726524353,0.17364861071109772
943,0,0.2382679581642151,0.23616662621498108,0.5255653858184814
943,1,0.06427257508039474,0.6924973726272583,0.2432299703359604
943,2,0.05346740782260895,0.772881031036377,0.17365165054798126
944,0,0.2382679581642151,0.23616662621498108,0.5255653858184814
944,1,0.15269765257835388,0.3586118221282959,0.48869049549102783
944,2,0.07761789113283157,0.6482415199279785,0.27414053678512573
945,0,0.2382679581642151,0.23616662621498108,0.5255653858184814
945,1,0.06427228450775146,0.6924991011619568,0.24322859942913055
945,2,0.053467199206352234,0.7728819251060486,0.17365075647830963
946,0,0.2382679581642151,0.23616662621498108,0.5255653858184814
946,1,0.15269765257835388,0.3586118221282959,0.48869049549102783
946,2,0.07761789113283157,0.6482415199279785,0.27414053678512573
947,0,0.2382679581642151,0.23616662621498108,0.5255653858184814
947,1,0.11066948622465134,0.48735183477401733,0.40197867155075073
947,2,0.0720147043466568,0.67632657289505,0.25165870785713196
948,0,0.2382679581642151,0.23616662621498108,0.5255653858184814
948,1,0.06427279859781265,0.6924962401390076,0.2432308942079544
948,2,0.0534675307571888,0.7728802561759949,0.1736522614955902
949,0,0.2382679581642151,0.23616662621498108,0.5255653858184814
949,1,0.06427153944969177,0.6925032734870911,0.24322526156902313
949,2,0.06340493261814117,0.738493025302887,0.19810207188129425
950,0,0.2382679581642151,0.23616662621498108,0.5255653858184814
950,1,0.06427153944969177,0.6925032734870911,0.24322526156902313
950,2,0.05346672981977463,0.772884726524353,0.17364861071109772
951,0,0.2382679581642151,0.23616662621498108,0.5255653858184814
951,1,0.15269765257835388,0.3586118221282959,0.48869049549102783
951,2,0.052382633090019226,0.7638333439826965,0.18378400802612305
952,0,0.2382679581642151,0.23616662621498108,0.5255653858184814
952,1,0.0642719641327858,0.6925009489059448,0.24322712421417236
952,2,0.05346699431538582,0.7728832364082336,0.1736498326063156
953,0,0.2382679581642151,0.23616662621498108,0.5255653858184814
953,1,0.06427524983882904,0.6924828290939331,0.24324198067188263
953,2,0.05346910282969475,0.7728714942932129,0.17365936934947968
954,0,0.2382679581642151,0.23616662621498108,0.5255653858184814
954,1,0.15269765257835388,0.3586118221282959,0.48869049549102783
954,2,0.07761789113283157,0.6482415199279785,0.27414053678512573
955,0,0.2382679581642151,0.23616662621498108,0.5255653858184814
955,1,0.06427273899316788,0.6924965381622314,0.2432306557893753
955,2,0.053467486053705215,0.7728803753852844,0.17365208268165588
956,0,0.2382679581642151,0.23616662621498108,0.5255653858184814
956,1,0.15269765257835388,0.3586118221282959,0.48869049549102783
956,2,0.07761789113283157,0.6482415199279785,0.27414053678512573
957,0,0.2382679581642151,0.23616662621498108,0.5255653858184814
957,1,0.11066948622465134,0.48735183477401733,0.40197867155075073
957,2,0.0720147043466568,0.67632657289505,0.25165870785713196
958,0,0.2382679581642151,0.23616662621498108,0.5255653858184814
958,1,0.06427234411239624,0.6924987435340881,0.24322888255119324
958,2,0.05346724018454552,0.772881805896759,0.17365096509456635
959,0,0.2382679581642151,0.23616662621498108,0.5255653858184814
959,1,0.06427257508039474,0.6924973726272583,0.2432299703359604
959,2,0.06340610235929489,0.7384873032569885,0.19810663163661957
960,0,0.2382679581642151,0.23616662621498108,0.5255653858184814
960,1,0.06427153944969177,0.6925032734870911,0.24322526156902313
960,2,0.05346672981977463,0.772884726524353,0.17364861071109772
961,0,0.2382679581642151,0.23616662621498108,0.5255653858184814
961,1,0.15269765257835388,0.3586118221282959,0.48869049549102783
961,2,0.05238264054059982,0.7638332843780518,0.1837840974330902
962,0,0.2382679581642151,0.23616662621498108,0.5255653858184814
962,1,0.0642724484205246,0.6924982666969299,0.24322935938835144
962,2,0.053467318415641785,0.7728814482688904,0.17365127801895142
963,0,0.2382679581642151,0.23616662621498108,0.5255653858184814
963,1,0.06427235156297684,0.6924986839294434,0.24322892725467682
963,2,0.05346725881099701,0.7728817462921143,0.17365097999572754
964,0,0.2382679581642151,0.23616662621498108,0.5255653858184814
964,1,0.15269765257835388,0.3586118221282959,0.48869049549102783
964,2,0.07761789113283157,0.6482415199279785,0.27414053678512573
965,0,0.2382679581642151,0.23616662621498108,0.5255653858184814
965,1,0.06427231431007385,0.6924989223480225,0.2432287186384201
965,2,0.05346720665693283,0.7728818655014038,0.1736508309841156
966,0,0.2382679581642151,0.23616662621498108,0.5255653858184814
966,1,0.15269765257835388,0.3586118221282959,0.48869049549102783
966,2,0.07761789113283157,0.6482415199279785,0.27414053678512573
967,0,0.2382679581642151,0.23616662621498108,0.5255653858184814
967,1,0.11066948622465134,0.48735183477401733,0.40197867155075073
967,2,0.0720147043466568,0.67632657289505,0.25165870785713196
968,0,0.2382679581642151,0.23616662621498108,0.5255653858184814
968,1,0.0642719492316246,0.6925009489059448,0.24322710931301117
968,2,0.05346699059009552,0.7728831768035889,0.1736498475074768
969,0,0.2382679581642151,0.23616662621498108,0.5255653858184814
969,1,0.06427262723445892,0.692497193813324,0.2432302087545395
969,2,0.06340614706277847,0.7384870648384094,0.1981068253517151
970,0,0.2382679581642151,0.23616662621498108,0.5255653858184814
970,1,0.06427153944969177,0.6925032734870911,0.24322526156902313
970,2,0.05346672981977463,0.772884726524353,0.17364861071109772
971,0,0.2382679581642151,0.23616662621498108,0.5255653858184814
971,1,0.15269765257835388,0.3586118221282959,0.48869049549102783
971,2,0.05238264054059982,0.7638332843780518,0.1837840974330902
972,0,0.2382679581642151,0.23616662621498108,0.5255653858184814
972,1,0.0642724484205246,0.6924982666969299,0.24322935938835144
972,2,0.053467318415641785,0.7728814482688904,0.17365127801895142
973,0,0.2382679581642151,0.23616662621498108,0.5255653858184814
973,1,0.06427235156297684,0.6924986839294434,0.24322892725467682
973,2,0.05346725881099701,0.7728817462921143,0.17365097999572754
974,0,0.2382679581642151,0.23616662621498108,0.5255653858184814
974,1,0.15269765257835388,0.3586118221282959,0.48869049549102783
974,2,0.07761789113283157,0.6482415199279785,0.27414053678512573
975,0,0.2382679581642151,0.23616662621498108,0.5255653858184814
975,1,0.06427231431007385,0.6924989223480225,0.2432287186384201
975,2,0.05346720665693283,0.7728818655014038,0.1736508309841156
976,0,0.2382679581642151,0.23616662621498108,0.5255653858184814
976,1,0.15269765257835388,0.3586118221282959,0.48869049549102783
976,2,0.07761789113283157,0.6482415199279785,0.27414053678512573
977,0,0.2382679581642151,0.23616662621498108,0.5255653858184814
977,1,0.11066948622465134,0.48735183477401733,0.40197867155075073
977,2,0.0720147043466568,0.67632657289505,0.25165870785713196
978,0,0.2382679581642151,0.23616662621498108,0.5255653858184814
978,1,0.0642719492316246,0.6925009489059448,0.24322710931301117
978,2,0.05346699059009552,0.7728831768035889,0.1736498475074768
979,0,0.2382679581642151,0.23616662621498108,0.5255653858184814
979,1,0.06427262723445892,0.692497193813324,0.2432302087545395
979,2,0.06340614706277847,0.7384870648384094,0.1981068253517151
980,0,0.2382679581642151,0.23616662621498108,0.5255653858184814
980,1,0.06427153944969177,0.6925032734870911,0.24322526156902313
980,2,0.05346672981977463,0.772884726524353,0.17364861071109772
981,0,0.2382679581642151,0.23616662621498108,0.5255653858184814
981,1,0.15269765257835388,0.3586118221282959,0.48869049549102783
981,2,0.05238264054059982,0.7638332843780518,0.1837840974330902
982,0,0.2382679581642151,0.23616662621498108,0.5255653858184814
982,1,0.0642724484205246,0.6924982666969299,0.24322935938835144
982,2,0.053467318415641785,0.7728814482688904,0.17365127801895142
983,0,0.2382679581642151,0.23616662621498108,0.5255653858184814
983,1,0.06427235156297684,0.6924986839294434,0.24322892725467682
983,2,0.05346725881099701,0.7728817462921143,0.17365097999572754
984,0,0.2382679581642151,0.23616662621498108,0.5255653858184814
984,1,0.15269765257835388,0.3586118221282959,0.48869049549102783
984,2,0.07761789113283157,0.6482415199279785,0.27414053678512573
985,0,0.2382679581642151,0.23616662621498108,0.5255653858184814
985,1,0.06427231431007385,0.6924989223480225,0.2432287186384201
985,2,0.05346720665693283,0.7728818655014038,0.1736508309841156
986,0,0.2382679581642151,0.23616662621498108,0.5255653858184814
986,1,0.15269765257835388,0.3586118221282959,0.48869049549102783
986,2,0.07761789113283157,0.6482415199279785,0.27414053678512573
987,0,0.2382679581642151,0.23616662621498108,0.5255653858184814
987,1,0.11066948622465134,0.48735183477401733,0.40197867155075073
987,2,0.0720147043466568,0.67632657289505,0.25165870785713196
988,0,0.2382679581642151,0.23616662621498108,0.5255653858184814
988,1,0.0642719492316246,0.6925009489059448,0.24322710931301117
988,2,0.05346699059009552,0.7728831768035889,0.1736498475074768
989,0,0.2382679581642151,0.23616662621498108,0.5255653858184814
989,1,0.06427262723445892,0.692497193813324,0.2432302087545395
989,2,0.06340614706277847,0.7384870648384094,0.1981068253517151
990,0,0.2382679581642151,0.23616662621498108,0.5255653858184814
990,1,0.06427153944969177,0.6925032734870911,0.24322526156902313
990,2,0.05346672981977463,0.772884726524353,0.17364861071109772
991,0,0.2382679581642151,0.23616662621498108,0.5255653858184814
991,1,0.15269765257835388,0.3586118221282959,0.48869049549102783
991,2,0.05238264054059982,0.7638332843780518,0.1837840974330902
992,0,0.2382679581642151,0.23616662621498108,0.5255653858184814
992,1,0.0642724484205246,0.6924982666969299,0.24322935938835144
992,2,0.053467318415641785,0.7728814482688904,0.17365127801895142
993,0,0.2382679581642151,0.23616662621498108,0.5255653858184814
993,1,0.06427235156297684,0.6924986839294434,0.24322892725467682
993,2,0.05346725881099701,0.7728817462921143,0.17365097999572754
994,0,0.2382679581642151,0.23616662621498108,0.5255653858184814
994,1,0.15269765257835388,0.3586118221282959,0.48869049549102783
994,2,0.07761789113283157,0.6482415199279785,0.27414053678512573
995,0,0.2382679581642151,0.23616662621498108,0.5255653858184814
995,1,0.06427231431007385,0.6924989223480225,0.2432287186384201
995,2,0.05346720665693283,0.7728818655014038,0.1736508309841156
996,0,0.2382679581642151,0.23616662621498108,0.5255653858184814
996,1,0.15269765257835388,0.3586118221282959,0.48869049549102783
996,2,0.07761789113283157,0.6482415199279785,0.27414053678512573
997,0,0.2382679581642151,0.23616662621498108,0.5255653858184814
997,1,0.11066948622465134,0.48735183477401733,0.40197867155075073
997,2,0.0720147043466568,0.67632657289505,0.25165870785713196
998,0,0.2382679581642151,0.23616662621498108,0.5255653858184814
998,1,0.0642719492316246,0.6925009489059448,0.24322710931301117
998,2,0.05346699059009552,0.7728831768035889,0.1736498475074768
999,0,0.2382679581642151,0.23616662621498108,0.5255653858184814
999,1,0.06427262723445892,0.692497193813324,0.2432302087545395
999,2,0.06340614706277847,0.7384870648384094,0.1981068253517151
1000,0,0.2382679581642151,0.23616662621498108,0.5255653858184814
1000,1,0.06427153944969177,0.6925032734870911,0.24322526156902313
1000,2,0.05346672981977463,0.772884726524353,0.17364861071109772
1001,0,0.2382679581642151,0.23616662621498108,0.5255653858184814
1001,1,0.15269765257835388,0.3586118221282959,0.48869049549102783
1001,2,0.05238264054059982,0.7638332843780518,0.1837840974330902
1002,0,0.2382679581642151,0.23616662621498108,0.5255653858184814
1002,1,0.0642724484205246,0.6924982666969299,0.24322935938835144
1002,2,0.053467318415641785,0.7728814482688904,0.17365127801895142
1003,0,0.2382679581642151,0.23616662621498108,0.5255653858184814
1003,1,0.06427235156297684,0.6924986839294434,0.24322892725467682
1003,2,0.05346725881099701,0.7728817462921143,0.17365097999572754
1004,0,0.2382679581642151,0.23616662621498108,0.5255653858184814
1004,1,0.15269765257835388,0.3586118221282959,0.48869049549102783
1004,2,0.07761789113283157,0.6482415199279785,0.27414053678512573
1005,0,0.2382679581642151,0.23616662621498108,0.5255653858184814
1005,1,0.06427231431007385,0.6924989223480225,0.2432287186384201
1005,2,0.05346720665693283,0.7728818655014038,0.1736508309841156
1006,0,0.2382679581642151,0.23616662621498108,0.5255653858184814
1006,1,0.15269765257835388,0.3586118221282959,0.48869049549102783
1006,2,0.07761789113283157,0.6482415199279785,0.27414053678512573
1007,0,0.2382679581642151,0.23616662621498108,0.5255653858184814
1007,1,0.11066948622465134,0.48735183477401733,0.40197867155075073
1007,2,0.0720147043466568,0.67632657289505,0.25165870785713196
1008,0,0.2382679581642151,0.23616662621498108,0.5255653858184814
1008,1,0.0642719492316246,0.6925009489059448,0.24322710931301117
1008,2,0.05346699059009552,0.7728831768035889,0.1736498475074768
1009,0,0.2382679581642151,0.23616662621498108,0.5255653858184814
1009,1,0.06427262723445892,0.692497193813324,0.2432302087545395
1009,2,0.06340614706277847,0.7384870648384094,0.1981068253517151
1010,0,0.2382679581642151,0.23616662621498108,0.5255653858184814
1010,1,0.06427153944969177,0.6925032734870911,0.24322526156902313
1010,2,0.05346672981977463,0.772884726524353,0.17364861071109772
1011,0,0.2382679581642151,0.23616662621498108,0.5255653858184814
1011,1,0.15269765257835388,0.3586118221282959,0.48869049549102783
1011,2,0.05238264054059982,0.7638332843780518,0.1837840974330902
1012,0,0.2382679581642151,0.23616662621498108,0.5255653858184814
1012,1,0.0642724484205246,0.6924982666969299,0.24322935938835144
1012,2,0.053467318415641785,0.7728814482688904,0.17365127801895142
1013,0,0.2382679581642151,0.23616662621498108,0.5255653858184814
1013,1,0.06427235156297684,0.6924986839294434,0.24322892725467682
1013,2,0.05346725881099701,0.7728817462921143,0.17365097999572754
1014,0,0.2382679581642151,0.23616662621498108,0.5255653858184814
1014,1,0.15269765257835388,0.3586118221282959,0.48869049549102783
1014,2,0.07761789113283157,0.6482415199279785,0.27414053678512573
1015,0,0.2382679581642151,0.23616662621498108,0.5255653858184814
1015,1,0.06427231431007385,0.6924989223480225,0.2432287186384201
1015,2,0.05346720665693283,0.7728818655014038,0.1736508309841156
1016,0,0.2382679581642151,0.23616662621498108,0.5255653858184814
1016,1,0.15269765257835388,0.3586118221282959,0.48869049549102783
1016,2,0.07761789113283157,0.6482415199279785,0.27414053678512573
1017,0,0.2382679581642151,0.23616662621498108,0.5255653858184814
1017,1,0.11066948622465134,0.48735183477401733,0.40197867155075073
1017,2,0.0720147043466568,0.67632657289505,0.25165870785713196
1018,0,0.2382679581642151,0.23616662621498108,0.5255653858184814
1018,1,0.0642719492316246,0.6925009489059448,0.24322710931301117
1018,2,0.05346699059009552,0.7728831768035889,0.1736498475074768
1019,0,0.2382679581642151,0.23616662621498108,0.5255653858184814
1019,1,0.06427262723445892,0.692497193813324,0.2432302087545395
1019,2,0.06340614706277847,0.7384870648384094,0.1981068253517151
1020,0,0.2382679581642151,0.23616662621498108,0.5255653858184814
1020,1,0.06427153944969177,0.6925032734870911,0.24322526156902313
1020,2,0.05346672981977463,0.772884726524353,0.17364861071109772
1021,0,0.2382679581642151,0.23616662621498108,0.5255653858184814
1021,1,0.15269765257835388,0.3586118221282959,0.48869049549102783
1021,2,0.05238264054059982,0.7638332843780518,0.1837840974330902
1022,0,0.2382679581642151,0.23616662621498108,0.5255653858184814
1022,1,0.0642724484205246,0.6924982666969299,0.24322935938835144
1022,2,0.053467318415641785,0.7728814482688904,0.17365127801895142
1023,0,0.2382679581642151,0.23616662621498108,0.5255653858184814
1023,1,0.06427235156297684,0.6924986839294434,0.24322892725467682
1023,2,0.05346725881099701,0.7728817462921143,0.17365097999572754
1024,0,0.18125048279762268,0.20259417593479156,0.6161553859710693
1024,1,0.11111735552549362,0.3736920654773712,0.5151904821395874
1024,2,0.05414065346121788,0.7671285271644592,0.1787308156490326
1025,0,0.18125048279762268,0.20259417593479156,0.6161553859710693
1025,1,0.04463673755526543,0.806239902973175,0.14912326633930206
1025,2,0.04136795550584793,0.8666329979896545,0.09199903905391693
1026,0,0.18125048279762268,0.20259417593479156,0.6161553859710693
1026,1,0.11111735552549362,0.3736920654773712,0.5151904821395874
1026,2,0.05414065346121788,0.7671285271644592,0.1787308156490326
1027,0,0.18125048279762268,0.20259417593479156,0.6161553859710693
1027,1,0.0775718241930008,0.5716544985771179,0.3507736623287201
1027,2,0.05053376778960228,0.7963042259216309,0.15316200256347656
1028,0,0.18125048279762268,0.20259417593479156,0.6161553859710693
1028,1,0.04463682323694229,0.8062393069267273,0.149123877286911
1028,2,0.04136798530817032,0.8666327595710754,0.09199932217597961
1029,0,0.18125048279762268,0.20259417593479156,0.6161553859710693
1029,1,0.044636838138103485,0.8062390089035034,0.14912419021129608
1029,2,0.04697848856449127,0.8454421162605286,0.10757937282323837
1030,0,0.18125048279762268,0.20259417593479156,0.6161553859710693
1030,1,0.04463626816868782,0.8062437176704407,0.1491200029850006
1030,2,0.041367754340171814,0.866634726524353,0.09199757874011993
1031,0,0.18125048279762268,0.20259417593479156,0.6161553859710693
1031,1,0.11111735552549362,0.3736920654773712,0.5151904821395874
1031,2,0.03940720856189728,0.8586302399635315,0.10196247696876526
1032,0,0.18125048279762268,0.20259417593479156,0.6161553859710693
1032,1,0.04463645815849304,0.8062421679496765,0.14912137389183044
1032,2,0.041367847472429276,0.8666340112686157,0.09199818968772888
1033,0,0.18125048279762268,0.20259417593479156,0.6161553859710693
1033,1,0.04463818296790123,0.8062279224395752,0.1491338610649109
1033,2,0.04136859253048897,0.8666277527809143,0.09200374782085419
1034,0,0.18125048279762268,0.20259417593479156,0.6161553859710693
1034,1,0.11111735552549362,0.3736920654773712,0.5151904821395874
1034,2,0.05414065346121788,0.7671285271644592,0.1787308156490326
1035,0,0.18125048279762268,0.20259417593479156,0.6161553859710693
1035,1,0.04463675245642662,0.8062397837638855,0.14912348985671997
1035,2,0.04136797413229942,0.8666329383850098,0.0919991284608841
1036,0,0.18125048279762268,0.20259417593479156,0.6161553859710693
1036,1,0.11111735552549362,0.3736920654773712,0.5151904821395874
1036,2,0.05414065346121788,0.7671285271644592,0.1787308156490326
1037,0,0.18125048279762268,0.20259417593479156,0.6161553859710693
1037,1,0.0775718241930008,0.5716544985771179,0.3507736623287201
1037,2,0.05053376778960228,0.7963042259216309,0.15316200256347656
1038,0,0.18125048279762268,0.20259417593479156,0.6161553859710693
1038,1,0.04463646560907364,0.806242048740387,0.14912143349647522
1038,2,0.041367847472429276,0.8666340112686157,0.09199822694063187
1039,0,0.18125048279762268,0.20259417593479156,0.6161553859710693
1039,1,0.04463626816868782,0.8062437176704407,0.1491200029850006
1039,2,0.04697790369391441,0.8454458713531494,0.10757620632648468
1040,0,0.18125048279762268,0.20259417593479156,0.6161553859710693
1040,1,0.04463626816868782,0.8062437176704407,0.1491200029850006
1040,2,0.041367754340171814,0.866634726524353,0.09199757874011993
1041,0,0.18125048279762268,0.20259417593479156,0.6161553859710693
1041,1,0.11111735552549362,0.3736920654773712,0.5151904821395874
1041,2,0.03940720856189728,0.8586302399635315,0.10196247696876526
1042,0,0.18125048279762268,0.20259417593479156,0.6161553859710693
1042,1,0.04463648796081543,0.8062419295310974,0.14912158250808716
1042,2,0.04136785864830017,0.8666338920593262,0.09199828654527664
1043,0,0.18125048279762268,0.20259417593479156,0.6161553859710693
1043,1,0.044638972729444504,0.8062214255332947,0.14913955330848694
1043,2,0.041368935257196426,0.8666247725486755,0.09200626611709595
1044,0,0.18125048279762268,0.20259417593479156,0.6161553859710693
1044,1,0.11111735552549362,0.3736920654773712,0.5151904821395874
1044,2,0.05414065346121788,0.7671285271644592,0.1787308156490326
1045,0,0.18125048279762268,0.20259417593479156,0.6161553859710693
1045,1,0.044637251645326614,0.8062357306480408,0.14912700653076172
1045,2,0.04136818274855614,0.8666311502456665,0.09200068563222885
1046,0,0.18125048279762268,0.20259417593479156,0.6161553859710693
1046,1,0.11111735552549362,0.3736920654773712,0.5151904821395874
1046,2,0.05414065346121788,0.7671285271644592,0.1787308156490326
1047,0,0.18125048279762268,0.20259417593479156,0.6161553859710693
1047,1,0.0775718241930008,0.5716544985771179,0.3507736623287201
1047,2,0.05053376778960228,0.7963042259216309,0.15316200256347656
1048,0,0.18125048279762268,0.20259417593479156,0.6161553859710693
1048,1,0.04463646188378334,0.8062422275543213,0.14912131428718567
1048,2,0.04136782884597778,0.8666340112686157,0.0919981375336647
1049,0,0.18125048279762268,0.20259417593479156,0.6161553859710693
1049,1,0.04463626816868782,0.8062437176704407,0.1491200029850006
1049,2,0.04697790369391441,0.8454458713531494,0.10757620632648468
1050,0,0.18125048279762268,0.20259417593479156,0.6161553859710693
1050,1,0.04463626816868782,0.8062437176704407,0.1491200029850006
1050,2,0.041367754340171814,0.866634726524353,0.09199757874011993
1051,0,0.18125048279762268,0.20259417593479156,0.6161553859710693
1051,1,0.11111735552549362,0.3736920654773712,0.5151904821395874
1051,2,0.03940720856189728,0.8586302399635315,0.10196247696876526
1052,0,0.18125048279762268,0.20259417593479156,0.6161553859710693
1052,1,0.04463645815849304,0.8062421679496765,0.14912137389183044
1052,2,0.041367847472429276,0.8666340112686157,0.09199818968772888
1053,0,0.18125048279762268,0.20259417593479156,0.6161553859710693
1053,1,0.04463818296790123,0.8062279224395752,0.1491338610649109
1053,2,0.04136859253048897,0.8666277527809143,0.09200374782085419
1054,0,0.18125048279762268,0.20259417593479156,0.6161553859710693
1054,1,0.11111735552549362,0.3736920654773712,0.5151904821395874
1054,2,0.05414065346121788,0.7671285271644592,0.1787308156490326
1055,0,0.18125048279762268,0.20259417593479156,0.6161553859710693
1055,1,0.04463675245642662,0.8062397837638855,0.14912348985671997
1055,2,0.04136797413229942,0.8666329383850098,0.0919991284608841
1056,0,0.18125048279762268,0.20259417593479156,0.6161553859710693
1056,1,0.11111735552549362,0.3736920654773712,0.5151904821395874
1056,2,0.05414065346121788,0.7671285271644592,0.1787308156490326
1057,0,0.18125048279762268,0.20259417593479156,0.6161553859710693
1057,1,0.0775718241930008,0.5716544985771179,0.3507736623287201
1057,2,0.05053376778960228,0.7963042259216309,0.15316200256347656
1058,0,0.18125048279762268,0.20259417593479156,0.6161553859710693
1058,1,0.04463646560907364,0.806242048740387,0.14912143349647522
1058,2,0.041367847472429276,0.8666340112686157,0.09199822694063187
1059,0,0.18125048279762268,0.20259417593479156,0.6161553859710693
1059,1,0.04463626816868782,0.8062437176704407,0.1491200029850006
1059,2,0.04697790369391441,0.8454458713531494,0.10757620632648468
1060,0,0.18125048279762268,0.20259417593479156,0.6161553859710693
1060,1,0.04463626816868782,0.8062437176704407,0.1491200029850006
1060,2,0.041367754340171814,0.866634726524353,0.09199757874011993
1061,0,0.18125048279762268,0.20259417593479156,0.6161553859710693
1061,1,0.11111735552549362,0.3736920654773712,0.5151904821395874
1061,2,0.03940720856189728,0.8586302399635315,0.10196247696876526
1062,0,0.18125048279762268,0.20259417593479156,0.6161553859710693
1062,1,0.04463648796081543,0.8062419295310974,0.14912158250808716
1062,2,0.04136785864830017,0.8666338920593262,0.09199828654527664
1063,0,0.18125048279762268,0.20259417593479156,0.6161553859710693
1063,1,0.044638972729444504,0.8062214255332947,0.14913955330848694
1063,2,0.041368935257196426,0.8666247725486755,0.09200626611709595
1064,0,0.18125048279762268,0.20259417593479156,0.6161553859710693
1064,1,0.11111735552549362,0.3736920654773712,0.5151904821395874
1064,2,0.05414065346121788,0.7671285271644592,0.1787308156490326
1065,0,0.18125048279762268,0.20259417593479156,0.6161553859710693
1065,1,0.044637251645326614,0.8062357306480408,0.14912700653076172
1065,2,0.04136818274855614,0.8666311502456665,0.09200068563222885
1066,0,0.18125048279762268,0.20259417593479156,0.6161553859710693
1066,1,0.11111735552549362,0.3736920654773712,0.5151904821395874
1066,2,0.05414065346121788,0.7671285271644592,0.1787308156490326
1067,0,0.18125048279762268,0.20259417593479156,0.6161553859710693
1067,1,0.0775718241930008,0.5716544985771179,0.3507736623287201
1067,2,0.05053376778960228,0.7963042259216309,0.15316200256347656
1068,0,0.18125048279762268,0.20259417593479156,0.6161553859710693
1068,1,0.04463646188378334,0.8062422275543213,0.14912131428718567
1068,2,0.04136782884597778,0.8666340112686157,0.0919981375336647
1069,0,0.18125048279762268,0.20259417593479156,0.6161553859710693
1069,1,0.04463626816868782,0.8062437176704407,0.1491200029850006
1069,2,0.04697790369391441,0.8454458713531494,0.10757620632648468
1070,0,0.18125048279762268,0.20259417593479156,0.6161553859710693
1070,1,0.04463626816868782,0.8062437176704407,0.1491200029850006
1070,2,0.041367754340171814,0.866634726524353,0.09199757874011993
1071,0,0.18125048279762268,0.20259417593479156,0.6161553859710693
1071,1,0.11111735552549362,0.3736920654773712,0.5151904821395874
1071,2,0.03940720856189728,0.8586302399635315,0.10196247696876526
1072,0,0.18125048279762268,0.20259417593479156,0.6161553859710693
1072,1,0.04463645815849304,0.8062421679496765,0.14912137389183044
1072,2,0.041367847472429276,0.8666340112686157,0.09199818968772888
1073,0,0.18125048279762268,0.20259417593479156,0.6161553859710693
1073,1,0.04463818296790123,0.8062279224395752,0.1491338610649109
1073,2,0.04136859253048897,0.8666277527809143,0.09200374782085419
1074,0,0.18125048279762268,0.20259417593479156,0.6161553859710693
1074,1,0.11111735552549362,0.3736920654773712,0.5151904821395874
1074,2,0.05414065346121788,0.7671285271644592,0.1787308156490326
1075,0,0.18125048279762268,0.20259417593479156,0.6161553859710693
1075,1,0.04463675245642662,0.8062397837638855,0.14912348985671997
1075,2,0.04136797413229942,0.8666329383850098,0.0919991284608841
1076,0,0.18125048279762268,0.20259417593479156,0.6161553859710693
1076,1,0.11111735552549362,0.3736920654773712,0.5151904821395874
1076,2,0.05414065346121788,0.7671285271644592,0.1787308156490326
1077,0,0.18125048279762268,0.20259417593479156,0.6161553859710693
1077,1,0.0775718241930008,0.5716544985771179,0.3507736623287201
1077,2,0.05053376778960228,0.7963042259216309,0.15316200256347656
1078,0,0.18125048279762268,0.20259417593479156,0.6161553859710693
1078,1,0.04463646560907364,0.806242048740387,0.14912143349647522
1078,2,0.041367847472429276,0.8666340112686157,0.09199822694063187
1079,0,0.18125048279762268,0.20259417593479156,0.6161553859710693
1079,1,0.04463626816868782,0.8062437176704407,0.1491200029850006
1079,2,0.04697790369391441,0.8454458713531494,0.10757620632648468
1080,0,0.18125048279762268,0.20259417593479156,0.6161553859710693
1080,1,0.04463626816868782,0.8062437176704407,0.1491200029850006
1080,2,0.041367754340171814,0.866634726524353,0.09199757874011993
1081,0,0.18125048279762268,0.20259417593479156,0.6161553859710693
1081,1,0.11111735552549362,0.3736920654773712,0.5151904821395874
1081,2,0.03940720856189728,0.8586302399635315,0.10196247696876526
1082,0,0.18125048279762268,0.20259417593479156,0.6161553859710693
1082,1,0.04463648796081543,0.8062419295310974,0.14912158250808716
1082,2,0.04136785864830017,0.8666338920593262,0.09199828654527664
1083,0,0.18125048279762268,0.20259417593479156,0.6161553859710693
1083,1,0.044638972729444504,0.8062214255332947,0.14913955330848694
1083,2,0.041368935257196426,0.8666247725486755,0.09200626611709595
1084,0,0.18125048279762268,0.20259417593479156,0.6161553859710693
1084,1,0.11111735552549362,0.3736920654773712,0.5151904821395874
1084,2,0.05414065346121788,0.7671285271644592,0.1787308156490326
1085,0,0.18125048279762268,0.20259417593479156,0.6161553859710693
1085,1,0.044637251645326614,0.8062357306480408,0.14912700653076172
1085,2,0.04136818274855614,0.8666311502456665,0.09200068563222885
1086,0,0.18125048279762268,0.20259417593479156,0.6161553859710693
1086,1,0.11111735552549362,0.3736920654773712,0.5151904821395874
1086,2,0.05414065346121788,0.7671285271644592,0.1787308156490326
1087,0,0.18125048279762268,0.20259417593479156,0.6161553859710693
1087,1,0.0775718241930008,0.5716544985771179,0.3507736623287201
1087,2,0.05053376778960228,0.7963042259216309,0.15316200256347656
1088,0,0.18125048279762268,0.20259417593479156,0.6161553859710693
1088,1,0.04463646188378334,0.8062422275543213,0.14912131428718567
1088,2,0.04136782884597778,0.8666340112686157,0.0919981375336647
1089,0,0.18125048279762268,0.20259417593479156,0.6161553859710693
1089,1,0.04463626816868782,0.8062437176704407,0.1491200029850006
1089,2,0.04697790369391441,0.8454458713531494,0.10757620632648468
1090,0,0.18125048279762268,0.20259417593479156,0.6161553859710693
1090,1,0.04463626816868782,0.8062437176704407,0.1491200029850006
1090,2,0.041367754340171814,0.866634726524353,0.09199757874011993
1091,0,0.18125048279762268,0.20259417593479156,0.6161553859710693
1091,1,0.11111735552549362,0.3736920654773712,0.5151904821395874
1091,2,0.03940720856189728,0.8586302399635315,0.10196247696876526
1092,0,0.18125048279762268,0.20259417593479156,0.6161553859710693
1092,1,0.04463645815849304,0.8062421679496765,0.14912137389183044
1092,2,0.041367847472429276,0.8666340112686157,0.09199818968772888
1093,0,0.18125048279762268,0.20259417593479156,0.6161553859710693
1093,1,0.04463818296790123,0.8062279224395752,0.1491338610649109
1093,2,0.04136859253048897,0.8666277527809143,0.09200374782085419
1094,0,0.18125048279762268,0.20259417593479156,0.6161553859710693
1094,1,0.11111735552549362,0.3736920654773712,0.5151904821395874
1094,2,0.05414065346121788,0.7671285271644592,0.1787308156490326
1095,0,0.18125048279762268,0.20259417593479156,0.6161553859710693
1095,1,0.04463675245642662,0.8062397837638855,0.14912348985671997
1095,2,0.04136797413229942,0.8666329383850098,0.0919991284608841
1096,0,0.18125048279762268,0.20259417593479156,0.6161553859710693
1096,1,0.11111735552549362,0.3736920654773712,0.5151904821395874
1096,2,0.05414065346121788,0.7671285271644592,0.1787308156490326
1097,0,0.18125048279762268,0.20259417593479156,0.6161553859710693
1097,1,0.0775718241930008,0.5716544985771179,0.3507736623287201
1097,2,0.05053376778960228,0.7963042259216309,0.15316200256347656
1098,0,0.18125048279762268,0.20259417593479156,0.6161553859710693
1098,1,0.04463646560907364,0.806242048740387,0.14912143349647522
1098,2,0.041367847472429276,0.8666340112686157,0.09199822694063187
1099,0,0.18125048279762268,0.20259417593479156,0.6161553859710693
1099,1,0.04463626816868782,0.8062437176704407,0.1491200029850006
1099,2,0.04697790369391441,0.8454458713531494,0.10757620632648468
1100,0,0.18125048279762268,0.20259417593479156,0.6161553859710693
1100,1,0.04463626816868782,0.8062437176704407,0.1491200029850006
1100,2,0.041367754340171814,0.866634726524353,0.09199757874011993
1101,0,0.18125048279762268,0.20259417593479156,0.6161553859710693
1101,1,0.11111735552549362,0.3736920654773712,0.5151904821395874
1101,2,0.03940720856189728,0.8586302399635315,0.10196247696876526
1102,0,0.18125048279762268,0.20259417593479156,0.6161553859710693
1102,1,0.04463648796081543,0.8062419295310974,0.14912158250808716
1102,2,0.04136785864830017,0.8666338920593262,0.09199828654527664
1103,0,0.18125048279762268,0.20259417593479156,0.6161553859710693
1103,1,0.044638972729444504,0.8062214255332947,0.14913955330848694
1103,2,0.041368935257196426,0.8666247725486755,0.09200626611709595
1104,0,0.18125048279762268,0.20259417593479156,0.6161553859710693
1104,1,0.11111735552549362,0.3736920654773712,0.5151904821395874
1104,2,0.05414065346121788,0.7671285271644592,0.1787308156490326
1105,0,0.18125048279762268,0.20259417593479156,0.6161553859710693
1105,1,0.044637251645326614,0.8062357306480408,0.14912700653076172
1105,2,0.04136818274855614,0.8666311502456665,0.09200068563222885
1106,0,0.18125048279762268,0.20259417593479156,0.6161553859710693
1106,1,0.11111735552549362,0.3736920654773712,0.5151904821395874
1106,2,0.05414065346121788,0.7671285271644592,0.1787308156490326
1107,0,0.18125048279762268,0.20259417593479156,0.6161553859710693
1107,1,0.0775718241930008,0.5716544985771179,0.3507736623287201
1107,2,0.05053376778960228,0.7963042259216309,0.15316200256347656
1108,0,0.18125048279762268,0.20259417593479156,0.6161553859710693
1108,1,0.04463646188378334,0.8062422275543213,0.14912131428718567
1108,2,0.04136782884597778,0.8666340112686157,0.0919981375336647
1109,0,0.18125048279762268,0.20259417593479156,0.6161553859710693
1109,1,0.06525971740484238,0.7775353193283081,0.15720489621162415
1109,2,0.06950559467077255,0.832687258720398,0.09780712425708771
1110,0,0.13325299322605133,0.1267310380935669,0.740015983581543
1110,1,0.06531752645969391,0.772632896900177,0.16204951703548431
1110,2,0.0584431029856205,0.878255307674408,0.06330165266990662
1111,0,0.13325299322605133,0.1267310380935669,0.740015983581543
1111,1,0.10149173438549042,0.18492592871189117,0.7135823369026184
1111,2,0.058495569974184036,0.850749671459198,0.09075480699539185
1112,0,0.13325299322605133,0.1267310380935669,0.740015983581543
1112,1,0.06531752645969391,0.772632896900177,0.16204951703548431
1112,2,0.061734218150377274,0.8634316325187683,0.07483413815498352
1113,0,0.13325299322605133,0.1267310380935669,0.740015983581543
1113,1,0.06531789898872375,0.7726292014122009,0.1620529592037201
1113,2,0.061734337359666824,0.863430380821228,0.07483531534671783
1114,0,0.13325299322605133,0.1267310380935669,0.740015983581543
1114,1,0.10149173438549042,0.18492592871189117,0.7135823369026184
1114,2,0.05849490687251091,0.8507562279701233,0.09074881672859192
1115,0,0.13325299322605133,0.1267310380935669,0.740015983581543
1115,1,0.06531786918640137,0.7726293802261353,0.162052720785141
1115,2,0.061734311282634735,0.863430380821228,0.07483524829149246
1116,0,0.13325299322605133,0.1267310380935669,0.740015983581543
1116,1,0.10149173438549042,0.18492592871189117,0.7135823369026184
1116,2,0.0806676596403122,0.6671059131622314,0.25222641229629517
1117,0,0.13325299322605133,0.1267310380935669,0.740015983581543
1117,1,0.06531920284032822,0.7726153135299683,0.16206547617912292
1117,2,0.06173479184508324,0.863425612449646,0.07483966648578644
1118,0,0.13325299322605133,0.1267310380935669,0.740015983581543
1118,1,0.06531906872987747,0.7726168632507324,0.1620640903711319
1118,2,0.06173473969101906,0.863426148891449,0.07483919709920883
1119,0,0.13325299322605133,0.1267310380935669,0.740015983581543
1119,1,0.06532107293605804,0.7725958228111267,0.16208311915397644
1119,2,0.06947492063045502,0.831101655960083,0.09942346811294556
1120,0,0.13325299322605133,0.1267310380935669,0.740015983581543
1120,1,0.06531752645969391,0.772632896900177,0.16204951703548431
1120,2,0.0584431029856205,0.878255307674408,0.06330165266990662
1121,0,0.13325299322605133,0.1267310380935669,0.740015983581543
1121,1,0.10149173438549042,0.18492592871189117,0.7135823369026184
1121,2,0.05849489942193031,0.8507564067840576,0.09074872732162476
1122,0,0.13325299322605133,0.1267310380935669,0.740015983581543
1122,1,0.06531752645969391,0.772632896900177,0.16204951703548431
1122,2,0.061734218150377274,0.8634316325187683,0.07483413815498352
1123,0,0.13325299322605133,0.1267310380935669,0.740015983581543
1123,1,0.06531789898872375,0.7726292014122009,0.1620529443025589
1123,2,0.061734337359666824,0.863430380821228,0.07483531534671783
1124,0,0.13325299322605133,0.1267310380935669,0.740015983581543
1124,1,0.10149173438549042,0.18492592871189117,0.7135823369026184
1124,2,0.058494918048381805,0.8507558703422546,0.09074908494949341
1125,0,0.13325299322605133,0.1267310380935669,0.740015983581543
1125,1,0.06531796604394913,0.7726283073425293,0.162053644657135
1125,2,0.06173434108495712,0.8634300231933594,0.07483556866645813
1126,0,0.13325299322605133,0.1267310380935669,0.740015983581543
1126,1,0.10149173438549042,0.18492592871189117,0.7135823369026184
1126,2,0.0806676596403122,0.6671059131622314,0.25222641229629517
1127,0,0.13325299322605133,0.1267310380935669,0.740015983581543
1127,1,0.06531792134046555,0.772628903388977,0.16205310821533203
1127,2,0.06173432990908623,0.8634303212165833,0.0748353824019432
1128,0,0.13325299322605133,0.1267310380935669,0.740015983581543
1128,1,0.065318264067173,0.772625207901001,0.16205652058124542
1128,2,0.06173444911837578,0.863429069519043,0.07483655959367752
1129,0,0.13325299322605133,0.1267310380935669,0.740015983581543
1129,1,0.06532473117113113,0.7725574970245361,0.16211776435375214
1129,2,0.06947869807481766,0.8310742378234863,0.09944704174995422
1130,0,0.13325299322605133,0.1267310380935669,0.740015983581543
1130,1,0.06531752645969391,0.772632896900177,0.16204951703548431
1130,2,0.0584431029856205,0.878255307674408,0.06330165266990662
1131,0,0.13325299322605133,0.1267310380935669,0.740015983581543
1131,1,0.10149173438549042,0.18492592871189117,0.7135823369026184
1131,2,0.05849551782011986,0.8507500886917114,0.09075437486171722
1132,0,0.13325299322605133,0.1267310380935669,0.740015983581543
1132,1,0.06531752645969391,0.772632896900177,0.16204951703548431
1132,2,0.061734218150377274,0.8634316325187683,0.07483413815498352
1133,0,0.13325299322605133,0.1267310380935669,0.740015983581543
1133,1,0.06531790643930435,0.7726290225982666,0.16205307841300964
1133,2,0.061734337359666824,0.863430380821228,0.07483534514904022
1134,0,0.13325299322605133,0.1267310380935669,0.740015983581543
1134,1,0.10149173438549042,0.18492592871189117,0.7135823369026184
1134,2,0.0584949254989624,0.8507561683654785,0.09074896574020386
1135,0,0.13325299322605133,0.1267310380935669,0.740015983581543
1135,1,0.06531795114278793,0.772628664970398,0.16205334663391113
1135,2,0.061734363436698914,0.8634301424026489,0.07483545690774918
1136,0,0.13325299322605133,0.1267310380935669,0.740015983581543
1136,1,0.10149173438549042,0.18492592871189117,0.7135823369026184
1136,2,0.0806676596403122,0.6671059131622314,0.25222641229629517
1137,0,0.13325299322605133,0.1267310380935669,0.740015983581543
1137,1,0.06531927734613419,0.7726143598556519,0.1620662957429886
1137,2,0.06173480302095413,0.8634251356124878,0.07483994215726852
1138,0,0.13325299322605133,0.1267310380935669,0.740015983581543
1138,1,0.06531788408756256,0.7726292014122009,0.16205289959907532
1138,2,0.06173432245850563,0.863430380821228,0.07483527809381485
1139,0,0.13325299322605133,0.1267310380935669,0.740015983581543
1139,1,0.0653243437409401,0.7725615501403809,0.16211411356925964
1139,2,0.06947828829288483,0.8310771584510803,0.09944454580545425
1140,0,0.13325299322605133,0.1267310380935669,0.740015983581543
1140,1,0.06531774997711182,0.7726305723190308,0.16205167770385742
1140,2,0.058443110436201096,0.8782548308372498,0.06330206990242004
1141,0,0.13325299322605133,0.1267310380935669,0.740015983581543
1141,1,0.10149173438549042,0.18492592871189117,0.7135823369026184
1141,2,0.058494873344898224,0.8507564067840576,0.09074866771697998
1142,0,0.13325299322605133,0.1267310380935669,0.740015983581543
1142,1,0.06531752645969391,0.772632896900177,0.16204951703548431
1142,2,0.061734218150377274,0.8634316325187683,0.07483413815498352
1143,0,0.13325299322605133,0.1267310380935669,0.740015983581543
1143,1,0.06531792134046555,0.772628903388977,0.16205312311649323
1143,2,0.06173432990908623,0.8634303212165833,0.0748353824019432
1144,0,0.13325299322605133,0.1267310380935669,0.740015983581543
1144,1,0.10149173438549042,0.18492592871189117,0.7135823369026184
1144,2,0.05849478766322136,0.850757360458374,0.09074783325195312
1145,0,0.13325299322605133,0.1267310380935669,0.740015983581543
1145,1,0.06531752645969391,0.772632896900177,0.16204951703548431
1145,2,0.061734218150377274,0.8634316325187683,0.07483413815498352
1146,0,0.13325299322605133,0.1267310380935669,0.740015983581543
1146,1,0.10149173438549042,0.18492592871189117,0.7135823369026184
1146,2,0.0806676596403122,0.6671059131622314,0.25222641229629517
1147,0,0.13325299322605133,0.1267310380935669,0.740015983581543
1147,1,0.06531837582588196,0.7726239562034607,0.16205763816833496
1147,2,0.061734508723020554,0.8634286522865295,0.07483694702386856
1148,0,0.13325299322605133,0.1267310380935669,0.740015983581543
1148,1,0.06531790643930435,0.7726290225982666,0.16205303370952606
1148,2,0.061734337359666824,0.863430380821228,0.07483534514904022
1149,0,0.13325299322605133,0.1267310380935669,0.740015983581543
1149,1,0.06531752645969391,0.772632896900177,0.16204951703548431
1149,2,0.06947127729654312,0.8311281204223633,0.0994006022810936
1150,0,0.13325299322605133,0.1267310380935669,0.740015983581543
1150,1,0.06531752645969391,0.772632896900177,0.16204951703548431
1150,2,0.0584431029856205,0.878255307674408,0.06330165266990662
1151,0,0.13325299322605133,0.1267310380935669,0.740015983581543
1151,1,0.10149173438549042,0.18492592871189117,0.7135823369026184
1151,2,0.05849498137831688,0.8507555723190308,0.09074947983026505
1152,0,0.13325299322605133,0.1267310380935669,0.740015983581543
1152,1,0.06531752645969391,0.772632896900177,0.16204951703548431
1152,2,0.061734218150377274,0.8634316325187683,0.07483413815498352
1153,0,0.13325299322605133,0.1267310380935669,0.740015983581543
1153,1,0.06531786918640137,0.7726293802261353,0.1620527058839798
1153,2,0.061734311282634735,0.863430380821228,0.07483524829149246
1154,0,0.13325299322605133,0.1267310380935669,0.740015983581543
1154,1,0.10149173438549042,0.18492592871189117,0.7135823369026184
1154,2,0.05849495530128479,0.8507557511329651,0.0907493457198143
1155,0,0.13325299322605133,0.1267310380935669,0.740015983581543
1155,1,0.06531795859336853,0.7726286053657532,0.1620534062385559
1155,2,0.06173435226082802,0.8634301424026489,0.07483548671007156
1156,0,0.13325299322605133,0.1267310380935669,0.740015983581543
1156,1,0.10149173438549042,0.18492592871189117,0.7135823369026184
1156,2,0.0806676596403122,0.6671059131622314,0.25222641229629517
1157,0,0.13325299322605133,0.1267310380935669,0.740015983581543
1157,1,0.06531849503517151,0.77262282371521,0.16205866634845734
1157,2,0.061734531074762344,0.8634281754493713,0.07483729720115662
1158,0,0.13325299322605133,0.1267310380935669,0.740015983581543
1158,1,0.06531793624162674,0.7726287245750427,0.16205334663391113
1158,2,0.06173435226082802,0.8634301424026489,0.07483545690774918
1159,0,0.13325299322605133,0.1267310380935669,0.740015983581543
1159,1,0.06531799584627151,0.772628128528595,0.1620539277791977
1159,2,0.06947173923254013,0.8311246037483215,0.09940359741449356
1160,0,0.13325299322605133,0.1267310380935669,0.740015983581543
1160,1,0.06531752645969391,0.772632896900177,0.16204951703548431
1160,2,0.0584431029856205,0.878255307674408,0.06330165266990662
1161,0,0.13325299322605133,0.1267310380935669,0.740015983581543
1161,1,0.10149173438549042,0.18492592871189117,0.7135823369026184
1161,2,0.058494970202445984,0.8507556319236755,0.09074945002794266
1162,0,0.13325299322605133,0.1267310380935669,0.740015983581543
1162,1,0.06531752645969391,0.772632896900177,0.16204951703548431
1162,2,0.061734218150377274,0.8634316325187683,0.07483413815498352
1163,0,0.13325299322605133,0.1267310380935669,0.740015983581543
1163,1,0.06531752645969391,0.772632896900177,0.16204951703548431
1163,2,0.061734218150377274,0.8634316325187683,0.07483413815498352
1164,0,0.13325299322605133,0.1267310380935669,0.740015983581543
1164,1,0.10149173438549042,0.18492592871189117,0.7135823369026184
1164,2,0.058494918048381805,0.850756049156189,0.09074904024600983
1165,0,0.13325299322605133,0.1267310380935669,0.740015983581543
1165,1,0.06531789153814316,0.7726292610168457,0.16205285489559174
1165,2,0.06173432245850563,0.863430380821228,0.07483527809381485
1166,0,0.13325299322605133,0.1267310380935669,0.740015983581543
1166,1,0.10149173438549042,0.18492592871189117,0.7135823369026184
1166,2,0.0806676596403122,0.6671059131622314,0.25222641229629517
1167,0,0.13325299322605133,0.1267310380935669,0.740015983581543
1167,1,0.06531789898872375,0.7726292014122009,0.1620529592037201
1167,2,0.061734337359666824,0.863430380821228,0.07483531534671783
1168,0,0.13325299322605133,0.1267310380935669,0.740015983581543
1168,1,0.06531800329685211,0.7726280093193054,0.16205397248268127
1168,2,0.061734363436698914,0.8634299635887146,0.07483567297458649
1169,0,0.13325299322605133,0.1267310380935669,0.740015983581543
1169,1,0.0653185024857521,0.7726225256919861,0.16205888986587524
1169,2,0.0694723129272461,0.8311207294464111,0.09940697252750397
1170,0,0.13325299322605133,0.1267310380935669,0.740015983581543
1170,1,0.06531752645969391,0.772632896900177,0.16204951703548431
1170,2,0.0584431029856205,0.878255307674408,0.06330165266990662
1171,0,0.13325299322605133,0.1267310380935669,0.740015983581543
1171,1,0.10149173438549042,0.18492592871189117,0.7135823369026184
1171,2,0.058494970202445984,0.8507556319236755,0.09074945002794266
1172,0,0.13325299322605133,0.1267310380935669,0.740015983581543
1172,1,0.06531752645969391,0.772632896900177,0.16204951703548431
1172,2,0.061734218150377274,0.8634316325187683,0.07483413815498352
1173,0,0.13325299322605133,0.1267310380935669,0.740015983581543
1173,1,0.06531752645969391,0.772632896900177,0.16204951703548431
1173,2,0.061734218150377274,0.8634316325187683,0.07483413815498352
1174,0,0.13325299322605133,0.1267310380935669,0.740015983581543
1174,1,0.10149173438549042,0.18492592871189117,0.7135823369026184
1174,2,0.058494918048381805,0.850756049156189,0.09074904024600983
1175,0,0.13325299322605133,0.1267310380935669,0.740015983581543
1175,1,0.06531789153814316,0.7726292610168457,0.16205285489559174
1175,2,0.06173432245850563,0.863430380821228,0.07483527809381485
1176,0,0.13325299322605133,0.1267310380935669,0.740015983581543
1176,1,0.10149173438549042,0.18492592871189117,0.7135823369026184
1176,2,0.0806676596403122,0.6671059131622314,0.25222641229629517
1177,0,0.13325299322605133,0.1267310380935669,0.740015983581543
1177,1,0.06531789898872375,0.7726292014122009,0.1620529592037201
1177,2,0.061734337359666824,0.863430380821228,0.07483531534671783
1178,0,0.13325299322605133,0.1267310380935669,0.740015983581543
1178,1,0.06531800329685211,0.7726280093193054,0.16205397248268127
1178,2,0.061734363436698914,0.8634299635887146,0.07483567297458649
1179,0,0.13325299322605133,0.1267310380935669,0.740015983581543
1179,1,0.0653185024857521,0.7726225256919861,0.16205888986587524
1179,2,0.0694723129272461,0.8311207294464111,0.09940697252750397
1180,0,0.13325299322605133,0.1267310380935669,0.740015983581543
1180,1,0.06531752645969391,0.772632896900177,0.16204951703548431
1180,2,0.0584431029856205,0.878255307674408,0.06330165266990662
1181,0,0.13325299322605133,0.1267310380935669,0.740015983581543
1181,1,0.10149173438549042,0.18492592871189117,0.7135823369026184
1181,2,0.058494970202445984,0.8507556319236755,0.09074945002794266
1182,0,0.13325299322605133,0.1267310380935669,0.740015983581543
1182,1,0.06531752645969391,0.772632896900177,0.16204951703548431
1182,2,0.061734218150377274,0.8634316325187683,0.07483413815498352
1183,0,0.13325299322605133,0.1267310380935669,0.740015983581543
1183,1,0.06531752645969391,0.772632896900177,0.16204951703548431
1183,2,0.061734218150377274,0.8634316325187683,0.07483413815498352
1184,0,0.13325299322605133,0.1267310380935669,0.740015983581543
1184,1,0.10149173438549042,0.18492592871189117,0.7135823369026184
1184,2,0.058494918048381805,0.850756049156189,0.09074904024600983
1185,0,0.13325299322605133,0.1267310380935669,0.740015983581543
1185,1,0.06531789153814316,0.7726292610168457,0.16205285489559174
1185,2,0.06173432245850563,0.863430380821228,0.07483527809381485
1186,0,0.13325299322605133,0.1267310380935669,0.740015983581543
1186,1,0.10149173438549042,0.18492592871189117,0.7135823369026184
1186,2,0.0806676596403122,0.6671059131622314,0.25222641229629517
1187,0,0.13325299322605133,0.1267310380935669,0.740015983581543
1187,1,0.06531789898872375,0.7726292014122009,0.1620529592037201
1187,2,0.061734337359666824,0.863430380821228,0.07483531534671783
1188,0,0.13325299322605133,0.1267310380935669,0.740015983581543
1188,1,0.06531800329685211,0.7726280093193054,0.16205397248268127
1188,2,0.061734363436698914,0.8634299635887146,0.07483567297458649
1189,0,0.13325299322605133,0.1267310380935669,0.740015983581543
1189,1,0.0653185024857521,0.7726225256919861,0.16205888986587524
1189,2,0.0694723129272461,0.8311207294464111,0.09940697252750397
1190,0,0.13325299322605133,0.1267310380935669,0.740015983581543
1190,1,0.06531752645969391,0.772632896900177,0.16204951703548431
1190,2,0.0584431029856205,0.878255307674408,0.06330165266990662
1191,0,0.13325299322605133,0.1267310380935669,0.740015983581543
1191,1,0.10149173438549042,0.18492592871189117,0.7135823369026184
1191,2,0.058494970202445984,0.8507556319236755,0.09074945002794266
1192,0,0.13325299322605133,0.1267310380935669,0.740015983581543
1192,1,0.06531752645969391,0.772632896900177,0.16204951703548431
1192,2,0.061734218150377274,0.8634316325187683,0.07483413815498352
1193,0,0.13325299322605133,0.1267310380935669,0.740015983581543
1193,1,0.06531752645969391,0.772632896900177,0.16204951703548431
1193,2,0.061734218150377274,0.8634316325187683,0.07483413815498352
1194,0,0.13325299322605133,0.1267310380935669,0.740015983581543
1194,1,0.10149173438549042,0.18492592871189117,0.7135823369026184
1194,2,0.0886540487408638,0.8735491633415222,0.03779676929116249
1195,0,0.10052847862243652,0.116556815803051,0.7829147577285767
1195,1,0.08648379147052765,0.8519295454025269,0.061586618423461914
1195,2,0.09489192068576813,0.8720844388008118,0.03302367031574249
1196,0,0.10052847862243652,0.116556815803051,0.7829147577285767
1196,1,0.09784071892499924,0.24027641117572784,0.6618828773498535
1196,2,0.09664769470691681,0.7990707755088806,0.10428155958652496
1197,0,0.10052847862243652,0.116556815803051,0.7829147577285767
1197,1,0.08648372441530228,0.8519303202629089,0.06158586964011192
1197,2,0.0948919728398323,0.8720846176147461,0.033023443073034286
1198,0,0.10052847862243652,0.116556815803051,0.7829147577285767
1198,1,0.08648380637168884,0.8519291281700134,0.06158704310655594
1198,2,0.09489187598228455,0.8720843195915222,0.033023785799741745
1199,0,0.10052847862243652,0.116556815803051,0.7829147577285767
1199,1,0.08648375421762466,0.8519304394721985,0.06158579885959625
1199,2,0.09763336181640625,0.8599739074707031,0.04239263758063316
1200,0,0.10052847862243652,0.116556815803051,0.7829147577285767
1200,1,0.0864836573600769,0.8519325256347656,0.06158382445573807
1200,2,0.09489216655492783,0.8720850348472595,0.033022813498973846
1201,0,0.10052847862243652,0.116556815803051,0.7829147577285767
1201,1,0.09784071892499924,0.24027641117572784,0.6618828773498535
1201,2,0.08926179260015488,0.8736084699630737,0.0371297225356102
1202,0,0.10052847862243652,0.116556815803051,0.7829147577285767
1202,1,0.0864836797118187,0.8519315719604492,0.0615847222507
1202,2,0.09489206969738007,0.8720848560333252,0.03302309662103653
1203,0,0.10052847862243652,0.116556815803051,0.7829147577285767
1203,1,0.08648378401994705,0.8519297242164612,0.06158649921417236
1203,2,0.09489192068576813,0.8720844984054565,0.03302362933754921
1204,0,0.10052847862243652,0.116556815803051,0.7829147577285767
1204,1,0.09784071892499924,0.24027641117572784,0.6618828773498535
1204,2,0.08926185220479965,0.8736086487770081,0.03712946176528931
1205,0,0.10052847862243652,0.116556815803051,0.7829147577285767
1205,1,0.08648376911878586,0.8519302010536194,0.06158607453107834
1205,2,0.09489193558692932,0.8720846176147461,0.03302350640296936
1206,0,0.10052847862243652,0.116556815803051,0.7829147577285767
1206,1,0.09784071892499924,0.24027641117572784,0.6618828773498535
1206,2,0.09664769470691681,0.7990707755088806,0.10428155958652496
1207,0,0.10052847862243652,0.116556815803051,0.7829147577285767
1207,1,0.0864836573600769,0.8519325256347656,0.06158382445573807
1207,2,0.09489216655492783,0.8720850348472595,0.033022813498973846
1208,0,0.10052847862243652,0.116556815803051,0.7829147577285767
1208,1,0.08648370206356049,0.8519309759140015,0.06158529222011566
1208,2,0.09489201009273529,0.8720846772193909,0.03302326425909996
1209,0,0.10052847862243652,0.116556815803051,0.7829147577285767
1209,1,0.08648373186588287,0.8519306182861328,0.06158560886979103
1209,2,0.09763336181640625,0.8599740862846375,0.04239250719547272
1210,0,0.10052847862243652,0.116556815803051,0.7829147577285767
1210,1,0.0864836573600769,0.8519325256347656,0.06158382445573807
1210,2,0.09489216655492783,0.8720850348472595,0.033022813498973846
1211,0,0.10052847862243652,0.116556815803051,0.7829147577285767
1211,1,0.09784071892499924,0.24027641117572784,0.6618828773498535
1211,2,0.08926179260015488,0.8736084699630737,0.037129729986190796
1212,0,0.10052847862243652,0.116556815803051,0.7829147577285767
1212,1,0.08648372441530228,0.8519315719604492,0.061584752053022385
1212,2,0.09489205479621887,0.8720848560333252,0.033023107796907425
1213,0,0.10052847862243652,0.116556815803051,0.7829147577285767
1213,1,0.08648369461297989,0.8519312739372253,0.06158499792218208
1213,2,0.09489204734563828,0.8720847964286804,0.0330231636762619
1214,0,0.10052847862243652,0.116556815803051,0.7829147577285767
1214,1,0.09784071892499924,0.24027641117572784,0.6618828773498535
1214,2,0.08926185220479965,0.8736086487770081,0.03712946176528931
1215,0,0.10052847862243652,0.116556815803051,0.7829147577285767
1215,1,0.08648376166820526,0.8519302606582642,0.06158604100346565
1215,2,0.09489194303750992,0.8720844984054565,0.03302348405122757
1216,0,0.10052847862243652,0.116556815803051,0.7829147577285767
1216,1,0.09784071892499924,0.24027641117572784,0.6618828773498535
1216,2,0.09664769470691681,0.7990707755088806,0.10428155958652496
1217,0,0.10052847862243652,0.116556815803051,0.7829147577285767
1217,1,0.0864836573600769,0.8519325256347656,0.06158382445573807
1217,2,0.09489216655492783,0.8720850348472595,0.033022813498973846
1218,0,0.10052847862243652,0.116556815803051,0.7829147577285767
1218,1,0.08648377656936646,0.8519298434257507,0.061586372554302216
1218,2,0.09489192068576813,0.8720844984054565,0.03302358463406563
1219,0,0.10052847862243652,0.116556815803051,0.7829147577285767
1219,1,0.08648377656936646,0.8519298434257507,0.061586327850818634
1219,2,0.09763335436582565,0.859973669052124,0.042392972856760025
1220,0,0.10052847862243652,0.116556815803051,0.7829147577285767
1220,1,0.0864836573600769,0.8519325256347656,0.06158382445573807
1220,2,0.09489216655492783,0.8720850348472595,0.033022813498973846
1221,0,0.10052847862243652,0.116556815803051,0.7829147577285767
1221,1,0.09784071892499924,0.24027641117572784,0.6618828773498535
1221,2,0.08926181495189667,0.8736084699630737,0.03712970390915871
1222,0,0.10052847862243652,0.116556815803051,0.7829147577285767
1222,1,0.08648370951414108,0.851931631565094,0.0615847110748291
1222,2,0.09489206969738007,0.8720848560333252,0.03302308917045593
1223,0,0.10052847862243652,0.116556815803051,0.7829147577285767
1223,1,0.08648376166820526,0.8519295454025269,0.06158660352230072
1223,2,0.09489192068576813,0.8720844388008118,0.03302367031574249
1224,0,0.10052847862243652,0.116556815803051,0.7829147577285767
1224,1,0.09784071892499924,0.24027641117572784,0.6618828773498535
1224,2,0.08926185220479965,0.8736086487770081,0.03712946176528931
1225,0,0.10052847862243652,0.116556815803051,0.7829147577285767
1225,1,0.08648376911878586,0.8519302010536194,0.06158607453107834
1225,2,0.09489193558692932,0.8720846176147461,0.03302350640296936
1226,0,0.10052847862243652,0.116556815803051,0.7829147577285767
1226,1,0.09784071892499924,0.24027641117572784,0.6618828773498535
1226,2,0.09664769470691681,0.7990707755088806,0.10428155958652496
1227,0,0.10052847862243652,0.116556815803051,0.7829147577285767
1227,1,0.08648371696472168,0.8519314527511597,0.06158485636115074
1227,2,0.09489205479621887,0.8720848560333252,0.033023133873939514
1228,0,0.10052847862243652,0.116556815803051,0.7829147577285767
1228,1,0.0864836573600769,0.8519325256347656,0.06158382445573807
1228,2,0.09489216655492783,0.8720850348472595,0.033022813498973846
1229,0,0.10052847862243652,0.116556815803051,0.7829147577285767
1229,1,0.08648375421762466,0.8519300222396851,0.061586253345012665
1229,2,0.09763340651988983,0.859973669052124,0.04239295423030853
1230,0,0.10052847862243652,0.116556815803051,0.7829147577285767
1230,1,0.0864836573600769,0.8519325256347656,0.06158382445573807
1230,2,0.09489216655492783,0.8720850348472595,0.033022813498973846
1231,0,0.10052847862243652,0.116556815803051,0.7829147577285767
1231,1,0.09784071892499924,0.24027641117572784,0.6618828773498535
1231,2,0.08926179260015488,0.8736084699630737,0.0371297225356102
1232,0,0.10052847862243652,0.116556815803051,0.7829147577285767
1232,1,0.0864836573600769,0.8519325256347656,0.06158382445573807
1232,2,0.09489216655492783,0.8720850348472595,0.033022813498973846
1233,0,0.10052847862243652,0.116556815803051,0.7829147577285767
1233,1,0.08648408949375153,0.8519225716590881,0.06159335747361183
1233,2,0.09489140659570694,0.8720828890800476,0.03302569314837456
1234,0,0.10052847862243652,0.116556815803051,0.7829147577285767
1234,1,0.09784071892499924,0.24027641117572784,0.6618828773498535
1234,2,0.08926185220479965,0.8736086487770081,0.03712946176528931
1235,0,0.10052847862243652,0.116556815803051,0.7829147577285767
1235,1,0.08648385852575302,0.8519279956817627,0.06158820539712906
1235,2,0.09489178657531738,0.8720840811729431,0.033024147152900696
1236,0,0.10052847862243652,0.116556815803051,0.7829147577285767
1236,1,0.09784071892499924,0.24027641117572784,0.6618828773498535
1236,2,0.09664769470691681,0.7990707755088806,0.10428155958652496
1237,0,0.10052847862243652,0.116556815803051,0.7829147577285767
1237,1,0.0864836573600769,0.8519325256347656,0.06158382445573807
1237,2,0.09489216655492783,0.8720850348472595,0.033022813498973846
1238,0,0.10052847862243652,0.116556815803051,0.7829147577285767
1238,1,0.0864836573600769,0.8519325256347656,0.06158382445573807
1238,2,0.09489216655492783,0.8720850348472595,0.033022813498973846
1239,0,0.10052847862243652,0.116556815803051,0.7829147577285767
1239,1,0.08648369461297989,0.8519312739372253,0.06158499792218208
1239,2,0.09763336926698685,0.8599745631217957,0.04239213466644287
1240,0,0.10052847862243652,0.116556815803051,0.7829147577285767
1240,1,0.0864836573600769,0.8519325256347656,0.06158382445573807
1240,2,0.09489216655492783,0.8720850348472595,0.033022813498973846
1241,0,0.10052847862243652,0.116556815803051,0.7829147577285767
1241,1,0.09784071892499924,0.24027641117572784,0.6618828773498535
1241,2,0.08926179260015488,0.8736084699630737,0.037129729986190796
1242,0,0.10052847862243652,0.116556815803051,0.7829147577285767
1242,1,0.08648372441530228,0.8519315719604492,0.061584752053022385
1242,2,0.09489205479621887,0.8720848560333252,0.033023107796907425
1243,0,0.10052847862243652,0.116556815803051,0.7829147577285767
1243,1,0.08648369461297989,0.8519312739372253,0.06158499792218208
1243,2,0.09489204734563828,0.8720847964286804,0.0330231636762619
1244,0,0.10052847862243652,0.116556815803051,0.7829147577285767
1244,1,0.09784071892499924,0.24027641117572784,0.6618828773498535
1244,2,0.08926185220479965,0.8736086487770081,0.03712946176528931
1245,0,0.10052847862243652,0.116556815803051,0.7829147577285767
1245,1,0.08648376166820526,0.8519302606582642,0.06158604100346565
1245,2,0.09489194303750992,0.8720844984054565,0.03302348405122757
1246,0,0.10052847862243652,0.116556815803051,0.7829147577285767
1246,1,0.09784071892499924,0.24027641117572784,0.6618828773498535
1246,2,0.09664769470691681,0.7990707755088806,0.10428155958652496
1247,0,0.10052847862243652,0.116556815803051,0.7829147577285767
1247,1,0.0864836573600769,0.8519325256347656,0.06158382445573807
1247,2,0.09489216655492783,0.8720850348472595,0.033022813498973846
1248,0,0.10052847862243652,0.116556815803051,0.7829147577285767
1248,1,0.08648377656936646,0.8519298434257507,0.061586372554302216
1248,2,0.09489192068576813,0.8720844984054565,0.03302358463406563
1249,0,0.10052847862243652,0.116556815803051,0.7829147577285767
1249,1,0.08648377656936646,0.8519298434257507,0.061586327850818634
1249,2,0.09763335436582565,0.859973669052124,0.042392972856760025
1250,0,0.10052847862243652,0.116556815803051,0.7829147577285767
1250,1,0.0864836573600769,0.8519325256347656,0.06158382445573807
1250,2,0.09489216655492783,0.8720850348472595,0.033022813498973846
1251,0,0.10052847862243652,0.116556815803051,0.7829147577285767
1251,1,0.09784071892499924,0.24027641117572784,0.6618828773498535
1251,2,0.08926181495189667,0.8736084699630737,0.03712970390915871
1252,0,0.10052847862243652,0.116556815803051,0.7829147577285767
1252,1,0.08648370951414108,0.851931631565094,0.0615847110748291
1252,2,0.09489206969738007,0.8720848560333252,0.03302308917045593
1253,0,0.10052847862243652,0.116556815803051,0.7829147577285767
1253,1,0.08648376166820526,0.8519295454025269,0.06158660352230072
1253,2,0.09489192068576813,0.8720844388008118,0.03302367031574249
1254,0,0.10052847862243652,0.116556815803051,0.7829147577285767
1254,1,0.09784071892499924,0.24027641117572784,0.6618828773498535
1254,2,0.08926185220479965,0.8736086487770081,0.03712946176528931
1255,0,0.10052847862243652,0.116556815803051,0.7829147577285767
1255,1,0.08648376911878586,0.8519302010536194,0.06158607453107834
1255,2,0.09489193558692932,0.8720846176147461,0.03302350640296936
1256,0,0.10052847862243652,0.116556815803051,0.7829147577285767
1256,1,0.09784071892499924,0.24027641117572784,0.6618828773498535
1256,2,0.09664769470691681,0.7990707755088806,0.10428155958652496
1257,0,0.10052847862243652,0.116556815803051,0.7829147577285767
1257,1,0.08648371696472168,0.8519314527511597,0.06158485636115074
1257,2,0.09489205479621887,0.8720848560333252,0.033023133873939514
1258,0,0.10052847862243652,0.116556815803051,0.7829147577285767
1258,1,0.0864836573600769,0.8519325256347656,0.06158382445573807
1258,2,0.09489216655492783,0.8720850348472595,0.033022813498973846
1259,0,0.10052847862243652,0.116556815803051,0.7829147577285767
1259,1,0.08648375421762466,0.8519300222396851,0.061586253345012665
1259,2,0.09763340651988983,0.859973669052124,0.04239295423030853
1260,0,0.10052847862243652,0.116556815803051,0.7829147577285767
1260,1,0.0864836573600769,0.8519325256347656,0.06158382445573807
1260,2,0.09489216655492783,0.8720850348472595,0.033022813498973846
1261,0,0.10052847862243652,0.116556815803051,0.7829147577285767
1261,1,0.09784071892499924,0.24027641117572784,0.6618828773498535
1261,2,0.08926179260015488,0.8736084699630737,0.0371297225356102
1262,0,0.10052847862243652,0.116556815803051,0.7829147577285767
1262,1,0.0864836573600769,0.8519325256347656,0.06158382445573807
1262,2,0.09489216655492783,0.8720850348472595,0.033022813498973846
1263,0,0.10052847862243652,0.116556815803051,0.7829147577285767
1263,1,0.08648408949375153,0.8519225716590881,0.06159335747361183
1263,2,0.09489140659570694,0.8720828890800476,0.03302569314837456
1264,0,0.10052847862243652,0.116556815803051,0.7829147577285767
1264,1,0.09784071892499924,0.24027641117572784,0.6618828773498535
1264,2,0.08926185220479965,0.8736086487770081,0.03712946176528931
1265,0,0.10052847862243652,0.116556815803051,0.7829147577285767
1265,1,0.08648385852575302,0.8519279956817627,0.06158820539712906
1265,2,0.09489178657531738,0.8720840811729431,0.033024147152900696
1266,0,0.10052847862243652,0.116556815803051,0.7829147577285767
1266,1,0.09784071892499924,0.24027641117572784,0.6618828773498535
1266,2,0.09664769470691681,0.7990707755088806,0.10428155958652496
1267,0,0.10052847862243652,0.116556815803051,0.7829147577285767
1267,1,0.0864836573600769,0.8519325256347656,0.06158382445573807
1267,2,0.09489216655492783,0.8720850348472595,0.033022813498973846
1268,0,0.10052847862243652,0.116556815803051,0.7829147577285767
1268,1,0.0864836573600769,0.8519325256347656,0.06158382445573807
1268,2,0.09489216655492783,0.8720850348472595,0.033022813498973846
1269,0,0.10052847862243652,0.116556815803051,0.7829147577285767
1269,1,0.08648369461297989,0.8519312739372253,0.06158499792218208
1269,2,0.09763336926698685,0.8599745631217957,0.04239213466644287
1270,0,0.10052847862243652,0.116556815803051,0.7829147577285767
1270,1,0.0864836573600769,0.8519325256347656,0.06158382445573807
1270,2,0.09489216655492783,0.8720850348472595,0.033022813498973846
1271,0,0.10052847862243652,0.116556815803051,0.7829147577285767
1271,1,0.09784071892499924,0.24027641117572784,0.6618828773498535
1271,2,0.08926179260015488,0.8736084699630737,0.037129729986190796
1272,0,0.10052847862243652,0.116556815803051,0.7829147577285767
1272,1,0.08648372441530228,0.8519315719604492,0.061584752053022385
1272,2,0.09489205479621887,0.8720848560333252,0.033023107796907425
1273,0,0.10052847862243652,0.116556815803051,0.7829147577285767
1273,1,0.08648369461297989,0.8519312739372253,0.06158499792218208
1273,2,0.09489204734563828,0.8720847964286804,0.0330231636762619
1274,0,0.10052847862243652,0.116556815803051,0.7829147577285767
1274,1,0.09784071892499924,0.24027641117572784,0.6618828773498535
1274,2,0.08926185220479965,0.8736086487770081,0.03712946176528931
1275,0,0.10052847862243652,0.116556815803051,0.7829147577285767
1275,1,0.08648376166820526,0.8519302606582642,0.06158604100346565
1275,2,0.09489194303750992,0.8720844984054565,0.03302348405122757
1276,0,0.10052847862243652,0.116556815803051,0.7829147577285767
1276,1,0.09784071892499924,0.24027641117572784,0.6618828773498535
1276,2,0.09664769470691681,0.7990707755088806,0.10428155958652496
1277,0,0.10052847862243652,0.116556815803051,0.7829147577285767
1277,1,0.0864836573600769,0.8519325256347656,0.06158382445573807
1277,2,0.09489216655492783,0.8720850348472595,0.033022813498973846
1278,0,0.10052847862243652,0.116556815803051,0.7829147577285767
1278,1,0.08648377656936646,0.8519298434257507,0.061586372554302216
1278,2,0.09489192068576813,0.8720844984054565,0.03302358463406563
1279,0,0.10052847862243652,0.116556815803051,0.7829147577285767
1279,1,0.08648377656936646,0.8519298434257507,0.061586327850818634
1279,2,0.09763335436582565,0.859973669052124,0.042392972856760025
1280,0,0.06997755914926529,0.08378370851278305,0.8462387323379517
1280,1,0.12388341128826141,0.810363233089447,0.06575334072113037
1280,2,0.14204274117946625,0.8287595510482788,0.029197772964835167
1281,0,0.06997755914926529,0.08378370851278305,0.8462387323379517
1281,1,0.07241778075695038,0.14217428863048553,0.7854079604148865
1281,2,0.1331268548965454,0.8326442837715149,0.034228842705488205
1282,0,0.06997755914926529,0.08378370851278305,0.8462387323379517
1282,1,0.12388341128826141,0.810363233089447,0.06575334072113037
1282,2,0.14204274117946625,0.8287595510482788,0.029197772964835167
1283,0,0.06997755914926529,0.08378370851278305,0.8462387323379517
1283,1,0.1238822340965271,0.8103474378585815,0.06577032059431076
1283,2,0.14203983545303345,0.828758180141449,0.029201984405517578
1284,0,0.06997755914926529,0.08378370851278305,0.8462387323379517
1284,1,0.12388341128826141,0.810363233089447,0.06575334072113037
1284,2,0.14204274117946625,0.8287595510482788,0.029197772964835167
1285,0,0.06997755914926529,0.08378370851278305,0.8462387323379517
1285,1,0.12388341128826141,0.810363233089447,0.06575334072113037
1285,2,0.14204274117946625,0.8287595510482788,0.029197772964835167
1286,0,0.06997755914926529,0.08378370851278305,0.8462387323379517
1286,1,0.12388275563716888,0.8103546500205994,0.06576266139745712
1286,2,0.1420411616563797,0.8287588357925415,0.02920008823275566
1287,0,0.06997755914926529,0.08378370851278305,0.8462387323379517
1287,1,0.12388341128826141,0.810363233089447,0.06575334072113037
1287,2,0.14204274117946625,0.8287595510482788,0.029197772964835167
1288,0,0.06997755914926529,0.08378370851278305,0.8462387323379517
1288,1,0.12388177216053009,0.8103411793708801,0.06577706336975098
1288,2,0.14203867316246033,0.828757643699646,0.02920365147292614
1289,0,0.06997755914926529,0.08378370851278305,0.8462387323379517
1289,1,0.12388328462839127,0.8103617429733276,0.0657549798488617
1289,2,0.14166006445884705,0.817611813545227,0.04072807729244232
1290,0,0.06997755914926529,0.08378370851278305,0.8462387323379517
1290,1,0.12388341128826141,0.810363233089447,0.06575334072113037
1290,2,0.14204274117946625,0.8287595510482788,0.029197772964835167
1291,0,0.06997755914926529,0.08378370851278305,0.8462387323379517
1291,1,0.07241778075695038,0.14217428863048553,0.7854079604148865
1291,2,0.13312700390815735,0.8326444625854492,0.03422854095697403
1292,0,0.06997755914926529,0.08378370851278305,0.8462387323379517
1292,1,0.12388329952955246,0.8103618621826172,0.0657549574971199
1292,2,0.14204245805740356,0.8287593126296997,0.029198169708251953
1293,0,0.06997755914926529,0.08378370851278305,0.8462387323379517
1293,1,0.12388314306735992,0.8103599548339844,0.0657568871974945
1293,2,0.1420421153306961,0.8287591934204102,0.029198652133345604
1294,0,0.06997755914926529,0.08378370851278305,0.8462387323379517
1294,1,0.12388341128826141,0.810363233089447,0.06575334072113037
1294,2,0.14204274117946625,0.8287595510482788,0.029197772964835167
1295,0,0.06997755914926529,0.08378370851278305,0.8462387323379517
1295,1,0.12388341128826141,0.810363233089447,0.06575334072113037
1295,2,0.14204274117946625,0.8287595510482788,0.029197772964835167
1296,0,0.06997755914926529,0.08378370851278305,0.8462387323379517
1296,1,0.12388265132904053,0.8103535175323486,0.06576375663280487
1296,2,0.1420409381389618,0.8287586569786072,0.02920036017894745
1297,0,0.06997755914926529,0.08378370851278305,0.8462387323379517
1297,1,0.12388324737548828,0.8103612661361694,0.06575541943311691
1297,2,0.1420423835515976,0.8287593126296997,0.0291982963681221
1298,0,0.06997755914926529,0.08378370851278305,0.8462387323379517
1298,1,0.12388312816619873,0.8103594779968262,0.06575744599103928
1298,2,0.14204202592372894,0.8287591338157654,0.02919880487024784
1299,0,0.06997755914926529,0.08378370851278305,0.8462387323379517
1299,1,0.12388341128826141,0.810363233089447,0.06575334072113037
1299,2,0.14166025817394257,0.8176127076148987,0.040727101266384125
1300,0,0.06997755914926529,0.08378370851278305,0.8462387323379517
1300,1,0.12388341128826141,0.810363233089447,0.06575334072113037
1300,2,0.14204274117946625,0.8287595510482788,0.029197772964835167
1301,0,0.06997755914926529,0.08378370851278305,0.8462387323379517
1301,1,0.07241778075695038,0.14217428863048553,0.7854079604148865
1301,2,0.1331268548965454,0.8326442837715149,0.03422887623310089
1302,0,0.06997755914926529,0.08378370851278305,0.8462387323379517
1302,1,0.12388328462839127,0.8103616833686829,0.06575501710176468
1302,2,0.14204245805740356,0.8287593126296997,0.029198195785284042
1303,0,0.06997755914926529,0.08378370851278305,0.8462387323379517
1303,1,0.12388192862272263,0.8103432655334473,0.06577479839324951
1303,2,0.14203906059265137,0.8287578225135803,0.029203087091445923
1304,0,0.06997755914926529,0.08378370851278305,0.8462387323379517
1304,1,0.12388341128826141,0.810363233089447,0.06575334072113037
1304,2,0.14204274117946625,0.8287595510482788,0.029197772964835167
1305,0,0.06997755914926529,0.08378370851278305,0.8462387323379517
1305,1,0.12388341128826141,0.810363233089447,0.06575334072113037
1305,2,0.14204274117946625,0.8287595510482788,0.029197772964835167
1306,0,0.06997755914926529,0.08378370851278305,0.8462387323379517
1306,1,0.12388277798891068,0.8103551268577576,0.06576213985681534
1306,2,0.14204125106334686,0.8287588357925415,0.029199961572885513
1307,0,0.06997755914926529,0.08378370851278305,0.8462387323379517
1307,1,0.12388341128826141,0.810363233089447,0.06575334072113037
1307,2,0.14204274117946625,0.8287595510482788,0.029197772964835167
1308,0,0.06997755914926529,0.08378370851278305,0.8462387323379517
1308,1,0.12388341128826141,0.810363233089447,0.06575334072113037
1308,2,0.14204274117946625,0.8287595510482788,0.029197772964835167
1309,0,0.06997755914926529,0.08378370851278305,0.8462387323379517
1309,1,0.12388298660516739,0.8103575110435486,0.06575945764780045
1309,2,0.14165952801704407,0.8176097273826599,0.040730755776166916
1310,0,0.06997755914926529,0.08378370851278305,0.8462387323379517
1310,1,0.12388341128826141,0.810363233089447,0.06575334072113037
1310,2,0.14204274117946625,0.8287595510482788,0.029197772964835167
1311,0,0.06997755914926529,0.08378370851278305,0.8462387323379517
1311,1,0.07241778075695038,0.14217428863048553,0.7854079604148865
1311,2,0.1331268548965454,0.8326442837715149,0.03422887623310089
1312,0,0.06997755914926529,0.08378370851278305,0.8462387323379517
1312,1,0.12388328462839127,0.8103616833686829,0.06575501710176468
1312,2,0.14204245805740356,0.8287593126296997,0.029198195785284042
1313,0,0.06997755914926529,0.08378370851278305,0.8462387323379517
1313,1,0.12388192862272263,0.8103432655334473,0.06577479839324951
1313,2,0.14203906059265137,0.8287578225135803,0.029203087091445923
1314,0,0.06997755914926529,0.08378370851278305,0.8462387323379517
1314,1,0.12388341128826141,0.810363233089447,0.06575334072113037
1314,2,0.14204274117946625,0.8287595510482788,0.029197772964835167
1315,0,0.06997755914926529,0.08378370851278305,0.8462387323379517
1315,1,0.12388341128826141,0.810363233089447,0.06575334072113037
1315,2,0.14204274117946625,0.8287595510482788,0.029197772964835167
1316,0,0.06997755914926529,0.08378370851278305,0.8462387323379517
1316,1,0.12388277798891068,0.8103551268577576,0.06576213985681534
1316,2,0.14204125106334686,0.8287588357925415,0.029199961572885513
1317,0,0.06997755914926529,0.08378370851278305,0.8462387323379517
1317,1,0.12388341128826141,0.810363233089447,0.06575334072113037
1317,2,0.14204274117946625,0.8287595510482788,0.029197772964835167
1318,0,0.06997755914926529,0.08378370851278305,0.8462387323379517
1318,1,0.12388341128826141,0.810363233089447,0.06575334072113037
1318,2,0.14204274117946625,0.8287595510482788,0.029197772964835167
1319,0,0.06997755914926529,0.08378370851278305,0.8462387323379517
1319,1,0.12388298660516739,0.8103575110435486,0.06575945764780045
1319,2,0.14165952801704407,0.8176097273826599,0.040730755776166916
1320,0,0.06997755914926529,0.08378370851278305,0.8462387323379517
1320,1,0.12388341128826141,0.810363233089447,0.06575334072113037
1320,2,0.14204274117946625,0.8287595510482788,0.029197772964835167
1321,0,0.06997755914926529,0.08378370851278305,0.8462387323379517
1321,1,0.07241778075695038,0.14217428863048553,0.7854079604148865
1321,2,0.1331268548965454,0.8326442837715149,0.03422887623310089
1322,0,0.06997755914926529,0.08378370851278305,0.8462387323379517
1322,1,0.12388328462839127,0.8103616833686829,0.06575501710176468
1322,2,0.14204245805740356,0.8287593126296997,0.029198195785284042
1323,0,0.06997755914926529,0.08378370851278305,0.8462387323379517
1323,1,0.12388192862272263,0.8103432655334473,0.06577479839324951
1323,2,0.14203906059265137,0.8287578225135803,0.029203087091445923
1324,0,0.06997755914926529,0.08378370851278305,0.8462387323379517
1324,1,0.12388341128826141,0.810363233089447,0.06575334072113037
1324,2,0.14204274117946625,0.8287595510482788,0.029197772964835167
1325,0,0.06997755914926529,0.08378370851278305,0.8462387323379517
1325,1,0.12388341128826141,0.810363233089447,0.06575334072113037
1325,2,0.14204274117946625,0.8287595510482788,0.029197772964835167
1326,0,0.06997755914926529,0.08378370851278305,0.8462387323379517
1326,1,0.12388277798891068,0.8103551268577576,0.06576213985681534
1326,2,0.14204125106334686,0.8287588357925415,0.029199961572885513
1327,0,0.06997755914926529,0.08378370851278305,0.8462387323379517
1327,1,0.12388341128826141,0.810363233089447,0.06575334072113037
1327,2,0.14204274117946625,0.8287595510482788,0.029197772964835167
1328,0,0.06997755914926529,0.08378370851278305,0.8462387323379517
1328,1,0.12388341128826141,0.810363233089447,0.06575334072113037
1328,2,0.14204274117946625,0.8287595510482788,0.029197772964835167
1329,0,0.06997755914926529,0.08378370851278305,0.8462387323379517
1329,1,0.12388298660516739,0.8103575110435486,0.06575945764780045
1329,2,0.14165952801704407,0.8176097273826599,0.040730755776166916
1330,0,0.06997755914926529,0.08378370851278305,0.8462387323379517
1330,1,0.12388341128826141,0.810363233089447,0.06575334072113037
1330,2,0.14204274117946625,0.8287595510482788,0.029197772964835167
1331,0,0.06997755914926529,0.08378370851278305,0.8462387323379517
1331,1,0.07241778075695038,0.14217428863048553,0.7854079604148865
1331,2,0.1331268548965454,0.8326442837715149,0.03422887623310089
1332,0,0.06997755914926529,0.08378370851278305,0.8462387323379517
1332,1,0.12388328462839127,0.8103616833686829,0.06575501710176468
1332,2,0.14204245805740356,0.8287593126296997,0.029198195785284042
1333,0,0.06997755914926529,0.08378370851278305,0.8462387323379517
1333,1,0.12388192862272263,0.8103432655334473,0.06577479839324951
1333,2,0.14203906059265137,0.8287578225135803,0.029203087091445923
1334,0,0.06997755914926529,0.08378370851278305,0.8462387323379517
1334,1,0.12388341128826141,0.810363233089447,0.06575334072113037
1334,2,0.14204274117946625,0.8287595510482788,0.029197772964835167
1335,0,0.06997755914926529,0.08378370851278305,0.8462387323379517
1335,1,0.12388341128826141,0.810363233089447,0.06575334072113037
1335,2,0.14204274117946625,0.8287595510482788,0.029197772964835167
1336,0,0.06997755914926529,0.08378370851278305,0.8462387323379517
1336,1,0.12388277798891068,0.8103551268577576,0.06576213985681534
1336,2,0.14204125106334686,0.8287588357925415,0.029199961572885513
1337,0,0.06997755914926529,0.08378370851278305,0.8462387323379517
1337,1,0.12388341128826141,0.810363233089447,0.06575334072113037
1337,2,0.14204274117946625,0.8287595510482788,0.029197772964835167
1338,0,0.06997755914926529,0.08378370851278305,0.8462387323379517
1338,1,0.12388341128826141,0.810363233089447,0.06575334072113037
1338,2,0.14204274117946625,0.8287595510482788,0.029197772964835167
1339,0,0.06997755914926529,0.08378370851278305,0.8462387323379517
1339,1,0.12388298660516739,0.8103575110435486,0.06575945764780045
1339,2,0.14165952801704407,0.8176097273826599,0.040730755776166916
1340,0,0.06997755914926529,0.08378370851278305,0.8462387323379517
1340,1,0.12388341128826141,0.810363233089447,0.06575334072113037
1340,2,0.14204274117946625,0.8287595510482788,0.029197772964835167
1341,0,0.06997755914926529,0.08378370851278305,0.8462387323379517
1341,1,0.07241778075695038,0.14217428863048553,0.7854079604148865
1341,2,0.1331268548965454,0.8326442837715149,0.03422887623310089
1342,0,0.06997755914926529,0.08378370851278305,0.8462387323379517
1342,1,0.12388328462839127,0.8103616833686829,0.06575501710176468
1342,2,0.14204245805740356,0.8287593126296997,0.029198195785284042
1343,0,0.06997755914926529,0.08378370851278305,0.8462387323379517
1343,1,0.12388192862272263,0.8103432655334473,0.06577479839324951
1343,2,0.14203906059265137,0.8287578225135803,0.029203087091445923
1344,0,0.06997755914926529,0.08378370851278305,0.8462387323379517
1344,1,0.12388341128826141,0.810363233089447,0.06575334072113037
1344,2,0.14204274117946625,0.8287595510482788,0.029197772964835167
1345,0,0.06997755914926529,0.08378370851278305,0.8462387323379517
1345,1,0.12388341128826141,0.810363233089447,0.06575334072113037
1345,2,0.14204274117946625,0.8287595510482788,0.029197772964835167
1346,0,0.06997755914926529,0.08378370851278305,0.8462387323379517
1346,1,0.12388277798891068,0.8103551268577576,0.06576213985681534
1346,2,0.14204125106334686,0.8287588357925415,0.029199961572885513
1347,0,0.06997755914926529,0.08378370851278305,0.8462387323379517
1347,1,0.12388341128826141,0.810363233089447,0.06575334072113037
1347,2,0.14204274117946625,0.8287595510482788,0.029197772964835167
1348,0,0.06997755914926529,0.08378370851278305,0.8462387323379517
1348,1,0.12388341128826141,0.810363233089447,0.06575334072113037
1348,2,0.14204274117946625,0.8287595510482788,0.029197772964835167
1349,0,0.06997755914926529,0.08378370851278305,0.8462387323379517
1349,1,0.12388298660516739,0.8103575110435486,0.06575945764780045
1349,2,0.14165952801704407,0.8176097273826599,0.040730755776166916
1350,0,0.06997755914926529,0.08378370851278305,0.8462387323379517
1350,1,0.12388341128826141,0.810363233089447,0.06575334072113037
1350,2,0.14204274117946625,0.8287595510482788,0.029197772964835167
1351,0,0.06997755914926529,0.08378370851278305,0.8462387323379517
1351,1,0.07241778075695038,0.14217428863048553,0.7854079604148865
1351,2,0.1331268548965454,0.8326442837715149,0.03422887623310089
1352,0,0.06997755914926529,0.08378370851278305,0.8462387323379517
1352,1,0.12388328462839127,0.8103616833686829,0.06575501710176468
1352,2,0.14204245805740356,0.8287593126296997,0.029198195785284042
1353,0,0.06997755914926529,0.08378370851278305,0.8462387323379517
1353,1,0.12388192862272263,0.8103432655334473,0.06577479839324951
1353,2,0.14203906059265137,0.8287578225135803,0.029203087091445923
1354,0,0.06997755914926529,0.08378370851278305,0.8462387323379517
1354,1,0.12388341128826141,0.810363233089447,0.06575334072113037
1354,2,0.14204274117946625,0.8287595510482788,0.029197772964835167
1355,0,0.06997755914926529,0.08378370851278305,0.8462387323379517
1355,1,0.12388341128826141,0.810363233089447,0.06575334072113037
1355,2,0.14204274117946625,0.8287595510482788,0.029197772964835167
1356,0,0.06997755914926529,0.08378370851278305,0.8462387323379517
1356,1,0.12388277798891068,0.8103551268577576,0.06576213985681534
1356,2,0.14204125106334686,0.8287588357925415,0.029199961572885513
1357,0,0.06997755914926529,0.08378370851278305,0.8462387323379517
1357,1,0.12388341128826141,0.810363233089447,0.06575334072113037
1357,2,0.14204274117946625,0.8287595510482788,0.029197772964835167
1358,0,0.06997755914926529,0.08378370851278305,0.8462387323379517
1358,1,0.12388341128826141,0.810363233089447,0.06575334072113037
1358,2,0.14204274117946625,0.8287595510482788,0.029197772964835167
1359,0,0.06997755914926529,0.08378370851278305,0.8462387323379517
1359,1,0.12388298660516739,0.8103575110435486,0.06575945764780045
1359,2,0.14165952801704407,0.8176097273826599,0.040730755776166916
1360,0,0.06997755914926529,0.08378370851278305,0.8462387323379517
1360,1,0.12388341128826141,0.810363233089447,0.06575334072113037
1360,2,0.14204274117946625,0.8287595510482788,0.029197772964835167
1361,0,0.06997755914926529,0.08378370851278305,0.8462387323379517
1361,1,0.07241778075695038,0.14217428863048553,0.7854079604148865
1361,2,0.1331268548965454,0.8326442837715149,0.03422887623310089
1362,0,0.06997755914926529,0.08378370851278305,0.8462387323379517
1362,1,0.12388328462839127,0.8103616833686829,0.06575501710176468
1362,2,0.14204245805740356,0.8287593126296997,0.029198195785284042
1363,0,0.06997755914926529,0.08378370851278305,0.8462387323379517
1363,1,0.12388192862272263,0.8103432655334473,0.06577479839324951
1363,2,0.14203906059265137,0.8287578225135803,0.029203087091445923
1364,0,0.06997755914926529,0.08378370851278305,0.8462387323379517
1364,1,0.12388341128826141,0.810363233089447,0.06575334072113037
1364,2,0.14204274117946625,0.8287595510482788,0.029197772964835167
1365,0,0.06997755914926529,0.08378370851278305,0.8462387323379517
1365,1,0.1623397022485733,0.774189829826355,0.06347035616636276
1365,2,0.19394968450069427,0.7804843783378601,0.0255658607929945
1366,0,0.05118775740265846,0.06893953680992126,0.879872739315033
1366,1,0.16203103959560394,0.7739542126655579,0.06401471793651581
1366,2,0.19381093978881836,0.7805672287940979,0.025621701031923294
1367,0,0.05118775740265846,0.06893953680992126,0.879872739315033
1367,1,0.1620335578918457,0.773962140083313,0.06400424987077713
1367,2,0.19381409883499146,0.7805664539337158,0.025619378313422203
1368,0,0.05118775740265846,0.06893953680992126,0.879872739315033
1368,1,0.16203291714191437,0.7739601135253906,0.06400694698095322
1368,2,0.19381332397460938,0.7805667519569397,0.025619987398386
1369,0,0.05118775740265846,0.06893953680992126,0.879872739315033
1369,1,0.1620313674211502,0.7739552855491638,0.0640132799744606
1369,2,0.1874052882194519,0.7747331857681274,0.03786157816648483
1370,0,0.05118775740265846,0.06893953680992126,0.879872739315033
1370,1,0.1620335578918457,0.773962140083313,0.06400424987077713
1370,2,0.19381409883499146,0.7805664539337158,0.025619378313422203
1371,0,0.05118775740265846,0.06893953680992126,0.879872739315033
1371,1,0.16203324496746063,0.7739611268043518,0.06400561332702637
1371,2,0.2003943771123886,0.7787584066390991,0.020847303792834282
1372,0,0.05118775740265846,0.06893953680992126,0.879872739315033
1372,1,0.16203266382217407,0.7739593386650085,0.06400806456804276
1372,2,0.1938130110502243,0.7805667519569397,0.02562023140490055
1373,0,0.05118775740265846,0.06893953680992126,0.879872739315033
1373,1,0.16203248500823975,0.7739588022232056,0.0640086904168129
1373,2,0.1938127875328064,0.7805667519569397,0.02562038041651249
1374,0,0.05118775740265846,0.06893953680992126,0.879872739315033
1374,1,0.1620335578918457,0.773962140083313,0.06400424987077713
1374,2,0.19381409883499146,0.7805664539337158,0.025619378313422203
1375,0,0.05118775740265846,0.06893953680992126,0.879872739315033
1375,1,0.1620335578918457,0.773962140083313,0.06400424987077713
1375,2,0.19381409883499146,0.7805664539337158,0.025619378313422203
1376,0,0.05118775740265846,0.06893953680992126,0.879872739315033
1376,1,0.16203202307224274,0.7739573121070862,0.06401070207357407
1376,2,0.19381219148635864,0.7805670499801636,0.02562081627547741
1377,0,0.05118775740265846,0.06893953680992126,0.879872739315033
1377,1,0.1620335578918457,0.773962140083313,0.06400424987077713
1377,2,0.19381409883499146,0.7805664539337158,0.025619378313422203
1378,0,0.05118775740265846,0.06893953680992126,0.879872739315033
1378,1,0.162031352519989,0.773955225944519,0.06401342898607254
1378,2,0.19381137192249298,0.7805671691894531,0.02562141977250576
1379,0,0.05118775740265846,0.06893953680992126,0.879872739315033
1379,1,0.16202697157859802,0.7739414572715759,0.06403164565563202
1379,2,0.18739952147006989,0.7747282981872559,0.037872135639190674
1380,0,0.05118775740265846,0.06893953680992126,0.879872739315033
1380,1,0.1620335578918457,0.773962140083313,0.06400424987077713
1380,2,0.19381409883499146,0.7805664539337158,0.025619378313422203
1381,0,0.05118775740265846,0.06893953680992126,0.879872739315033
1381,1,0.16203324496746063,0.7739611268043518,0.06400561332702637
1381,2,0.2003943771123886,0.7787584066390991,0.020847303792834282
1382,0,0.05118775740265846,0.06893953680992126,0.879872739315033
1382,1,0.16203266382217407,0.7739593386650085,0.06400806456804276
1382,2,0.1938130110502243,0.7805667519569397,0.02562023140490055
1383,0,0.05118775740265846,0.06893953680992126,0.879872739315033
1383,1,0.16203248500823975,0.7739588022232056,0.0640086904168129
1383,2,0.1938127875328064,0.7805667519569397,0.02562038041651249
1384,0,0.05118775740265846,0.06893953680992126,0.879872739315033
1384,1,0.1620335578918457,0.773962140083313,0.06400424987077713
1384,2,0.19381409883499146,0.7805664539337158,0.025619378313422203
1385,0,0.05118775740265846,0.06893953680992126,0.879872739315033
1385,1,0.1620335578918457,0.773962140083313,0.06400424987077713
1385,2,0.19381409883499146,0.7805664539337158,0.025619378313422203
1386,0,0.05118775740265846,0.06893953680992126,0.879872739315033
1386,1,0.16203202307224274,0.7739573121070862,0.06401070207357407
1386,2,0.19381219148635864,0.7805670499801636,0.02562081627547741
1387,0,0.05118775740265846,0.06893953680992126,0.879872739315033
1387,1,0.1620335578918457,0.773962140083313,0.06400424987077713
1387,2,0.19381409883499146,0.7805664539337158,0.025619378313422203
1388,0,0.05118775740265846,0.06893953680992126,0.879872739315033
1388,1,0.162031352519989,0.773955225944519,0.06401342898607254
1388,2,0.19381137192249298,0.7805671691894531,0.02562141977250576
1389,0,0.05118775740265846,0.06893953680992126,0.879872739315033
1389,1,0.16202697157859802,0.7739414572715759,0.06403164565563202
1389,2,0.18739952147006989,0.7747282981872559,0.037872135639190674
1390,0,0.05118775740265846,0.06893953680992126,0.879872739315033
1390,1,0.1620335578918457,0.773962140083313,0.06400424987077713
1390,2,0.19381409883499146,0.7805664539337158,0.025619378313422203
1391,0,0.05118775740265846,0.06893953680992126,0.879872739315033
1391,1,0.16203324496746063,0.7739611268043518,0.06400561332702637
1391,2,0.2003943771123886,0.7787584066390991,0.020847303792834282
1392,0,0.05118775740265846,0.06893953680992126,0.879872739315033
1392,1,0.16203266382217407,0.7739593386650085,0.06400806456804276
1392,2,0.1938130110502243,0.7805667519569397,0.02562023140490055
1393,0,0.05118775740265846,0.06893953680992126,0.879872739315033
1393,1,0.16203248500823975,0.7739588022232056,0.0640086904168129
1393,2,0.1938127875328064,0.7805667519569397,0.02562038041651249
1394,0,0.05118775740265846,0.06893953680992126,0.879872739315033
1394,1,0.1620335578918457,0.773962140083313,0.06400424987077713
1394,2,0.19381409883499146,0.7805664539337158,0.025619378313422203
1395,0,0.05118775740265846,0.06893953680992126,0.879872739315033
1395,1,0.1620335578918457,0.773962140083313,0.06400424987077713
1395,2,0.19381409883499146,0.7805664539337158,0.025619378313422203
1396,0,0.05118775740265846,0.06893953680992126,0.879872739315033
1396,1,0.16203202307224274,0.7739573121070862,0.06401070207357407
1396,2,0.19381219148635864,0.7805670499801636,0.02562081627547741
1397,0,0.05118775740265846,0.06893953680992126,0.879872739315033
1397,1,0.1620335578918457,0.773962140083313,0.06400424987077713
1397,2,0.19381409883499146,0.7805664539337158,0.025619378313422203
1398,0,0.05118775740265846,0.06893953680992126,0.879872739315033
1398,1,0.162031352519989,0.773955225944519,0.06401342898607254
1398,2,0.19381137192249298,0.7805671691894531,0.02562141977250576
1399,0,0.05118775740265846,0.06893953680992126,0.879872739315033
1399,1,0.16202697157859802,0.7739414572715759,0.06403164565563202
1399,2,0.18739952147006989,0.7747282981872559,0.037872135639190674
1400,0,0.05118775740265846,0.06893953680992126,0.879872739315033
1400,1,0.1620335578918457,0.773962140083313,0.06400424987077713
1400,2,0.19381409883499146,0.7805664539337158,0.025619378313422203
1401,0,0.05118775740265846,0.06893953680992126,0.879872739315033
1401,1,0.16203324496746063,0.7739611268043518,0.06400561332702637
1401,2,0.2003943771123886,0.7787584066390991,0.020847303792834282
1402,0,0.05118775740265846,0.06893953680992126,0.879872739315033
1402,1,0.16203266382217407,0.7739593386650085,0.06400806456804276
1402,2,0.1938130110502243,0.7805667519569397,0.02562023140490055
1403,0,0.05118775740265846,0.06893953680992126,0.879872739315033
1403,1,0.16203248500823975,0.7739588022232056,0.0640086904168129
1403,2,0.1938127875328064,0.7805667519569397,0.02562038041651249
1404,0,0.05118775740265846,0.06893953680992126,0.879872739315033
1404,1,0.1620335578918457,0.773962140083313,0.06400424987077713
1404,2,0.19381409883499146,0.7805664539337158,0.025619378313422203
1405,0,0.05118775740265846,0.06893953680992126,0.879872739315033
1405,1,0.1620335578918457,0.773962140083313,0.06400424987077713
1405,2,0.19381409883499146,0.7805664539337158,0.025619378313422203
1406,0,0.05118775740265846,0.06893953680992126,0.879872739315033
1406,1,0.16203202307224274,0.7739573121070862,0.06401070207357407
1406,2,0.19381219148635864,0.7805670499801636,0.02562081627547741
1407,0,0.05118775740265846,0.06893953680992126,0.879872739315033
1407,1,0.1620335578918457,0.773962140083313,0.06400424987077713
1407,2,0.19381409883499146,0.7805664539337158,0.025619378313422203
1408,0,0.05118775740265846,0.06893953680992126,0.879872739315033
1408,1,0.162031352519989,0.773955225944519,0.06401342898607254
1408,2,0.19381137192249298,0.7805671691894531,0.02562141977250576
1409,0,0.05118775740265846,0.06893953680992126,0.879872739315033
1409,1,0.16202697157859802,0.7739414572715759,0.06403164565563202
1409,2,0.18739952147006989,0.7747282981872559,0.037872135639190674
1410,0,0.05118775740265846,0.06893953680992126,0.879872739315033
1410,1,0.1620335578918457,0.773962140083313,0.06400424987077713
1410,2,0.19381409883499146,0.7805664539337158,0.025619378313422203
1411,0,0.05118775740265846,0.06893953680992126,0.879872739315033
1411,1,0.16203324496746063,0.7739611268043518,0.06400561332702637
1411,2,0.2003943771123886,0.7787584066390991,0.020847303792834282
1412,0,0.05118775740265846,0.06893953680992126,0.879872739315033
1412,1,0.16203266382217407,0.7739593386650085,0.06400806456804276
1412,2,0.1938130110502243,0.7805667519569397,0.02562023140490055
1413,0,0.05118775740265846,0.06893953680992126,0.879872739315033
1413,1,0.16203248500823975,0.7739588022232056,0.0640086904168129
1413,2,0.1938127875328064,0.7805667519569397,0.02562038041651249
1414,0,0.05118775740265846,0.06893953680992126,0.879872739315033
1414,1,0.1620335578918457,0.773962140083313,0.06400424987077713
1414,2,0.19381409883499146,0.7805664539337158,0.025619378313422203
1415,0,0.05118775740265846,0.06893953680992126,0.879872739315033
1415,1,0.1620335578918457,0.773962140083313,0.06400424987077713
1415,2,0.19381409883499146,0.7805664539337158,0.025619378313422203
1416,0,0.05118775740265846,0.06893953680992126,0.879872739315033
1416,1,0.16203202307224274,0.7739573121070862,0.06401070207357407
1416,2,0.19381219148635864,0.7805670499801636,0.02562081627547741
1417,0,0.05118775740265846,0.06893953680992126,0.879872739315033
1417,1,0.1620335578918457,0.773962140083313,0.06400424987077713
1417,2,0.19381409883499146,0.7805664539337158,0.025619378313422203
1418,0,0.05118775740265846,0.06893953680992126,0.879872739315033
1418,1,0.162031352519989,0.773955225944519,0.06401342898607254
1418,2,0.19381137192249298,0.7805671691894531,0.02562141977250576
1419,0,0.05118775740265846,0.06893953680992126,0.879872739315033
1419,1,0.16202697157859802,0.7739414572715759,0.06403164565563202
1419,2,0.18739952147006989,0.7747282981872559,0.037872135639190674
1420,0,0.05118775740265846,0.06893953680992126,0.879872739315033
1420,1,0.1620335578918457,0.773962140083313,0.06400424987077713
1420,2,0.19381409883499146,0.7805664539337158,0.025619378313422203
1421,0,0.05118775740265846,0.06893953680992126,0.879872739315033
1421,1,0.16203324496746063,0.7739611268043518,0.06400561332702637
1421,2,0.2003943771123886,0.7787584066390991,0.020847303792834282
1422,0,0.05118775740265846,0.06893953680992126,0.879872739315033
1422,1,0.16203266382217407,0.7739593386650085,0.06400806456804276
1422,2,0.1938130110502243,0.7805667519569397,0.02562023140490055
1423,0,0.05118775740265846,0.06893953680992126,0.879872739315033
1423,1,0.16203248500823975,0.7739588022232056,0.0640086904168129
1423,2,0.1938127875328064,0.7805667519569397,0.02562038041651249
1424,0,0.05118775740265846,0.06893953680992126,0.879872739315033
1424,1,0.1620335578918457,0.773962140083313,0.06400424987077713
1424,2,0.19381409883499146,0.7805664539337158,0.025619378313422203
1425,0,0.05118775740265846,0.06893953680992126,0.879872739315033
1425,1,0.1620335578918457,0.773962140083313,0.06400424987077713
1425,2,0.19381409883499146,0.7805664539337158,0.025619378313422203
1426,0,0.05118775740265846,0.06893953680992126,0.879872739315033
1426,1,0.16203202307224274,0.7739573121070862,0.06401070207357407
1426,2,0.19381219148635864,0.7805670499801636,0.02562081627547741
1427,0,0.05118775740265846,0.06893953680992126,0.879872739315033
1427,1,0.1620335578918457,0.773962140083313,0.06400424987077713
1427,2,0.19381409883499146,0.7805664539337158,0.025619378313422203
1428,0,0.05118775740265846,0.06893953680992126,0.879872739315033
1428,1,0.162031352519989,0.773955225944519,0.06401342898607254
1428,2,0.19381137192249298,0.7805671691894531,0.02562141977250576
1429,0,0.05118775740265846,0.06893953680992126,0.879872739315033
1429,1,0.16202697157859802,0.7739414572715759,0.06403164565563202
1429,2,0.18739952147006989,0.7747282981872559,0.037872135639190674
1430,0,0.05118775740265846,0.06893953680992126,0.879872739315033
1430,1,0.1620335578918457,0.773962140083313,0.06400424987077713
1430,2,0.19381409883499146,0.7805664539337158,0.025619378313422203
1431,0,0.05118775740265846,0.06893953680992126,0.879872739315033
1431,1,0.16203324496746063,0.7739611268043518,0.06400561332702637
1431,2,0.2003943771123886,0.7787584066390991,0.020847303792834282
1432,0,0.05118775740265846,0.06893953680992126,0.879872739315033
1432,1,0.16203266382217407,0.7739593386650085,0.06400806456804276
1432,2,0.1938130110502243,0.7805667519569397,0.02562023140490055
1433,0,0.05118775740265846,0.06893953680992126,0.879872739315033
1433,1,0.16203248500823975,0.7739588022232056,0.0640086904168129
1433,2,0.1938127875328064,0.7805667519569397,0.02562038041651249
1434,0,0.05118775740265846,0.06893953680992126,0.879872739315033
1434,1,0.1620335578918457,0.773962140083313,0.06400424987077713
1434,2,0.19381409883499146,0.7805664539337158,0.025619378313422203
1435,0,0.05118775740265846,0.06893953680992126,0.879872739315033
1435,1,0.1620335578918457,0.773962140083313,0.06400424987077713
1435,2,0.19381409883499146,0.7805664539337158,0.025619378313422203
1436,0,0.05118775740265846,0.06893953680992126,0.879872739315033
1436,1,0.16203202307224274,0.7739573121070862,0.06401070207357407
1436,2,0.19381219148635864,0.7805670499801636,0.02562081627547741
1437,0,0.05118775740265846,0.06893953680992126,0.879872739315033
1437,1,0.1620335578918457,0.773962140083313,0.06400424987077713
1437,2,0.19381409883499146,0.7805664539337158,0.025619378313422203
1438,0,0.05118775740265846,0.06893953680992126,0.879872739315033
1438,1,0.162031352519989,0.773955225944519,0.06401342898607254
1438,2,0.19381137192249298,0.7805671691894531,0.02562141977250576
1439,0,0.05118775740265846,0.06893953680992126,0.879872739315033
1439,1,0.16202697157859802,0.7739414572715759,0.06403164565563202
1439,2,0.18739952147006989,0.7747282981872559,0.037872135639190674
1440,0,0.05118775740265846,0.06893953680992126,0.879872739315033
1440,1,0.1620335578918457,0.773962140083313,0.06400424987077713
1440,2,0.19381409883499146,0.7805664539337158,0.025619378313422203
1441,0,0.05118775740265846,0.06893953680992126,0.879872739315033
1441,1,0.16203324496746063,0.7739611268043518,0.06400561332702637
1441,2,0.2003943771123886,0.7787584066390991,0.020847303792834282
1442,0,0.05118775740265846,0.06893953680992126,0.879872739315033
1442,1,0.16203266382217407,0.7739593386650085,0.06400806456804276
1442,2,0.1938130110502243,0.7805667519569397,0.02562023140490055
1443,0,0.05118775740265846,0.06893953680992126,0.879872739315033
1443,1,0.16203248500823975,0.7739588022232056,0.0640086904168129
1443,2,0.1938127875328064,0.7805667519569397,0.02562038041651249
1444,0,0.05118775740265846,0.06893953680992126,0.879872739315033
1444,1,0.1620335578918457,0.773962140083313,0.06400424987077713
1444,2,0.19381409883499146,0.7805664539337158,0.025619378313422203
1445,0,0.05118775740265846,0.06893953680992126,0.879872739315033
1445,1,0.1620335578918457,0.773962140083313,0.06400424987077713
1445,2,0.19381409883499146,0.7805664539337158,0.025619378313422203
1446,0,0.05118775740265846,0.06893953680992126,0.879872739315033
1446,1,0.16203202307224274,0.7739573121070862,0.06401070207357407
1446,2,0.19381219148635864,0.7805670499801636,0.02562081627547741
1447,0,0.05118775740265846,0.06893953680992126,0.879872739315033
1447,1,0.1620335578918457,0.773962140083313,0.06400424987077713
1447,2,0.19381409883499146,0.7805664539337158,0.025619378313422203
1448,0,0.05118775740265846,0.06893953680992126,0.879872739315033
1448,1,0.162031352519989,0.773955225944519,0.06401342898607254
1448,2,0.19381137192249298,0.7805671691894531,0.02562141977250576
1449,0,0.05118775740265846,0.06893953680992126,0.879872739315033
1449,1,0.16202697157859802,0.7739414572715759,0.06403164565563202
1449,2,0.18739952147006989,0.7747282981872559,0.037872135639190674
1450,0,0.05118775740265846,0.06893953680992126,0.879872739315033
1450,1,0.1620335578918457,0.773962140083313,0.06400424987077713
1450,2,0.2536972165107727,0.7262312769889832,0.020071545615792274
1451,0,0.04818839207291603,0.06883630156517029,0.8829752802848816
1451,1,0.21925126016139984,0.7384726405143738,0.04227614402770996
1451,2,0.2645041346549988,0.7189416885375977,0.0165542121976614
1452,0,0.04818839207291603,0.06883630156517029,0.8829752802848816
1452,1,0.21925091743469238,0.7384724617004395,0.04227658733725548
1452,2,0.2549847364425659,0.7251250147819519,0.019890226423740387
1453,0,0.04818839207291603,0.06883630156517029,0.8829752802848816
1453,1,0.21924839913845062,0.738471269607544,0.04228032007813454
1453,2,0.254982590675354,0.7251262664794922,0.019891120493412018
1454,0,0.04818839207291603,0.06883630156517029,0.8829752802848816
1454,1,0.21925173699855804,0.7384728789329529,0.042275361716747284
1454,2,0.2549854516983032,0.7251246571540833,0.01988993212580681
1455,0,0.04818839207291603,0.06883630156517029,0.8829752802848816
1455,1,0.21925173699855804,0.7384728789329529,0.042275361716747284
1455,2,0.2549854516983032,0.7251246571540833,0.01988993212580681
1456,0,0.04818839207291603,0.06883630156517029,0.8829752802848816
1456,1,0.21924994885921478,0.738472044467926,0.04227808490395546
1456,2,0.2549838721752167,0.7251254916191101,0.019890589639544487
1457,0,0.04818839207291603,0.06883630156517029,0.8829752802848816
1457,1,0.21924994885921478,0.738472044467926,0.04227810725569725
1457,2,0.2549838721752167,0.7251254916191101,0.019890589639544487
1458,0,0.04818839207291603,0.06883630156517029,0.8829752802848816
1458,1,0.21925173699855804,0.7384728789329529,0.042275361716747284
1458,2,0.2549854516983032,0.7251246571540833,0.01988993212580681
1459,0,0.04818839207291603,0.06883630156517029,0.8829752802848816
1459,1,0.21925173699855804,0.7384728789329529,0.042275361716747284
1459,2,0.24299922585487366,0.7284166812896729,0.028584150597453117
1460,0,0.04818839207291603,0.06883630156517029,0.8829752802848816
1460,1,0.21925173699855804,0.7384728789329529,0.042275361716747284
1460,2,0.2549854516983032,0.7251246571540833,0.01988993212580681
1461,0,0.04818839207291603,0.06883630156517029,0.8829752802848816
1461,1,0.21925173699855804,0.7384728789329529,0.042275361716747284
1461,2,0.26450443267822266,0.7189415097236633,0.016554124653339386
1462,0,0.04818839207291603,0.06883630156517029,0.8829752802848816
1462,1,0.21925108134746552,0.7384726405143738,0.042276374995708466
1462,2,0.25498488545417786,0.7251250147819519,0.01989017426967621
1463,0,0.04818839207291603,0.06883630156517029,0.8829752802848816
1463,1,0.2192506194114685,0.7384723424911499,0.04227704554796219
1463,2,0.25498446822166443,0.7251251935958862,0.019890334457159042
1464,0,0.04818839207291603,0.06883630156517029,0.8829752802848816
1464,1,0.21925173699855804,0.7384728789329529,0.042275361716747284
1464,2,0.2549854516983032,0.7251246571540833,0.01988993212580681
1465,0,0.04818839207291603,0.06883630156517029,0.8829752802848816
1465,1,0.21925173699855804,0.7384728789329529,0.042275361716747284
1465,2,0.2549854516983032,0.7251246571540833,0.01988993212580681
1466,0,0.04818839207291603,0.06883630156517029,0.8829752802848816
1466,1,0.21924933791160583,0.7384717464447021,0.04227893427014351
1466,2,0.25498345494270325,0.7251258492469788,0.0198907982558012
1467,0,0.04818839207291603,0.06883630156517029,0.8829752802848816
1467,1,0.21925173699855804,0.7384728789329529,0.042275361716747284
1467,2,0.2549854516983032,0.7251246571540833,0.01988993212580681
1468,0,0.04818839207291603,0.06883630156517029,0.8829752802848816
1468,1,0.21925173699855804,0.7384728789329529,0.042275361716747284
1468,2,0.2549854516983032,0.7251246571540833,0.01988993212580681
1469,0,0.04818839207291603,0.06883630156517029,0.8829752802848816
1469,1,0.21925173699855804,0.7384728789329529,0.042275361716747284
1469,2,0.24299922585487366,0.7284166812896729,0.028584150597453117
1470,0,0.04818839207291603,0.06883630156517029,0.8829752802848816
1470,1,0.21925173699855804,0.7384728789329529,0.042275361716747284
1470,2,0.2549854516983032,0.7251246571540833,0.01988993212580681
1471,0,0.04818839207291603,0.06883630156517029,0.8829752802848816
1471,1,0.21925173699855804,0.7384728789329529,0.042275361716747284
1471,2,0.26450443267822266,0.7189415097236633,0.016554124653339386
1472,0,0.04818839207291603,0.06883630156517029,0.8829752802848816
1472,1,0.21925108134746552,0.7384726405143738,0.042276374995708466
1472,2,0.25498488545417786,0.7251250147819519,0.01989017426967621
1473,0,0.04818839207291603,0.06883630156517029,0.8829752802848816
1473,1,0.2192506194114685,0.7384723424911499,0.04227704554796219
1473,2,0.25498446822166443,0.7251251935958862,0.019890334457159042
1474,0,0.04818839207291603,0.06883630156517029,0.8829752802848816
1474,1,0.21925173699855804,0.7384728789329529,0.042275361716747284
1474,2,0.2549854516983032,0.7251246571540833,0.01988993212580681
1475,0,0.04818839207291603,0.06883630156517029,0.8829752802848816
1475,1,0.21925173699855804,0.7384728789329529,0.042275361716747284
1475,2,0.2549854516983032,0.7251246571540833,0.01988993212580681
1476,0,0.04818839207291603,0.06883630156517029,0.8829752802848816
1476,1,0.21924933791160583,0.7384717464447021,0.04227893427014351
1476,2,0.25498345494270325,0.7251258492469788,0.0198907982558012
1477,0,0.04818839207291603,0.06883630156517029,0.8829752802848816
1477,1,0.21925173699855804,0.7384728789329529,0.042275361716747284
1477,2,0.2549854516983032,0.7251246571540833,0.01988993212580681
1478,0,0.04818839207291603,0.06883630156517029,0.8829752802848816
1478,1,0.21925173699855804,0.7384728789329529,0.042275361716747284
1478,2,0.2549854516983032,0.7251246571540833,0.01988993212580681
1479,0,0.04818839207291603,0.06883630156517029,0.8829752802848816
1479,1,0.21925173699855804,0.7384728789329529,0.042275361716747284
1479,2,0.24299922585487366,0.7284166812896729,0.028584150597453117
1480,0,0.04818839207291603,0.06883630156517029,0.8829752802848816
1480,1,0.21925173699855804,0.7384728789329529,0.042275361716747284
1480,2,0.2549854516983032,0.7251246571540833,0.01988993212580681
1481,0,0.04818839207291603,0.06883630156517029,0.8829752802848816
1481,1,0.21925173699855804,0.7384728789329529,0.042275361716747284
1481,2,0.26450443267822266,0.7189415097236633,0.016554124653339386
1482,0,0.04818839207291603,0.06883630156517029,0.8829752802848816
1482,1,0.21925108134746552,0.7384726405143738,0.042276374995708466
1482,2,0.25498488545417786,0.7251250147819519,0.01989017426967621
1483,0,0.04818839207291603,0.06883630156517029,0.8829752802848816
1483,1,0.2192506194114685,0.7384723424911499,0.04227704554796219
1483,2,0.25498446822166443,0.7251251935958862,0.019890334457159042
1484,0,0.04818839207291603,0.06883630156517029,0.8829752802848816
1484,1,0.21925173699855804,0.7384728789329529,0.042275361716747284
1484,2,0.2549854516983032,0.7251246571540833,0.01988993212580681
1485,0,0.04818839207291603,0.06883630156517029,0.8829752802848816
1485,1,0.21925173699855804,0.7384728789329529,0.042275361716747284
1485,2,0.2549854516983032,0.7251246571540833,0.01988993212580681
1486,0,0.04818839207291603,0.06883630156517029,0.8829752802848816
1486,1,0.21924933791160583,0.7384717464447021,0.04227893427014351
1486,2,0.25498345494270325,0.7251258492469788,0.0198907982558012
1487,0,0.04818839207291603,0.06883630156517029,0.8829752802848816
1487,1,0.21925173699855804,0.7384728789329529,0.042275361716747284
1487,2,0.2549854516983032,0.7251246571540833,0.01988993212580681
1488,0,0.04818839207291603,0.06883630156517029,0.8829752802848816
1488,1,0.21925173699855804,0.7384728789329529,0.042275361716747284
1488,2,0.2549854516983032,0.7251246571540833,0.01988993212580681
1489,0,0.04818839207291603,0.06883630156517029,0.8829752802848816
1489,1,0.21925173699855804,0.7384728789329529,0.042275361716747284
1489,2,0.24299922585487366,0.7284166812896729,0.028584150597453117
1490,0,0.04818839207291603,0.06883630156517029,0.8829752802848816
1490,1,0.21925173699855804,0.7384728789329529,0.042275361716747284
1490,2,0.2549854516983032,0.7251246571540833,0.01988993212580681
1491,0,0.04818839207291603,0.06883630156517029,0.8829752802848816
1491,1,0.21925173699855804,0.7384728789329529,0.042275361716747284
1491,2,0.26450443267822266,0.7189415097236633,0.016554124653339386
1492,0,0.04818839207291603,0.06883630156517029,0.8829752802848816
1492,1,0.21925108134746552,0.7384726405143738,0.042276374995708466
1492,2,0.25498488545417786,0.7251250147819519,0.01989017426967621
1493,0,0.04818839207291603,0.06883630156517029,0.8829752802848816
1493,1,0.2192506194114685,0.7384723424911499,0.04227704554796219
1493,2,0.25498446822166443,0.7251251935958862,0.019890334457159042
1494,0,0.04818839207291603,0.06883630156517029,0.8829752802848816
1494,1,0.21925173699855804,0.7384728789329529,0.042275361716747284
1494,2,0.2549854516983032,0.7251246571540833,0.01988993212580681
1495,0,0.04818839207291603,0.06883630156517029,0.8829752802848816
1495,1,0.21925173699855804,0.7384728789329529,0.042275361716747284
1495,2,0.2549854516983032,0.7251246571540833,0.01988993212580681
1496,0,0.04818839207291603,0.06883630156517029,0.8829752802848816
1496,1,0.21924933791160583,0.7384717464447021,0.04227893427014351
1496,2,0.25498345494270325,0.7251258492469788,0.0198907982558012
1497,0,0.04818839207291603,0.06883630156517029,0.8829752802848816
1497,1,0.21925173699855804,0.7384728789329529,0.042275361716747284
1497,2,0.2549854516983032,0.7251246571540833,0.01988993212580681
1498,0,0.04818839207291603,0.06883630156517029,0.8829752802848816
1498,1,0.21925173699855804,0.7384728789329529,0.042275361716747284
1498,2,0.2549854516983032,0.7251246571540833,0.01988993212580681
1499,0,0.04818839207291603,0.06883630156517029,0.8829752802848816
1499,1,0.21925173699855804,0.7384728789329529,0.042275361716747284
1499,2,0.24299922585487366,0.7284166812896729,0.028584150597453117
1500,0,0.04818839207291603,0.06883630156517029,0.8829752802848816
1500,1,0.21925173699855804,0.7384728789329529,0.042275361716747284
1500,2,0.2549854516983032,0.7251246571540833,0.01988993212580681
1501,0,0.04818839207291603,0.06883630156517029,0.8829752802848816
1501,1,0.21925173699855804,0.7384728789329529,0.042275361716747284
1501,2,0.26450443267822266,0.7189415097236633,0.016554124653339386
1502,0,0.04818839207291603,0.06883630156517029,0.8829752802848816
1502,1,0.21925108134746552,0.7384726405143738,0.042276374995708466
1502,2,0.25498488545417786,0.7251250147819519,0.01989017426967621
1503,0,0.04818839207291603,0.06883630156517029,0.8829752802848816
1503,1,0.2192506194114685,0.7384723424911499,0.04227704554796219
1503,2,0.25498446822166443,0.7251251935958862,0.019890334457159042
1504,0,0.04818839207291603,0.06883630156517029,0.8829752802848816
1504,1,0.21925173699855804,0.7384728789329529,0.042275361716747284
1504,2,0.2549854516983032,0.7251246571540833,0.01988993212580681
1505,0,0.04818839207291603,0.06883630156517029,0.8829752802848816
1505,1,0.21925173699855804,0.7384728789329529,0.042275361716747284
1505,2,0.2549854516983032,0.7251246571540833,0.01988993212580681
1506,0,0.04818839207291603,0.06883630156517029,0.8829752802848816
1506,1,0.21924933791160583,0.7384717464447021,0.04227893427014351
1506,2,0.25498345494270325,0.7251258492469788,0.0198907982558012
1507,0,0.04818839207291603,0.06883630156517029,0.8829752802848816
1507,1,0.21925173699855804,0.7384728789329529,0.042275361716747284
1507,2,0.2549854516983032,0.7251246571540833,0.01988993212580681
1508,0,0.04818839207291603,0.06883630156517029,0.8829752802848816
1508,1,0.21925173699855804,0.7384728789329529,0.042275361716747284
1508,2,0.2549854516983032,0.7251246571540833,0.01988993212580681
1509,0,0.04818839207291603,0.06883630156517029,0.8829752802848816
1509,1,0.21925173699855804,0.7384728789329529,0.042275361716747284
1509,2,0.24299922585487366,0.7284166812896729,0.028584150597453117
1510,0,0.04818839207291603,0.06883630156517029,0.8829752802848816
1510,1,0.21925173699855804,0.7384728789329529,0.042275361716747284
1510,2,0.2549854516983032,0.7251246571540833,0.01988993212580681
1511,0,0.04818839207291603,0.06883630156517029,0.8829752802848816
1511,1,0.21925173699855804,0.7384728789329529,0.042275361716747284
1511,2,0.26450443267822266,0.7189415097236633,0.016554124653339386
1512,0,0.04818839207291603,0.06883630156517029,0.8829752802848816
1512,1,0.21925108134746552,0.7384726405143738,0.042276374995708466
1512,2,0.25498488545417786,0.7251250147819519,0.01989017426967621
1513,0,0.04818839207291603,0.06883630156517029,0.8829752802848816
1513,1,0.2192506194114685,0.7384723424911499,0.04227704554796219
1513,2,0.25498446822166443,0.7251251935958862,0.019890334457159042
1514,0,0.04818839207291603,0.06883630156517029,0.8829752802848816
1514,1,0.21925173699855804,0.7384728789329529,0.042275361716747284
1514,2,0.2549854516983032,0.7251246571540833,0.01988993212580681
1515,0,0.04818839207291603,0.06883630156517029,0.8829752802848816
1515,1,0.21925173699855804,0.7384728789329529,0.042275361716747284
1515,2,0.2549854516983032,0.7251246571540833,0.01988993212580681
1516,0,0.04818839207291603,0.06883630156517029,0.8829752802848816
1516,1,0.21924933791160583,0.7384717464447021,0.04227893427014351
1516,2,0.25498345494270325,0.7251258492469788,0.0198907982558012
1517,0,0.04818839207291603,0.06883630156517029,0.8829752802848816
1517,1,0.21925173699855804,0.7384728789329529,0.042275361716747284
1517,2,0.2549854516983032,0.7251246571540833,0.01988993212580681
1518,0,0.04818839207291603,0.06883630156517029,0.8829752802848816
1518,1,0.21925173699855804,0.7384728789329529,0.042275361716747284
1518,2,0.2549854516983032,0.7251246571540833,0.01988993212580681
1519,0,0.04818839207291603,0.06883630156517029,0.8829752802848816
1519,1,0.21925173699855804,0.7384728789329529,0.042275361716747284
1519,2,0.24299922585487366,0.7284166812896729,0.028584150597453117
1520,0,0.04818839207291603,0.06883630156517029,0.8829752802848816
1520,1,0.21925173699855804,0.7384728789329529,0.042275361716747284
1520,2,0.2549854516983032,0.7251246571540833,0.01988993212580681
1521,0,0.04818839207291603,0.06883630156517029,0.8829752802848816
1521,1,0.21925173699855804,0.7384728789329529,0.042275361716747284
1521,2,0.26450443267822266,0.7189415097236633,0.016554124653339386
1522,0,0.04818839207291603,0.06883630156517029,0.8829752802848816
1522,1,0.21925108134746552,0.7384726405143738,0.042276374995708466
1522,2,0.25498488545417786,0.7251250147819519,0.01989017426967621
1523,0,0.04818839207291603,0.06883630156517029,0.8829752802848816
1523,1,0.2192506194114685,0.7384723424911499,0.04227704554796219
1523,2,0.25498446822166443,0.7251251935958862,0.019890334457159042
1524,0,0.04818839207291603,0.06883630156517029,0.8829752802848816
1524,1,0.21925173699855804,0.7384728789329529,0.042275361716747284
1524,2,0.2549854516983032,0.7251246571540833,0.01988993212580681
1525,0,0.04818839207291603,0.06883630156517029,0.8829752802848816
1525,1,0.21925173699855804,0.7384728789329529,0.042275361716747284
1525,2,0.2549854516983032,0.7251246571540833,0.01988993212580681
1526,0,0.04818839207291603,0.06883630156517029,0.8829752802848816
1526,1,0.21924933791160583,0.7384717464447021,0.04227893427014351
1526,2,0.25498345494270325,0.7251258492469788,0.0198907982558012
1527,0,0.04818839207291603,0.06883630156517029,0.8829752802848816
1527,1,0.21925173699855804,0.7384728789329529,0.042275361716747284
1527,2,0.2549854516983032,0.7251246571540833,0.01988993212580681
1528,0,0.04818839207291603,0.06883630156517029,0.8829752802848816
1528,1,0.21925173699855804,0.7384728789329529,0.042275361716747284
1528,2,0.2549854516983032,0.7251246571540833,0.01988993212580681
1529,0,0.04818839207291603,0.06883630156517029,0.8829752802848816
1529,1,0.21925173699855804,0.7384728789329529,0.042275361716747284
1529,2,0.24299922585487366,0.7284166812896729,0.028584150597453117
1530,0,0.04818839207291603,0.06883630156517029,0.8829752802848816
1530,1,0.21925173699855804,0.7384728789329529,0.042275361716747284
1530,2,0.2549854516983032,0.7251246571540833,0.01988993212580681
1531,0,0.04818839207291603,0.06883630156517029,0.8829752802848816
1531,1,0.21925173699855804,0.7384728789329529,0.042275361716747284
1531,2,0.26450443267822266,0.7189415097236633,0.016554124653339386
1532,0,0.04818839207291603,0.06883630156517029,0.8829752802848816
1532,1,0.21925108134746552,0.7384726405143738,0.042276374995708466
1532,2,0.25498488545417786,0.7251250147819519,0.01989017426967621
1533,0,0.04818839207291603,0.06883630156517029,0.8829752802848816
1533,1,0.2192506194114685,0.7384723424911499,0.04227704554796219
1533,2,0.25498446822166443,0.7251251935958862,0.019890334457159042
1534,0,0.04818839207291603,0.06883630156517029,0.8829752802848816
1534,1,0.21925173699855804,0.7384728789329529,0.042275361716747284
1534,2,0.2549854516983032,0.7251246571540833,0.01988993212580681
1535,0,0.04818839207291603,0.06883630156517029,0.8829752802848816
1535,1,0.21925173699855804,0.7384728789329529,0.042275361716747284
1535,2,0.2549854516983032,0.7251246571540833,0.01988993212580681
1536,0,0.05186813697218895,0.07486952841281891,0.873262345790863
1536,1,0.266779363155365,0.7098632454872131,0.02335738204419613
1536,2,0.29141414165496826,0.6939307451248169,0.014655137434601784
1537,0,0.05186813697218895,0.07486952841281891,0.873262345790863
1537,1,0.2667815089225769,0.7098625302314758,0.023356009274721146
1537,2,0.2914155423641205,0.6939297318458557,0.014654718339443207
1538,0,0.05186813697218895,0.07486952841281891,0.873262345790863
1538,1,0.2667815089225769,0.7098625302314758,0.023356009274721146
1538,2,0.2914155423641205,0.6939297318458557,0.014654718339443207
1539,0,0.05186813697218895,0.07486952841281891,0.873262345790863
1539,1,0.2667815089225769,0.7098625302314758,0.023356009274721146
1539,2,0.2792055010795593,0.7017608880996704,0.01903366856276989
1540,0,0.05186813697218895,0.07486952841281891,0.873262345790863
1540,1,0.2667815089225769,0.7098625302314758,0.023356009274721146
1540,2,0.2914155423641205,0.6939297318458557,0.014654718339443207
1541,0,0.05186813697218895,0.07486952841281891,0.873262345790863
1541,1,0.2667815089225769,0.7098625302314758,0.023356009274721146
1541,2,0.2914155423641205,0.6939297318458557,0.014654718339443207
1542,0,0.05186813697218895,0.07486952841281891,0.873262345790863
1542,1,0.266780287027359,0.7098629474639893,0.023356780409812927
1542,2,0.2914147675037384,0.6939303278923035,0.014654955826699734
1543,0,0.05186813697218895,0.07486952841281891,0.873262345790863
1543,1,0.2667815089225769,0.7098625302314758,0.023356009274721146
1543,2,0.2914155423641205,0.6939297318458557,0.014654718339443207
1544,0,0.05186813697218895,0.07486952841281891,0.873262345790863
1544,1,0.2667800486087799,0.7098630666732788,0.023356962949037552
1544,2,0.2914145290851593,0.6939303874969482,0.014655005186796188
1545,0,0.05186813697218895,0.07486952841281891,0.873262345790863
1545,1,0.2667804956436157,0.7098628282546997,0.023356644436717033
1545,2,0.2914148271083832,0.6939302086830139,0.01465491484850645
1546,0,0.05186813697218895,0.07486952841281891,0.873262345790863
1546,1,0.2667768895626068,0.70986407995224,0.02335898019373417
1546,2,0.2914124131202698,0.6939319372177124,0.014655611477792263
1547,0,0.05186813697218895,0.07486952841281891,0.873262345790863
1547,1,0.2667815089225769,0.7098625302314758,0.023356009274721146
1547,2,0.2914155423641205,0.6939297318458557,0.014654718339443207
1548,0,0.05186813697218895,0.07486952841281891,0.873262345790863
1548,1,0.26677703857421875,0.70986407995224,0.023358900099992752
1548,2,0.29141250252723694,0.6939319372177124,0.014655583538115025
1549,0,0.05186813697218895,0.07486952841281891,0.873262345790863
1549,1,0.2667776942253113,0.7098637819290161,0.023358456790447235
1549,2,0.2792016565799713,0.7017627358436584,0.019035570323467255
1550,0,0.05186813697218895,0.07486952841281891,0.873262345790863
1550,1,0.2667815089225769,0.7098625302314758,0.023356009274721146
1550,2,0.2914155423641205,0.6939297318458557,0.014654718339443207
1551,0,0.05186813697218895,0.07486952841281891,0.873262345790863
1551,1,0.2667810022830963,0.7098626494407654,0.023356320336461067
1551,2,0.2914152443408966,0.6939299702644348,0.014654815196990967
1552,0,0.05186813697218895,0.07486952841281891,0.873262345790863
1552,1,0.26678064465522766,0.7098627686500549,0.023356551304459572
1552,2,0.2914149761199951,0.6939301490783691,0.014654888771474361
1553,0,0.05186813697218895,0.07486952841281891,0.873262345790863
1553,1,0.2667815089225769,0.7098625302314758,0.023356009274721146
1553,2,0.2914155423641205,0.6939297318458557,0.014654718339443207
1554,0,0.05186813697218895,0.07486952841281891,0.873262345790863
1554,1,0.266779363155365,0.7098632454872131,0.023357369005680084
1554,2,0.29141414165496826,0.6939307451248169,0.014655131846666336
1555,0,0.05186813697218895,0.07486952841281891,0.873262345790863
1555,1,0.26678088307380676,0.7098627090454102,0.02335640788078308
1555,2,0.29141512513160706,0.6939300298690796,0.014654843136668205
1556,0,0.05186813697218895,0.07486952841281891,0.873262345790863
1556,1,0.2667774558067322,0.7098639011383057,0.023358628153800964
1556,2,0.2914127707481384,0.6939317584037781,0.01465550996363163
1557,0,0.05186813697218895,0.07486952841281891,0.873262345790863
1557,1,0.2667815089225769,0.7098625302314758,0.023356009274721146
1557,2,0.2914155423641205,0.6939297318458557,0.014654718339443207
1558,0,0.05186813697218895,0.07486952841281891,0.873262345790863
1558,1,0.26677969098091125,0.7098631262779236,0.023357177153229713
1558,2,0.291414350271225,0.6939306259155273,0.014655073173344135
1559,0,0.05186813697218895,0.07486952841281891,0.873262345790863
1559,1,0.26677951216697693,0.7098632454872131,0.023357292637228966
1559,2,0.27920347452163696,0.701761782169342,0.019034668803215027
1560,0,0.05186813697218895,0.07486952841281891,0.873262345790863
1560,1,0.2667815089225769,0.7098625302314758,0.023356009274721146
1560,2,0.2914155423641205,0.6939297318458557,0.014654718339443207
1561,0,0.05186813697218895,0.07486952841281891,0.873262345790863
1561,1,0.2667810022830963,0.7098626494407654,0.023356320336461067
1561,2,0.2914152443408966,0.6939299702644348,0.014654815196990967
1562,0,0.05186813697218895,0.07486952841281891,0.873262345790863
1562,1,0.26678064465522766,0.7098627686500549,0.023356551304459572
1562,2,0.2914149761199951,0.6939301490783691,0.014654888771474361
1563,0,0.05186813697218895,0.07486952841281891,0.873262345790863
1563,1,0.2667815089225769,0.7098625302314758,0.023356009274721146
1563,2,0.2914155423641205,0.6939297318458557,0.014654718339443207
1564,0,0.05186813697218895,0.07486952841281891,0.873262345790863
1564,1,0.266779363155365,0.7098632454872131,0.023357369005680084
1564,2,0.29141414165496826,0.6939307451248169,0.014655131846666336
1565,0,0.05186813697218895,0.07486952841281891,0.873262345790863
1565,1,0.26678088307380676,0.7098627090454102,0.02335640788078308
1565,2,0.29141512513160706,0.6939300298690796,0.014654843136668205
1566,0,0.05186813697218895,0.07486952841281891,0.873262345790863
1566,1,0.2667774558067322,0.7098639011383057,0.023358628153800964
1566,2,0.2914127707481384,0.6939317584037781,0.01465550996363163
1567,0,0.05186813697218895,0.07486952841281891,0.873262345790863
1567,1,0.2667815089225769,0.7098625302314758,0.023356009274721146
1567,2,0.2914155423641205,0.6939297318458557,0.014654718339443207
1568,0,0.05186813697218895,0.07486952841281891,0.873262345790863
1568,1,0.26677969098091125,0.7098631262779236,0.023357177153229713
1568,2,0.291414350271225,0.6939306259155273,0.014655073173344135
1569,0,0.05186813697218895,0.07486952841281891,0.873262345790863
1569,1,0.26677951216697693,0.7098632454872131,0.023357292637228966
1569,2,0.27920347452163696,0.701761782169342,0.019034668803215027
1570,0,0.05186813697218895,0.07486952841281891,0.873262345790863
1570,1,0.2667815089225769,0.7098625302314758,0.023356009274721146
1570,2,0.2914155423641205,0.6939297318458557,0.014654718339443207
1571,0,0.05186813697218895,0.07486952841281891,0.873262345790863
1571,1,0.2667810022830963,0.7098626494407654,0.023356320336461067
1571,2,0.2914152443408966,0.6939299702644348,0.014654815196990967
1572,0,0.05186813697218895,0.07486952841281891,0.873262345790863
1572,1,0.26678064465522766,0.7098627686500549,0.023356551304459572
1572,2,0.2914149761199951,0.6939301490783691,0.014654888771474361
1573,0,0.05186813697218895,0.07486952841281891,0.873262345790863
1573,1,0.2667815089225769,0.7098625302314758,0.023356009274721146
1573,2,0.2914155423641205,0.6939297318458557,0.014654718339443207
1574,0,0.05186813697218895,0.07486952841281891,0.873262345790863
1574,1,0.266779363155365,0.7098632454872131,0.023357369005680084
1574,2,0.29141414165496826,0.6939307451248169,0.014655131846666336
1575,0,0.05186813697218895,0.07486952841281891,0.873262345790863
1575,1,0.26678088307380676,0.7098627090454102,0.02335640788078308
1575,2,0.29141512513160706,0.6939300298690796,0.014654843136668205
1576,0,0.05186813697218895,0.07486952841281891,0.873262345790863
1576,1,0.2667774558067322,0.7098639011383057,0.023358628153800964
1576,2,0.2914127707481384,0.6939317584037781,0.01465550996363163
1577,0,0.05186813697218895,0.07486952841281891,0.873262345790863
1577,1,0.2667815089225769,0.7098625302314758,0.023356009274721146
1577,2,0.2914155423641205,0.6939297318458557,0.014654718339443207
1578,0,0.05186813697218895,0.07486952841281891,0.873262345790863
1578,1,0.26677969098091125,0.7098631262779236,0.023357177153229713
1578,2,0.291414350271225,0.6939306259155273,0.014655073173344135
1579,0,0.05186813697218895,0.07486952841281891,0.873262345790863
1579,1,0.26677951216697693,0.7098632454872131,0.023357292637228966
1579,2,0.27920347452163696,0.701761782169342,0.019034668803215027
1580,0,0.05186813697218895,0.07486952841281891,0.873262345790863
1580,1,0.2667815089225769,0.7098625302314758,0.023356009274721146
1580,2,0.2914155423641205,0.6939297318458557,0.014654718339443207
1581,0,0.05186813697218895,0.07486952841281891,0.873262345790863
1581,1,0.2667810022830963,0.7098626494407654,0.023356320336461067
1581,2,0.2914152443408966,0.6939299702644348,0.014654815196990967
1582,0,0.05186813697218895,0.07486952841281891,0.873262345790863
1582,1,0.26678064465522766,0.7098627686500549,0.023356551304459572
1582,2,0.2914149761199951,0.6939301490783691,0.014654888771474361
1583,0,0.05186813697218895,0.07486952841281891,0.873262345790863
1583,1,0.2667815089225769,0.7098625302314758,0.023356009274721146
1583,2,0.2914155423641205,0.6939297318458557,0.014654718339443207
1584,0,0.05186813697218895,0.07486952841281891,0.873262345790863
1584,1,0.266779363155365,0.7098632454872131,0.023357369005680084
1584,2,0.29141414165496826,0.6939307451248169,0.014655131846666336
1585,0,0.05186813697218895,0.07486952841281891,0.873262345790863
1585,1,0.26678088307380676,0.7098627090454102,0.02335640788078308
1585,2,0.29141512513160706,0.6939300298690796,0.014654843136668205
1586,0,0.05186813697218895,0.07486952841281891,0.873262345790863
1586,1,0.2667774558067322,0.7098639011383057,0.023358628153800964
1586,2,0.2914127707481384,0.6939317584037781,0.01465550996363163
1587,0,0.05186813697218895,0.07486952841281891,0.873262345790863
1587,1,0.2667815089225769,0.7098625302314758,0.023356009274721146
1587,2,0.2914155423641205,0.6939297318458557,0.014654718339443207
1588,0,0.05186813697218895,0.07486952841281891,0.873262345790863
1588,1,0.26677969098091125,0.7098631262779236,0.023357177153229713
1588,2,0.291414350271225,0.6939306259155273,0.014655073173344135
1589,0,0.05186813697218895,0.07486952841281891,0.873262345790863
1589,1,0.26677951216697693,0.7098632454872131,0.023357292637228966
1589,2,0.27920347452163696,0.701761782169342,0.019034668803215027
1590,0,0.05186813697218895,0.07486952841281891,0.873262345790863
1590,1,0.2667815089225769,0.7098625302314758,0.023356009274721146
1590,2,0.2914155423641205,0.6939297318458557,0.014654718339443207
1591,0,0.05186813697218895,0.07486952841281891,0.873262345790863
1591,1,0.2667810022830963,0.7098626494407654,0.023356320336461067
1591,2,0.2914152443408966,0.6939299702644348,0.014654815196990967
1592,0,0.05186813697218895,0.07486952841281891,0.873262345790863
1592,1,0.26678064465522766,0.7098627686500549,0.023356551304459572
1592,2,0.2914149761199951,0.6939301490783691,0.014654888771474361
1593,0,0.05186813697218895,0.07486952841281891,0.873262345790863
1593,1,0.2667815089225769,0.7098625302314758,0.023356009274721146
1593,2,0.2914155423641205,0.6939297318458557,0.014654718339443207
1594,0,0.05186813697218895,0.07486952841281891,0.873262345790863
1594,1,0.266779363155365,0.7098632454872131,0.023357369005680084
1594,2,0.29141414165496826,0.6939307451248169,0.014655131846666336
1595,0,0.05186813697218895,0.07486952841281891,0.873262345790863
1595,1,0.26678088307380676,0.7098627090454102,0.02335640788078308
1595,2,0.29141512513160706,0.6939300298690796,0.014654843136668205
1596,0,0.05186813697218895,0.07486952841281891,0.873262345790863
1596,1,0.2667774558067322,0.7098639011383057,0.023358628153800964
1596,2,0.2914127707481384,0.6939317584037781,0.01465550996363163
1597,0,0.05186813697218895,0.07486952841281891,0.873262345790863
1597,1,0.2667815089225769,0.7098625302314758,0.023356009274721146
1597,2,0.2914155423641205,0.6939297318458557,0.014654718339443207
1598,0,0.05186813697218895,0.07486952841281891,0.873262345790863
1598,1,0.26677969098091125,0.7098631262779236,0.023357177153229713
1598,2,0.291414350271225,0.6939306259155273,0.014655073173344135
1599,0,0.05186813697218895,0.07486952841281891,0.873262345790863
1599,1,0.26677951216697693,0.7098632454872131,0.023357292637228966
1599,2,0.27920347452163696,0.701761782169342,0.019034668803215027
1600,0,0.05186813697218895,0.07486952841281891,0.873262345790863
1600,1,0.2667815089225769,0.7098625302314758,0.023356009274721146
1600,2,0.2914155423641205,0.6939297318458557,0.014654718339443207
1601,0,0.05186813697218895,0.07486952841281891,0.873262345790863
1601,1,0.2667810022830963,0.7098626494407654,0.023356320336461067
1601,2,0.2914152443408966,0.6939299702644348,0.014654815196990967
1602,0,0.05186813697218895,0.07486952841281891,0.873262345790863
1602,1,0.26678064465522766,0.7098627686500549,0.023356551304459572
1602,2,0.2914149761199951,0.6939301490783691,0.014654888771474361
1603,0,0.05186813697218895,0.07486952841281891,0.873262345790863
1603,1,0.2667815089225769,0.7098625302314758,0.023356009274721146
1603,2,0.2914155423641205,0.6939297318458557,0.014654718339443207
1604,0,0.05186813697218895,0.07486952841281891,0.873262345790863
1604,1,0.266779363155365,0.7098632454872131,0.023357369005680084
1604,2,0.29141414165496826,0.6939307451248169,0.014655131846666336
1605,0,0.05186813697218895,0.07486952841281891,0.873262345790863
1605,1,0.26678088307380676,0.7098627090454102,0.02335640788078308
1605,2,0.29141512513160706,0.6939300298690796,0.014654843136668205
1606,0,0.05186813697218895,0.07486952841281891,0.873262345790863
1606,1,0.2667774558067322,0.7098639011383057,0.023358628153800964
1606,2,0.2914127707481384,0.6939317584037781,0.01465550996363163
1607,0,0.05186813697218895,0.07486952841281891,0.873262345790863
1607,1,0.2667815089225769,0.7098625302314758,0.023356009274721146
1607,2,0.2914155423641205,0.6939297318458557,0.014654718339443207
1608,0,0.05186813697218895,0.07486952841281891,0.873262345790863
1608,1,0.26677969098091125,0.7098631262779236,0.023357177153229713
1608,2,0.291414350271225,0.6939306259155273,0.014655073173344135
1609,0,0.05186813697218895,0.07486952841281891,0.873262345790863
1609,1,0.26677951216697693,0.7098632454872131,0.023357292637228966
1609,2,0.27920347452163696,0.701761782169342,0.019034668803215027
1610,0,0.05186813697218895,0.07486952841281891,0.873262345790863
1610,1,0.2667815089225769,0.7098625302314758,0.023356009274721146
1610,2,0.2914155423641205,0.6939297318458557,0.014654718339443207
1611,0,0.05186813697218895,0.07486952841281891,0.873262345790863
1611,1,0.2667810022830963,0.7098626494407654,0.023356320336461067
1611,2,0.2914152443408966,0.6939299702644348,0.014654815196990967
1612,0,0.05186813697218895,0.07486952841281891,0.873262345790863
1612,1,0.26678064465522766,0.7098627686500549,0.023356551304459572
1612,2,0.2914149761199951,0.6939301490783691,0.014654888771474361
1613,0,0.05186813697218895,0.07486952841281891,0.873262345790863
1613,1,0.2667815089225769,0.7098625302314758,0.023356009274721146
1613,2,0.2914155423641205,0.6939297318458557,0.014654718339443207
1614,0,0.05186813697218895,0.07486952841281891,0.873262345790863
1614,1,0.266779363155365,0.7098632454872131,0.023357369005680084
1614,2,0.29141414165496826,0.6939307451248169,0.014655131846666336
1615,0,0.05186813697218895,0.07486952841281891,0.873262345790863
1615,1,0.26678088307380676,0.7098627090454102,0.02335640788078308
1615,2,0.29141512513160706,0.6939300298690796,0.014654843136668205
1616,0,0.05186813697218895,0.07486952841281891,0.873262345790863
1616,1,0.2667774558067322,0.7098639011383057,0.023358628153800964
1616,2,0.2914127707481384,0.6939317584037781,0.01465550996363163
1617,0,0.05186813697218895,0.07486952841281891,0.873262345790863
1617,1,0.2667815089225769,0.7098625302314758,0.023356009274721146
1617,2,0.2914155423641205,0.6939297318458557,0.014654718339443207
1618,0,0.05186813697218895,0.07486952841281891,0.873262345790863
1618,1,0.26677969098091125,0.7098631262779236,0.023357177153229713
1618,2,0.291414350271225,0.6939306259155273,0.014655073173344135
1619,0,0.05186813697218895,0.07486952841281891,0.873262345790863
1619,1,0.26677951216697693,0.7098632454872131,0.023357292637228966
1619,2,0.27920347452163696,0.701761782169342,0.019034668803215027
1620,0,0.05186813697218895,0.07486952841281891,0.873262345790863
1620,1,0.2667815089225769,0.7098625302314758,0.023356009274721146
1620,2,0.2914155423641205,0.6939297318458557,0.014654718339443207
1621,0,0.05186813697218895,0.07486952841281891,0.873262345790863
1621,1,0.3208622634410858,0.6596791744232178,0.01945856772363186
1621,2,0.33435937762260437,0.6520564556121826,0.01358417235314846
1622,0,0.0554291270673275,0.07971099019050598,0.8648598790168762
1622,1,0.32100972533226013,0.6595525145530701,0.019437706097960472
1622,2,0.33438989520072937,0.6520275473594666,0.013582631014287472
1623,0,0.0554291270673275,0.07971099019050598,0.8648598790168762
1623,1,0.32100972533226013,0.6595525145530701,0.019437706097960472
1623,2,0.33438989520072937,0.6520275473594666,0.013582631014287472
1624,0,0.0554291270673275,0.07971099019050598,0.8648598790168762
1624,1,0.321007639169693,0.6595534086227417,0.019438941031694412
1624,2,0.3343885540962219,0.6520284414291382,0.013583051040768623
1625,0,0.0554291270673275,0.07971099019050598,0.8648598790168762
1625,1,0.32100874185562134,0.6595529317855835,0.01943826489150524
1625,2,0.32192790508270264,0.6608794927597046,0.01719268597662449
1626,0,0.0554291270673275,0.07971099019050598,0.8648598790168762
1626,1,0.32100972533226013,0.6595525145530701,0.019437706097960472
1626,2,0.33438989520072937,0.6520275473594666,0.013582631014287472
1627,0,0.0554291270673275,0.07971099019050598,0.8648598790168762
1627,1,0.32100915908813477,0.659552812576294,0.01943807117640972
1627,2,0.33438950777053833,0.6520277261734009,0.013582751154899597
1628,0,0.0554291270673275,0.07971099019050598,0.8648598790168762
1628,1,0.32099711894989014,0.6595578193664551,0.019445087760686874
1628,2,0.334381639957428,0.652033269405365,0.013585137203335762
1629,0,0.0554291270673275,0.07971099019050598,0.8648598790168762
1629,1,0.32100918889045715,0.659552812576294,0.019438033923506737
1629,2,0.32192835211753845,0.6608791947364807,0.017192481085658073
1630,0,0.0554291270673275,0.07971099019050598,0.8648598790168762
1630,1,0.32100972533226013,0.6595525145530701,0.019437706097960472
1630,2,0.33438989520072937,0.6520275473594666,0.013582631014287472
1631,0,0.0554291270673275,0.07971099019050598,0.8648598790168762
1631,1,0.32100939750671387,0.6595526933670044,0.019437924027442932
1631,2,0.33438965678215027,0.6520276665687561,0.01358270738273859
1632,0,0.0554291270673275,0.07971099019050598,0.8648598790168762
1632,1,0.32100433111190796,0.6595548391342163,0.019440874457359314
1632,2,0.33438634872436523,0.6520299911499023,0.013583704829216003
1633,0,0.0554291270673275,0.07971099019050598,0.8648598790168762
1633,1,0.32100972533226013,0.6595525145530701,0.019437706097960472
1633,2,0.33438989520072937,0.6520275473594666,0.013582631014287472
1634,0,0.0554291270673275,0.07971099019050598,0.8648598790168762
1634,1,0.32100924849510193,0.6595527529716492,0.01943800039589405
1634,2,0.3343895375728607,0.6520277857780457,0.013582726009190083
1635,0,0.0554291270673275,0.07971099019050598,0.8648598790168762
1635,1,0.3210088014602661,0.6595528721809387,0.019438235089182854
1635,2,0.3219279646873474,0.660879373550415,0.017192665487527847
1636,0,0.0554291270673275,0.07971099019050598,0.8648598790168762
1636,1,0.32100972533226013,0.6595525145530701,0.019437706097960472
1636,2,0.33438989520072937,0.6520275473594666,0.013582631014287472
1637,0,0.0554291270673275,0.07971099019050598,0.8648598790168762
1637,1,0.3210088014602661,0.6595529317855835,0.01943826489150524
1637,2,0.33438926935195923,0.6520279049873352,0.013582820072770119
1638,0,0.0554291270673275,0.07971099019050598,0.8648598790168762
1638,1,0.3210037052631378,0.6595550775527954,0.019441206008195877
1638,2,0.3343859612941742,0.6520302295684814,0.013583813793957233
1639,0,0.0554291270673275,0.07971099019050598,0.8648598790168762
1639,1,0.32100972533226013,0.6595525145530701,0.019437706097960472
1639,2,0.3219289183616638,0.6608788967132568,0.017192186787724495
1640,0,0.0554291270673275,0.07971099019050598,0.8648598790168762
1640,1,0.32100972533226013,0.6595525145530701,0.019437706097960472
1640,2,0.33438989520072937,0.6520275473594666,0.013582631014287472
1641,0,0.0554291270673275,0.07971099019050598,0.8648598790168762
1641,1,0.32100939750671387,0.6595526933670044,0.019437924027442932
1641,2,0.33438965678215027,0.6520276665687561,0.01358270738273859
1642,0,0.0554291270673275,0.07971099019050598,0.8648598790168762
1642,1,0.32100433111190796,0.6595548391342163,0.019440874457359314
1642,2,0.33438634872436523,0.6520299911499023,0.013583704829216003
1643,0,0.0554291270673275,0.07971099019050598,0.8648598790168762
1643,1,0.32100972533226013,0.6595525145530701,0.019437706097960472
1643,2,0.33438989520072937,0.6520275473594666,0.013582631014287472
1644,0,0.0554291270673275,0.07971099019050598,0.8648598790168762
1644,1,0.32100924849510193,0.6595527529716492,0.01943800039589405
1644,2,0.3343895375728607,0.6520277857780457,0.013582726009190083
1645,0,0.0554291270673275,0.07971099019050598,0.8648598790168762
1645,1,0.3210088014602661,0.6595528721809387,0.019438235089182854
1645,2,0.3219279646873474,0.660879373550415,0.017192665487527847
1646,0,0.0554291270673275,0.07971099019050598,0.8648598790168762
1646,1,0.32100972533226013,0.6595525145530701,0.019437706097960472
1646,2,0.33438989520072937,0.6520275473594666,0.013582631014287472
1647,0,0.0554291270673275,0.07971099019050598,0.8648598790168762
1647,1,0.3210088014602661,0.6595529317855835,0.01943826489150524
1647,2,0.33438926935195923,0.6520279049873352,0.013582820072770119
1648,0,0.0554291270673275,0.07971099019050598,0.8648598790168762
1648,1,0.3210037052631378,0.6595550775527954,0.019441206008195877
1648,2,0.3343859612941742,0.6520302295684814,0.013583813793957233
1649,0,0.0554291270673275,0.07971099019050598,0.8648598790168762
1649,1,0.32100972533226013,0.6595525145530701,0.019437706097960472
1649,2,0.3219289183616638,0.6608788967132568,0.017192186787724495
1650,0,0.0554291270673275,0.07971099019050598,0.8648598790168762
1650,1,0.32100972533226013,0.6595525145530701,0.019437706097960472
1650,2,0.33438989520072937,0.6520275473594666,0.013582631014287472
1651,0,0.0554291270673275,0.07971099019050598,0.8648598790168762
1651,1,0.32100939750671387,0.6595526933670044,0.019437924027442932
1651,2,0.33438965678215027,0.6520276665687561,0.01358270738273859
1652,0,0.0554291270673275,0.07971099019050598,0.8648598790168762
1652,1,0.32100433111190796,0.6595548391342163,0.019440874457359314
1652,2,0.33438634872436523,0.6520299911499023,0.013583704829216003
1653,0,0.0554291270673275,0.07971099019050598,0.8648598790168762
1653,1,0.32100972533226013,0.6595525145530701,0.019437706097960472
1653,2,0.33438989520072937,0.6520275473594666,0.013582631014287472
1654,0,0.0554291270673275,0.07971099019050598,0.8648598790168762
1654,1,0.32100924849510193,0.6595527529716492,0.01943800039589405
1654,2,0.3343895375728607,0.6520277857780457,0.013582726009190083
1655,0,0.0554291270673275,0.07971099019050598,0.8648598790168762
1655,1,0.3210088014602661,0.6595528721809387,0.019438235089182854
1655,2,0.3219279646873474,0.660879373550415,0.017192665487527847
1656,0,0.0554291270673275,0.07971099019050598,0.8648598790168762
1656,1,0.32100972533226013,0.6595525145530701,0.019437706097960472
1656,2,0.33438989520072937,0.6520275473594666,0.013582631014287472
1657,0,0.0554291270673275,0.07971099019050598,0.8648598790168762
1657,1,0.3210088014602661,0.6595529317855835,0.01943826489150524
1657,2,0.33438926935195923,0.6520279049873352,0.013582820072770119
1658,0,0.0554291270673275,0.07971099019050598,0.8648598790168762
1658,1,0.3210037052631378,0.6595550775527954,0.019441206008195877
1658,2,0.3343859612941742,0.6520302295684814,0.013583813793957233
1659,0,0.0554291270673275,0.07971099019050598,0.8648598790168762
1659,1,0.32100972533226013,0.6595525145530701,0.019437706097960472
1659,2,0.3219289183616638,0.6608788967132568,0.017192186787724495
1660,0,0.0554291270673275,0.07971099019050598,0.8648598790168762
1660,1,0.32100972533226013,0.6595525145530701,0.019437706097960472
1660,2,0.33438989520072937,0.6520275473594666,0.013582631014287472
1661,0,0.0554291270673275,0.07971099019050598,0.8648598790168762
1661,1,0.32100939750671387,0.6595526933670044,0.019437924027442932
1661,2,0.33438965678215027,0.6520276665687561,0.01358270738273859
1662,0,0.0554291270673275,0.07971099019050598,0.8648598790168762
1662,1,0.32100433111190796,0.6595548391342163,0.019440874457359314
1662,2,0.33438634872436523,0.6520299911499023,0.013583704829216003
1663,0,0.0554291270673275,0.07971099019050598,0.8648598790168762
1663,1,0.32100972533226013,0.6595525145530701,0.019437706097960472
1663,2,0.33438989520072937,0.6520275473594666,0.013582631014287472
1664,0,0.0554291270673275,0.07971099019050598,0.8648598790168762
1664,1,0.32100924849510193,0.6595527529716492,0.01943800039589405
1664,2,0.3343895375728607,0.6520277857780457,0.013582726009190083
1665,0,0.0554291270673275,0.07971099019050598,0.8648598790168762
1665,1,0.3210088014602661,0.6595528721809387,0.019438235089182854
1665,2,0.3219279646873474,0.660879373550415,0.017192665487527847
1666,0,0.0554291270673275,0.07971099019050598,0.8648598790168762
1666,1,0.32100972533226013,0.6595525145530701,0.019437706097960472
1666,2,0.33438989520072937,0.6520275473594666,0.013582631014287472
1667,0,0.0554291270673275,0.07971099019050598,0.8648598790168762
1667,1,0.3210088014602661,0.6595529317855835,0.01943826489150524
1667,2,0.33438926935195923,0.6520279049873352,0.013582820072770119
1668,0,0.0554291270673275,0.07971099019050598,0.8648598790168762
1668,1,0.3210037052631378,0.6595550775527954,0.019441206008195877
1668,2,0.3343859612941742,0.6520302295684814,0.013583813793957233
1669,0,0.0554291270673275,0.07971099019050598,0.8648598790168762
1669,1,0.32100972533226013,0.6595525145530701,0.019437706097960472
1669,2,0.3219289183616638,0.6608788967132568,0.017192186787724495
1670,0,0.0554291270673275,0.07971099019050598,0.8648598790168762
1670,1,0.32100972533226013,0.6595525145530701,0.019437706097960472
1670,2,0.33438989520072937,0.6520275473594666,0.013582631014287472
1671,0,0.0554291270673275,0.07971099019050598,0.8648598790168762
1671,1,0.32100939750671387,0.6595526933670044,0.019437924027442932
1671,2,0.33438965678215027,0.6520276665687561,0.01358270738273859
1672,0,0.0554291270673275,0.07971099019050598,0.8648598790168762
1672,1,0.32100433111190796,0.6595548391342163,0.019440874457359314
1672,2,0.33438634872436523,0.6520299911499023,0.013583704829216003
1673,0,0.0554291270673275,0.07971099019050598,0.8648598790168762
1673,1,0.32100972533226013,0.6595525145530701,0.019437706097960472
1673,2,0.33438989520072937,0.6520275473594666,0.013582631014287472
1674,0,0.0554291270673275,0.07971099019050598,0.8648598790168762
1674,1,0.32100924849510193,0.6595527529716492,0.01943800039589405
1674,2,0.3343895375728607,0.6520277857780457,0.013582726009190083
1675,0,0.0554291270673275,0.07971099019050598,0.8648598790168762
1675,1,0.3210088014602661,0.6595528721809387,0.019438235089182854
1675,2,0.3219279646873474,0.660879373550415,0.017192665487527847
1676,0,0.0554291270673275,0.07971099019050598,0.8648598790168762
1676,1,0.32100972533226013,0.6595525145530701,0.019437706097960472
1676,2,0.33438989520072937,0.6520275473594666,0.013582631014287472
1677,0,0.0554291270673275,0.07971099019050598,0.8648598790168762
1677,1,0.3210088014602661,0.6595529317855835,0.01943826489150524
1677,2,0.33438926935195923,0.6520279049873352,0.013582820072770119
1678,0,0.0554291270673275,0.07971099019050598,0.8648598790168762
1678,1,0.3210037052631378,0.6595550775527954,0.019441206008195877
1678,2,0.3343859612941742,0.6520302295684814,0.013583813793957233
1679,0,0.0554291270673275,0.07971099019050598,0.8648598790168762
1679,1,0.32100972533226013,0.6595525145530701,0.019437706097960472
1679,2,0.3219289183616638,0.6608788967132568,0.017192186787724495
1680,0,0.0554291270673275,0.07971099019050598,0.8648598790168762
1680,1,0.32100972533226013,0.6595525145530701,0.019437706097960472
1680,2,0.33438989520072937,0.6520275473594666,0.013582631014287472
1681,0,0.0554291270673275,0.07971099019050598,0.8648598790168762
1681,1,0.32100939750671387,0.6595526933670044,0.019437924027442932
1681,2,0.33438965678215027,0.6520276665687561,0.01358270738273859
1682,0,0.0554291270673275,0.07971099019050598,0.8648598790168762
1682,1,0.32100433111190796,0.6595548391342163,0.019440874457359314
1682,2,0.33438634872436523,0.6520299911499023,0.013583704829216003
1683,0,0.0554291270673275,0.07971099019050598,0.8648598790168762
1683,1,0.32100972533226013,0.6595525145530701,0.019437706097960472
1683,2,0.33438989520072937,0.6520275473594666,0.013582631014287472
1684,0,0.0554291270673275,0.07971099019050598,0.8648598790168762
1684,1,0.32100924849510193,0.6595527529716492,0.01943800039589405
1684,2,0.3343895375728607,0.6520277857780457,0.013582726009190083
1685,0,0.0554291270673275,0.07971099019050598,0.8648598790168762
1685,1,0.3210088014602661,0.6595528721809387,0.019438235089182854
1685,2,0.3219279646873474,0.660879373550415,0.017192665487527847
1686,0,0.0554291270673275,0.07971099019050598,0.8648598790168762
1686,1,0.32100972533226013,0.6595525145530701,0.019437706097960472
1686,2,0.33438989520072937,0.6520275473594666,0.013582631014287472
1687,0,0.0554291270673275,0.07971099019050598,0.8648598790168762
1687,1,0.3210088014602661,0.6595529317855835,0.01943826489150524
1687,2,0.33438926935195923,0.6520279049873352,0.013582820072770119
1688,0,0.0554291270673275,0.07971099019050598,0.8648598790168762
1688,1,0.3210037052631378,0.6595550775527954,0.019441206008195877
1688,2,0.3343859612941742,0.6520302295684814,0.013583813793957233
1689,0,0.0554291270673275,0.07971099019050598,0.8648598790168762
1689,1,0.32100972533226013,0.6595525145530701,0.019437706097960472
1689,2,0.3219289183616638,0.6608788967132568,0.017192186787724495
1690,0,0.0554291270673275,0.07971099019050598,0.8648598790168762
1690,1,0.32100972533226013,0.6595525145530701,0.019437706097960472
1690,2,0.33438989520072937,0.6520275473594666,0.013582631014287472
1691,0,0.0554291270673275,0.07971099019050598,0.8648598790168762
1691,1,0.32100939750671387,0.6595526933670044,0.019437924027442932
1691,2,0.33438965678215027,0.6520276665687561,0.01358270738273859
1692,0,0.0554291270673275,0.07971099019050598,0.8648598790168762
1692,1,0.32100433111190796,0.6595548391342163,0.019440874457359314
1692,2,0.33438634872436523,0.6520299911499023,0.013583704829216003
1693,0,0.0554291270673275,0.07971099019050598,0.8648598790168762
1693,1,0.32100972533226013,0.6595525145530701,0.019437706097960472
1693,2,0.33438989520072937,0.6520275473594666,0.013582631014287472
1694,0,0.0554291270673275,0.07971099019050598,0.8648598790168762
1694,1,0.32100924849510193,0.6595527529716492,0.01943800039589405
1694,2,0.3343895375728607,0.6520277857780457,0.013582726009190083
1695,0,0.0554291270673275,0.07971099019050598,0.8648598790168762
1695,1,0.3210088014602661,0.6595528721809387,0.019438235089182854
1695,2,0.3219279646873474,0.660879373550415,0.017192665487527847
1696,0,0.0554291270673275,0.07971099019050598,0.8648598790168762
1696,1,0.32100972533226013,0.6595525145530701,0.019437706097960472
1696,2,0.33438989520072937,0.6520275473594666,0.013582631014287472
1697,0,0.0554291270673275,0.07971099019050598,0.8648598790168762
1697,1,0.3210088014602661,0.6595529317855835,0.01943826489150524
1697,2,0.33438926935195923,0.6520279049873352,0.013582820072770119
1698,0,0.0554291270673275,0.07971099019050598,0.8648598790168762
1698,1,0.3210037052631378,0.6595550775527954,0.019441206008195877
1698,2,0.3343859612941742,0.6520302295684814,0.013583813793957233
1699,0,0.0554291270673275,0.07971099019050598,0.8648598790168762
1699,1,0.32100972533226013,0.6595525145530701,0.019437706097960472
1699,2,0.3219289183616638,0.6608788967132568,0.017192186787724495
1700,0,0.0554291270673275,0.07971099019050598,0.8648598790168762
1700,1,0.32100972533226013,0.6595525145530701,0.019437706097960472
1700,2,0.33438989520072937,0.6520275473594666,0.013582631014287472
1701,0,0.0554291270673275,0.07971099019050598,0.8648598790168762
1701,1,0.32100939750671387,0.6595526933670044,0.019437924027442932
1701,2,0.33438965678215027,0.6520276665687561,0.01358270738273859
1702,0,0.0554291270673275,0.07971099019050598,0.8648598790168762
1702,1,0.32100433111190796,0.6595548391342163,0.019440874457359314
1702,2,0.33438634872436523,0.6520299911499023,0.013583704829216003
1703,0,0.0554291270673275,0.07971099019050598,0.8648598790168762
1703,1,0.32100972533226013,0.6595525145530701,0.019437706097960472
1703,2,0.33438989520072937,0.6520275473594666,0.013582631014287472
1704,0,0.0554291270673275,0.07971099019050598,0.8648598790168762
1704,1,0.32100924849510193,0.6595527529716492,0.01943800039589405
1704,2,0.3343895375728607,0.6520277857780457,0.013582726009190083
1705,0,0.0554291270673275,0.07971099019050598,0.8648598790168762
1705,1,0.3210088014602661,0.6595528721809387,0.019438235089182854
1705,2,0.3219279646873474,0.660879373550415,0.017192665487527847
1706,0,0.0554291270673275,0.07971099019050598,0.8648598790168762
1706,1,0.32100972533226013,0.6595525145530701,0.019437706097960472
1706,2,0.1536857932806015,0.8319432139396667,0.014371036551892757
1707,0,0.06495663523674011,0.07106264680624008,0.8639807105064392
1707,1,0.15486109256744385,0.824781596660614,0.0203572865575552
1707,2,0.15336661040782928,0.8323860764503479,0.014247273094952106
1708,0,0.06495663523674011,0.07106264680624008,0.8639807105064392
1708,1,0.15486109256744385,0.8247815370559692,0.020357390865683556
1708,2,0.1533665806055069,0.8323860764503479,0.014247305691242218
1709,0,0.06495663523674011,0.07106264680624008,0.8639807105064392
1709,1,0.15486113727092743,0.8247822523117065,0.02035658434033394
1709,2,0.14869645237922668,0.8328188061714172,0.01848484016954899
1710,0,0.06495663523674011,0.07106264680624008,0.8639807105064392
1710,1,0.15486113727092743,0.8247822523117065,0.02035658434033394
1710,2,0.15336690843105316,0.8323861956596375,0.01424700953066349
1711,0,0.06495663523674011,0.07106264680624008,0.8639807105064392
1711,1,0.11021662503480911,0.24138151109218597,0.6484018564224243
1711,2,0.15682995319366455,0.8288226127624512,0.0143474405631423
1712,0,0.06495663523674011,0.07106264680624008,0.8639807105064392
1712,1,0.15486112236976624,0.8247819542884827,0.020356863737106323
1712,2,0.1533667892217636,0.8323861956596375,0.01424711849540472
1713,0,0.06495663523674011,0.07106264680624008,0.8639807105064392
1713,1,0.1548607349395752,0.8247764110565186,0.020362861454486847
1713,2,0.15336458384990692,0.8323860764503479,0.014249330386519432
1714,0,0.06495663523674011,0.07106264680624008,0.8639807105064392
1714,1,0.15486113727092743,0.8247822523117065,0.02035658434033394
1714,2,0.15336690843105316,0.8323861956596375,0.01424700953066349
1715,0,0.06495663523674011,0.07106264680624008,0.8639807105064392
1715,1,0.15486113727092743,0.8247822523117065,0.02035658434033394
1715,2,0.15336690843105316,0.8323861956596375,0.01424700953066349
1716,0,0.06495663523674011,0.07106264680624008,0.8639807105064392
1716,1,0.15486067533493042,0.8247758746147156,0.02036345563828945
1716,2,0.153364360332489,0.8323860764503479,0.014249540865421295
1717,0,0.06495663523674011,0.07106264680624008,0.8639807105064392
1717,1,0.15486113727092743,0.8247822523117065,0.02035658434033394
1717,2,0.15336690843105316,0.8323861956596375,0.01424700953066349
1718,0,0.06495663523674011,0.07106264680624008,0.8639807105064392
1718,1,0.15486113727092743,0.8247822523117065,0.02035658434033394
1718,2,0.15336690843105316,0.8323861956596375,0.01424700953066349
1719,0,0.06495663523674011,0.07106264680624008,0.8639807105064392
1719,1,0.15486110746860504,0.8247818350791931,0.020357001572847366
1719,2,0.14869630336761475,0.8328183889389038,0.018485235050320625
1720,0,0.06495663523674011,0.07106264680624008,0.8639807105064392
1720,1,0.15486113727092743,0.8247822523117065,0.02035658434033394
1720,2,0.15336690843105316,0.8323861956596375,0.01424700953066349
1721,0,0.06495663523674011,0.07106264680624008,0.8639807105064392
1721,1,0.11021662503480911,0.24138151109218597,0.6484018564224243
1721,2,0.15682990849018097,0.8288224935531616,0.014347506687045097
1722,0,0.06495663523674011,0.07106264680624008,0.8639807105064392
1722,1,0.15486115217208862,0.8247819542884827,0.020356902852654457
1722,2,0.1533667892217636,0.8323861956596375,0.014247124083340168
1723,0,0.06495663523674011,0.07106264680624008,0.8639807105064392
1723,1,0.15486086905002594,0.8247784376144409,0.020360663533210754
1723,2,0.1533653885126114,0.8323861956596375,0.014248516410589218
1724,0,0.06495663523674011,0.07106264680624008,0.8639807105064392
1724,1,0.15486113727092743,0.8247822523117065,0.02035658434033394
1724,2,0.15336690843105316,0.8323861956596375,0.01424700953066349
1725,0,0.06495663523674011,0.07106264680624008,0.8639807105064392
1725,1,0.15486113727092743,0.8247822523117065,0.02035658434033394
1725,2,0.15336690843105316,0.8323861956596375,0.01424700953066349
1726,0,0.06495663523674011,0.07106264680624008,0.8639807105064392
1726,1,0.15486106276512146,0.8247806429862976,0.02035825327038765
1726,2,0.15336628258228302,0.8323861956596375,0.01424762699753046
1727,0,0.06495663523674011,0.07106264680624008,0.8639807105064392
1727,1,0.15486113727092743,0.8247822523117065,0.02035658434033394
1727,2,0.15336690843105316,0.8323861956596375,0.01424700953066349
1728,0,0.06495663523674011,0.07106264680624008,0.8639807105064392
1728,1,0.15486113727092743,0.8247822523117065,0.02035658434033394
1728,2,0.15336690843105316,0.8323861956596375,0.01424700953066349
1729,0,0.06495663523674011,0.07106264680624008,0.8639807105064392
1729,1,0.15486107766628265,0.8247811198234558,0.02035774476826191
1729,2,0.14869609475135803,0.8328179717063904,0.018485955893993378
1730,0,0.06495663523674011,0.07106264680624008,0.8639807105064392
1730,1,0.15486113727092743,0.8247822523117065,0.02035658434033394
1730,2,0.15336690843105316,0.8323861956596375,0.01424700953066349
1731,0,0.06495663523674011,0.07106264680624008,0.8639807105064392
1731,1,0.11021662503480911,0.24138151109218597,0.6484018564224243
1731,2,0.15682990849018097,0.8288224935531616,0.014347506687045097
1732,0,0.06495663523674011,0.07106264680624008,0.8639807105064392
1732,1,0.15486115217208862,0.8247819542884827,0.020356902852654457
1732,2,0.1533667892217636,0.8323861956596375,0.014247124083340168
1733,0,0.06495663523674011,0.07106264680624008,0.8639807105064392
1733,1,0.15486086905002594,0.8247784376144409,0.020360663533210754
1733,2,0.1533653885126114,0.8323861956596375,0.014248516410589218
1734,0,0.06495663523674011,0.07106264680624008,0.8639807105064392
1734,1,0.15486113727092743,0.8247822523117065,0.02035658434033394
1734,2,0.15336690843105316,0.8323861956596375,0.01424700953066349
1735,0,0.06495663523674011,0.07106264680624008,0.8639807105064392
1735,1,0.15486113727092743,0.8247822523117065,0.02035658434033394
1735,2,0.15336690843105316,0.8323861956596375,0.01424700953066349
1736,0,0.06495663523674011,0.07106264680624008,0.8639807105064392
1736,1,0.15486106276512146,0.8247806429862976,0.02035825327038765
1736,2,0.15336628258228302,0.8323861956596375,0.01424762699753046
1737,0,0.06495663523674011,0.07106264680624008,0.8639807105064392
1737,1,0.15486113727092743,0.8247822523117065,0.02035658434033394
1737,2,0.15336690843105316,0.8323861956596375,0.01424700953066349
1738,0,0.06495663523674011,0.07106264680624008,0.8639807105064392
1738,1,0.15486113727092743,0.8247822523117065,0.02035658434033394
1738,2,0.15336690843105316,0.8323861956596375,0.01424700953066349
1739,0,0.06495663523674011,0.07106264680624008,0.8639807105064392
1739,1,0.15486107766628265,0.8247811198234558,0.02035774476826191
1739,2,0.14869609475135803,0.8328179717063904,0.018485955893993378
1740,0,0.06495663523674011,0.07106264680624008,0.8639807105064392
1740,1,0.15486113727092743,0.8247822523117065,0.02035658434033394
1740,2,0.15336690843105316,0.8323861956596375,0.01424700953066349
1741,0,0.06495663523674011,0.07106264680624008,0.8639807105064392
1741,1,0.11021662503480911,0.24138151109218597,0.6484018564224243
1741,2,0.15682990849018097,0.8288224935531616,0.014347506687045097
1742,0,0.06495663523674011,0.07106264680624008,0.8639807105064392
1742,1,0.15486115217208862,0.8247819542884827,0.020356902852654457
1742,2,0.1533667892217636,0.8323861956596375,0.014247124083340168
1743,0,0.06495663523674011,0.07106264680624008,0.8639807105064392
1743,1,0.15486086905002594,0.8247784376144409,0.020360663533210754
1743,2,0.1533653885126114,0.8323861956596375,0.014248516410589218
1744,0,0.06495663523674011,0.07106264680624008,0.8639807105064392
1744,1,0.15486113727092743,0.8247822523117065,0.02035658434033394
1744,2,0.15336690843105316,0.8323861956596375,0.01424700953066349
1745,0,0.06495663523674011,0.07106264680624008,0.8639807105064392
1745,1,0.15486113727092743,0.8247822523117065,0.02035658434033394
1745,2,0.15336690843105316,0.8323861956596375,0.01424700953066349
1746,0,0.06495663523674011,0.07106264680624008,0.8639807105064392
1746,1,0.15486106276512146,0.8247806429862976,0.02035825327038765
1746,2,0.15336628258228302,0.8323861956596375,0.01424762699753046
1747,0,0.06495663523674011,0.07106264680624008,0.8639807105064392
1747,1,0.15486113727092743,0.8247822523117065,0.02035658434033394
1747,2,0.15336690843105316,0.8323861956596375,0.01424700953066349
1748,0,0.06495663523674011,0.07106264680624008,0.8639807105064392
1748,1,0.15486113727092743,0.8247822523117065,0.02035658434033394
1748,2,0.15336690843105316,0.8323861956596375,0.01424700953066349
1749,0,0.06495663523674011,0.07106264680624008,0.8639807105064392
1749,1,0.15486107766628265,0.8247811198234558,0.02035774476826191
1749,2,0.14869609475135803,0.8328179717063904,0.018485955893993378
1750,0,0.06495663523674011,0.07106264680624008,0.8639807105064392
1750,1,0.15486113727092743,0.8247822523117065,0.02035658434033394
1750,2,0.15336690843105316,0.8323861956596375,0.01424700953066349
1751,0,0.06495663523674011,0.07106264680624008,0.8639807105064392
1751,1,0.11021662503480911,0.24138151109218597,0.6484018564224243
1751,2,0.15682990849018097,0.8288224935531616,0.014347506687045097
1752,0,0.06495663523674011,0.07106264680624008,0.8639807105064392
1752,1,0.15486115217208862,0.8247819542884827,0.020356902852654457
1752,2,0.1533667892217636,0.8323861956596375,0.014247124083340168
1753,0,0.06495663523674011,0.07106264680624008,0.8639807105064392
1753,1,0.15486086905002594,0.8247784376144409,0.020360663533210754
1753,2,0.1533653885126114,0.8323861956596375,0.014248516410589218
1754,0,0.06495663523674011,0.07106264680624008,0.8639807105064392
1754,1,0.15486113727092743,0.8247822523117065,0.02035658434033394
1754,2,0.15336690843105316,0.8323861956596375,0.01424700953066349
1755,0,0.06495663523674011,0.07106264680624008,0.8639807105064392
1755,1,0.15486113727092743,0.8247822523117065,0.02035658434033394
1755,2,0.15336690843105316,0.8323861956596375,0.01424700953066349
1756,0,0.06495663523674011,0.07106264680624008,0.8639807105064392
1756,1,0.15486106276512146,0.8247806429862976,0.02035825327038765
1756,2,0.15336628258228302,0.8323861956596375,0.01424762699753046
1757,0,0.06495663523674011,0.07106264680624008,0.8639807105064392
1757,1,0.15486113727092743,0.8247822523117065,0.02035658434033394
1757,2,0.15336690843105316,0.8323861956596375,0.01424700953066349
1758,0,0.06495663523674011,0.07106264680624008,0.8639807105064392
1758,1,0.15486113727092743,0.8247822523117065,0.02035658434033394
1758,2,0.15336690843105316,0.8323861956596375,0.01424700953066349
1759,0,0.06495663523674011,0.07106264680624008,0.8639807105064392
1759,1,0.15486107766628265,0.8247811198234558,0.02035774476826191
1759,2,0.14869609475135803,0.8328179717063904,0.018485955893993378
1760,0,0.06495663523674011,0.07106264680624008,0.8639807105064392
1760,1,0.15486113727092743,0.8247822523117065,0.02035658434033394
1760,2,0.15336690843105316,0.8323861956596375,0.01424700953066349
1761,0,0.06495663523674011,0.07106264680624008,0.8639807105064392
1761,1,0.11021662503480911,0.24138151109218597,0.6484018564224243
1761,2,0.15682990849018097,0.8288224935531616,0.014347506687045097
1762,0,0.06495663523674011,0.07106264680624008,0.8639807105064392
1762,1,0.15486115217208862,0.8247819542884827,0.020356902852654457
1762,2,0.1533667892217636,0.8323861956596375,0.014247124083340168
1763,0,0.06495663523674011,0.07106264680624008,0.8639807105064392
1763,1,0.15486086905002594,0.8247784376144409,0.020360663533210754
1763,2,0.1533653885126114,0.8323861956596375,0.014248516410589218
1764,0,0.06495663523674011,0.07106264680624008,0.8639807105064392
1764,1,0.15486113727092743,0.8247822523117065,0.02035658434033394
1764,2,0.15336690843105316,0.8323861956596375,0.01424700953066349
1765,0,0.06495663523674011,0.07106264680624008,0.8639807105064392
1765,1,0.15486113727092743,0.8247822523117065,0.02035658434033394
1765,2,0.15336690843105316,0.8323861956596375,0.01424700953066349
1766,0,0.06495663523674011,0.07106264680624008,0.8639807105064392
1766,1,0.15486106276512146,0.8247806429862976,0.02035825327038765
1766,2,0.15336628258228302,0.8323861956596375,0.01424762699753046
1767,0,0.06495663523674011,0.07106264680624008,0.8639807105064392
1767,1,0.15486113727092743,0.8247822523117065,0.02035658434033394
1767,2,0.15336690843105316,0.8323861956596375,0.01424700953066349
1768,0,0.06495663523674011,0.07106264680624008,0.8639807105064392
1768,1,0.15486113727092743,0.8247822523117065,0.02035658434033394
1768,2,0.15336690843105316,0.8323861956596375,0.01424700953066349
1769,0,0.06495663523674011,0.07106264680624008,0.8639807105064392
1769,1,0.15486107766628265,0.8247811198234558,0.02035774476826191
1769,2,0.14869609475135803,0.8328179717063904,0.018485955893993378
1770,0,0.06495663523674011,0.07106264680624008,0.8639807105064392
1770,1,0.15486113727092743,0.8247822523117065,0.02035658434033394
1770,2,0.15336690843105316,0.8323861956596375,0.01424700953066349
1771,0,0.06495663523674011,0.07106264680624008,0.8639807105064392
1771,1,0.11021662503480911,0.24138151109218597,0.6484018564224243
1771,2,0.15682990849018097,0.8288224935531616,0.014347506687045097
1772,0,0.06495663523674011,0.07106264680624008,0.8639807105064392
1772,1,0.15486115217208862,0.8247819542884827,0.020356902852654457
1772,2,0.1533667892217636,0.8323861956596375,0.014247124083340168
1773,0,0.06495663523674011,0.07106264680624008,0.8639807105064392
1773,1,0.15486086905002594,0.8247784376144409,0.020360663533210754
1773,2,0.1533653885126114,0.8323861956596375,0.014248516410589218
1774,0,0.06495663523674011,0.07106264680624008,0.8639807105064392
1774,1,0.15486113727092743,0.8247822523117065,0.02035658434033394
1774,2,0.15336690843105316,0.8323861956596375,0.01424700953066349
1775,0,0.06495663523674011,0.07106264680624008,0.8639807105064392
1775,1,0.15486113727092743,0.8247822523117065,0.02035658434033394
1775,2,0.15336690843105316,0.8323861956596375,0.01424700953066349
1776,0,0.06495663523674011,0.07106264680624008,0.8639807105064392
1776,1,0.15486106276512146,0.8247806429862976,0.02035825327038765
1776,2,0.15336628258228302,0.8323861956596375,0.01424762699753046
1777,0,0.06495663523674011,0.07106264680624008,0.8639807105064392
1777,1,0.15486113727092743,0.8247822523117065,0.02035658434033394
1777,2,0.15336690843105316,0.8323861956596375,0.01424700953066349
1778,0,0.06495663523674011,0.07106264680624008,0.8639807105064392
1778,1,0.15486113727092743,0.8247822523117065,0.02035658434033394
1778,2,0.15336690843105316,0.8323861956596375,0.01424700953066349
1779,0,0.06495663523674011,0.07106264680624008,0.8639807105064392
1779,1,0.15486107766628265,0.8247811198234558,0.02035774476826191
1779,2,0.14869609475135803,0.8328179717063904,0.018485955893993378
1780,0,0.06495663523674011,0.07106264680624008,0.8639807105064392
1780,1,0.15486113727092743,0.8247822523117065,0.02035658434033394
1780,2,0.15336690843105316,0.8323861956596375,0.01424700953066349
1781,0,0.06495663523674011,0.07106264680624008,0.8639807105064392
1781,1,0.11021662503480911,0.24138151109218597,0.6484018564224243
1781,2,0.15682990849018097,0.8288224935531616,0.014347506687045097
1782,0,0.06495663523674011,0.07106264680624008,0.8639807105064392
1782,1,0.15486115217208862,0.8247819542884827,0.020356902852654457
1782,2,0.1533667892217636,0.8323861956596375,0.014247124083340168
1783,0,0.06495663523674011,0.07106264680624008,0.8639807105064392
1783,1,0.15486086905002594,0.8247784376144409,0.020360663533210754
1783,2,0.1533653885126114,0.8323861956596375,0.014248516410589218
1784,0,0.06495663523674011,0.07106264680624008,0.8639807105064392
1784,1,0.15486113727092743,0.8247822523117065,0.02035658434033394
1784,2,0.15336690843105316,0.8323861956596375,0.01424700953066349
1785,0,0.06495663523674011,0.07106264680624008,0.8639807105064392
1785,1,0.15486113727092743,0.8247822523117065,0.02035658434033394
1785,2,0.15336690843105316,0.8323861956596375,0.01424700953066349
1786,0,0.06495663523674011,0.07106264680624008,0.8639807105064392
1786,1,0.15486106276512146,0.8247806429862976,0.02035825327038765
1786,2,0.15336628258228302,0.8323861956596375,0.01424762699753046
1787,0,0.06495663523674011,0.07106264680624008,0.8639807105064392
1787,1,0.15486113727092743,0.8247822523117065,0.02035658434033394
1787,2,0.15336690843105316,0.8323861956596375,0.01424700953066349
1788,0,0.06495663523674011,0.07106264680624008,0.8639807105064392
1788,1,0.15486113727092743,0.8247822523117065,0.02035658434033394
1788,2,0.15336690843105316,0.8323861956596375,0.01424700953066349
1789,0,0.06495663523674011,0.07106264680624008,0.8639807105064392
1789,1,0.15486107766628265,0.8247811198234558,0.02035774476826191
1789,2,0.14869609475135803,0.8328179717063904,0.018485955893993378
1790,0,0.06495663523674011,0.07106264680624008,0.8639807105064392
1790,1,0.15486113727092743,0.8247822523117065,0.02035658434033394
1790,2,0.15336690843105316,0.8323861956596375,0.01424700953066349
1791,0,0.06495663523674011,0.07106264680624008,0.8639807105064392
1791,1,0.11021662503480911,0.24138151109218597,0.6484018564224243
1791,2,0.15682990849018097,0.8288224935531616,0.014347506687045097
1792,0,0.05033313110470772,0.061632368713617325,0.888034462928772
1792,1,0.14585816860198975,0.8381527066230774,0.01598910614848137
1792,2,0.1463530957698822,0.8420839309692383,0.0115629518404603
1793,0,0.05033313110470772,0.061632368713617325,0.888034462928772
1793,1,0.1458570957183838,0.8381518721580505,0.015990931540727615
1793,2,0.14635153114795685,0.8420848250389099,0.01156364195048809
1794,0,0.05033313110470772,0.061632368713617325,0.888034462928772
1794,1,0.1458583027124405,0.8381528258323669,0.015988875180482864
1794,2,0.14635330438613892,0.8420838117599487,0.01156286709010601
1795,0,0.05033313110470772,0.061632368713617325,0.888034462928772
1795,1,0.1458583027124405,0.8381528258323669,0.015988875180482864
1795,2,0.14635330438613892,0.8420838117599487,0.01156286709010601
1796,0,0.05033313110470772,0.061632368713617325,0.888034462928772
1796,1,0.14585742354393005,0.8381522297859192,0.01599038951098919
1796,2,0.14635200798511505,0.842084527015686,0.011563438922166824
1797,0,0.05033313110470772,0.061632368713617325,0.888034462928772
1797,1,0.1458583027124405,0.8381528258323669,0.015988875180482864
1797,2,0.14635330438613892,0.8420838117599487,0.01156286709010601
1798,0,0.05033313110470772,0.061632368713617325,0.888034462928772
1798,1,0.14585749804973602,0.8381522297859192,0.015990275889635086
1798,2,0.1463521271944046,0.842084527015686,0.01156338956207037
1799,0,0.05033313110470772,0.061632368713617325,0.888034462928772
1799,1,0.14585810899734497,0.8381527066230774,0.015989189967513084
1799,2,0.13913559913635254,0.8461016416549683,0.014762776903808117
1800,0,0.05033313110470772,0.061632368713617325,0.888034462928772
1800,1,0.1458583027124405,0.8381528258323669,0.015988875180482864
1800,2,0.14635330438613892,0.8420838117599487,0.01156286709010601
1801,0,0.05033313110470772,0.061632368713617325,0.888034462928772
1801,1,0.14585819840431213,0.8381527066230774,0.015989044681191444
1801,2,0.14635315537452698,0.8420838713645935,0.011562928557395935
1802,0,0.05033313110470772,0.061632368713617325,0.888034462928772
1802,1,0.14585810899734497,0.8381526470184326,0.015989171341061592
1802,2,0.14635303616523743,0.8420839309692383,0.011562973260879517
1803,0,0.05033313110470772,0.061632368713617325,0.888034462928772
1803,1,0.1458583027124405,0.8381528258323669,0.015988875180482864
1803,2,0.14635330438613892,0.8420838117599487,0.01156286709010601
1804,0,0.05033313110470772,0.061632368713617325,0.888034462928772
1804,1,0.14585788547992706,0.8381525874137878,0.015989603474736214
1804,2,0.14635266363620758,0.8420841097831726,0.011563141830265522
1805,0,0.05033313110470772,0.061632368713617325,0.888034462928772
1805,1,0.14585819840431213,0.8381527066230774,0.015989083796739578
1805,2,0.1463531106710434,0.8420838713645935,0.011562945321202278
1806,0,0.05033313110470772,0.061632368713617325,0.888034462928772
1806,1,0.1458580195903778,0.8381525874137878,0.015989404171705246
1806,2,0.1463528573513031,0.8420841097831726,0.011563063599169254
1807,0,0.05033313110470772,0.061632368713617325,0.888034462928772
1807,1,0.1458583027124405,0.8381528258323669,0.015988875180482864
1807,2,0.14635330438613892,0.8420838117599487,0.01156286709010601
1808,0,0.05033313110470772,0.061632368713617325,0.888034462928772
1808,1,0.14585795998573303,0.8381525874137878,0.01598944328725338
1808,2,0.14635281264781952,0.8420841097831726,0.011563080362975597
1809,0,0.05033313110470772,0.061632368713617325,0.888034462928772
1809,1,0.14585788547992706,0.8381525874137878,0.015989618375897408
1809,2,0.13913516700267792,0.8461015820503235,0.014763190411031246
1810,0,0.05033313110470772,0.061632368713617325,0.888034462928772
1810,1,0.1458583027124405,0.8381528258323669,0.015988875180482864
1810,2,0.14635330438613892,0.8420838117599487,0.01156286709010601
1811,0,0.05033313110470772,0.061632368713617325,0.888034462928772
1811,1,0.14585822820663452,0.8381528258323669,0.015989020466804504
1811,2,0.14635314047336578,0.8420838713645935,0.011562928557395935
1812,0,0.05033313110470772,0.061632368713617325,0.888034462928772
1812,1,0.1458583027124405,0.8381528258323669,0.015988875180482864
1812,2,0.14635330438613892,0.8420838117599487,0.01156286709010601
1813,0,0.05033313110470772,0.061632368713617325,0.888034462928772
1813,1,0.1458583027124405,0.8381528258323669,0.015988875180482864
1813,2,0.14635330438613892,0.8420838117599487,0.01156286709010601
1814,0,0.05033313110470772,0.061632368713617325,0.888034462928772
1814,1,0.1458583027124405,0.8381528258323669,0.015988875180482864
1814,2,0.14635330438613892,0.8420838117599487,0.01156286709010601
1815,0,0.05033313110470772,0.061632368713617325,0.888034462928772
1815,1,0.14585810899734497,0.8381527066230774,0.01598922163248062
1815,2,0.14635300636291504,0.8420840501785278,0.011562997475266457
1816,0,0.05033313110470772,0.061632368713617325,0.888034462928772
1816,1,0.14585813879966736,0.8381527066230774,0.015989137813448906
1816,2,0.14635306596755981,0.8420839309692383,0.011562963016331196
1817,0,0.05033313110470772,0.061632368713617325,0.888034462928772
1817,1,0.14585816860198975,0.8381527066230774,0.01598910614848137
1817,2,0.1463531106710434,0.8420839309692383,0.0115629518404603
1818,0,0.05033313110470772,0.061632368713617325,0.888034462928772
1818,1,0.145857572555542,0.838152289390564,0.015990104526281357
1818,2,0.14635226130485535,0.8420844078063965,0.011563328094780445
1819,0,0.05033313110470772,0.061632368713617325,0.888034462928772
1819,1,0.14585530757904053,0.8381507396697998,0.015993988141417503
1819,2,0.13913096487522125,0.8461016416549683,0.014767416752874851
1820,0,0.05033313110470772,0.061632368713617325,0.888034462928772
1820,1,0.1458583027124405,0.8381528258323669,0.015988875180482864
1820,2,0.14635330438613892,0.8420838117599487,0.01156286709010601
1821,0,0.05033313110470772,0.061632368713617325,0.888034462928772
1821,1,0.14585822820663452,0.8381528258323669,0.015989037230610847
1821,2,0.14635315537452698,0.8420838713645935,0.011562922969460487
1822,0,0.05033313110470772,0.061632368713617325,0.888034462928772
1822,1,0.14585816860198975,0.8381527066230774,0.015989098697900772
1822,2,0.1463531106710434,0.8420839309692383,0.011562946252524853
1823,0,0.05033313110470772,0.061632368713617325,0.888034462928772
1823,1,0.1458583027124405,0.8381528258323669,0.015988875180482864
1823,2,0.14635330438613892,0.8420838117599487,0.01156286709010601
1824,0,0.05033313110470772,0.061632368713617325,0.888034462928772
1824,1,0.14585812389850616,0.8381526470184326,0.015989162027835846
1824,2,0.14635303616523743,0.8420839309692383,0.011562973260879517
1825,0,0.05033313110470772,0.061632368713617325,0.888034462928772
1825,1,0.14585816860198975,0.8381527066230774,0.015989098697900772
1825,2,0.1463531106710434,0.8420839309692383,0.011562946252524853
1826,0,0.05033313110470772,0.061632368713617325,0.888034462928772
1826,1,0.14585810899734497,0.8381526470184326,0.015989208593964577
1826,2,0.14635300636291504,0.8420840501785278,0.011562991887331009
1827,0,0.05033313110470772,0.061632368713617325,0.888034462928772
1827,1,0.14585810899734497,0.8381527066230774,0.015989229083061218
1827,2,0.14635300636291504,0.8420840501785278,0.011563003063201904
1828,0,0.05033313110470772,0.061632368713617325,0.888034462928772
1828,1,0.14585770666599274,0.8381524085998535,0.015989897772669792
1828,2,0.14635242521762848,0.8420842885971069,0.011563253588974476
1829,0,0.05033313110470772,0.061632368713617325,0.888034462928772
1829,1,0.1458578258752823,0.8381524682044983,0.01598968543112278
1829,2,0.13913509249687195,0.8461016416549683,0.014763254672288895
1830,0,0.05033313110470772,0.061632368713617325,0.888034462928772
1830,1,0.1458583027124405,0.8381528258323669,0.015988875180482864
1830,2,0.14635330438613892,0.8420838117599487,0.01156286709010601
1831,0,0.05033313110470772,0.061632368713617325,0.888034462928772
1831,1,0.14585822820663452,0.8381528258323669,0.015989037230610847
1831,2,0.14635315537452698,0.8420838713645935,0.011562922969460487
1832,0,0.05033313110470772,0.061632368713617325,0.888034462928772
1832,1,0.14585816860198975,0.8381527066230774,0.015989098697900772
1832,2,0.1463531106710434,0.8420839309692383,0.011562946252524853
1833,0,0.05033313110470772,0.061632368713617325,0.888034462928772
1833,1,0.1458583027124405,0.8381528258323669,0.015988875180482864
1833,2,0.14635330438613892,0.8420838117599487,0.01156286709010601
1834,0,0.05033313110470772,0.061632368713617325,0.888034462928772
1834,1,0.14585812389850616,0.8381526470184326,0.015989162027835846
1834,2,0.14635303616523743,0.8420839309692383,0.011562973260879517
1835,0,0.05033313110470772,0.061632368713617325,0.888034462928772
1835,1,0.14585816860198975,0.8381527066230774,0.015989098697900772
1835,2,0.1463531106710434,0.8420839309692383,0.011562946252524853
1836,0,0.05033313110470772,0.061632368713617325,0.888034462928772
1836,1,0.14585810899734497,0.8381526470184326,0.015989208593964577
1836,2,0.14635300636291504,0.8420840501785278,0.011562991887331009
1837,0,0.05033313110470772,0.061632368713617325,0.888034462928772
1837,1,0.14585810899734497,0.8381527066230774,0.015989229083061218
1837,2,0.14635300636291504,0.8420840501785278,0.011563003063201904
1838,0,0.05033313110470772,0.061632368713617325,0.888034462928772
1838,1,0.14585770666599274,0.8381524085998535,0.015989897772669792
1838,2,0.14635242521762848,0.8420842885971069,0.011563253588974476
1839,0,0.05033313110470772,0.061632368713617325,0.888034462928772
1839,1,0.1458578258752823,0.8381524682044983,0.01598968543112278
1839,2,0.13913509249687195,0.8461016416549683,0.014763254672288895
1840,0,0.05033313110470772,0.061632368713617325,0.888034462928772
1840,1,0.1458583027124405,0.8381528258323669,0.015988875180482864
1840,2,0.14635330438613892,0.8420838117599487,0.01156286709010601
1841,0,0.05033313110470772,0.061632368713617325,0.888034462928772
1841,1,0.14585822820663452,0.8381528258323669,0.015989037230610847
1841,2,0.14635315537452698,0.8420838713645935,0.011562922969460487
1842,0,0.05033313110470772,0.061632368713617325,0.888034462928772
1842,1,0.14585816860198975,0.8381527066230774,0.015989098697900772
1842,2,0.1463531106710434,0.8420839309692383,0.011562946252524853
1843,0,0.05033313110470772,0.061632368713617325,0.888034462928772
1843,1,0.1458583027124405,0.8381528258323669,0.015988875180482864
1843,2,0.14635330438613892,0.8420838117599487,0.01156286709010601
1844,0,0.05033313110470772,0.061632368713617325,0.888034462928772
1844,1,0.14585812389850616,0.8381526470184326,0.015989162027835846
1844,2,0.14635303616523743,0.8420839309692383,0.011562973260879517
1845,0,0.05033313110470772,0.061632368713617325,0.888034462928772
1845,1,0.14585816860198975,0.8381527066230774,0.015989098697900772
1845,2,0.1463531106710434,0.8420839309692383,0.011562946252524853
1846,0,0.05033313110470772,0.061632368713617325,0.888034462928772
1846,1,0.14585810899734497,0.8381526470184326,0.015989208593964577
1846,2,0.14635300636291504,0.8420840501785278,0.011562991887331009
1847,0,0.05033313110470772,0.061632368713617325,0.888034462928772
1847,1,0.14585810899734497,0.8381527066230774,0.015989229083061218
1847,2,0.14635300636291504,0.8420840501785278,0.011563003063201904
1848,0,0.05033313110470772,0.061632368713617325,0.888034462928772
1848,1,0.14585770666599274,0.8381524085998535,0.015989897772669792
1848,2,0.14635242521762848,0.8420842885971069,0.011563253588974476
1849,0,0.05033313110470772,0.061632368713617325,0.888034462928772
1849,1,0.1458578258752823,0.8381524682044983,0.01598968543112278
1849,2,0.13913509249687195,0.8461016416549683,0.014763254672288895
1850,0,0.05033313110470772,0.061632368713617325,0.888034462928772
1850,1,0.1458583027124405,0.8381528258323669,0.015988875180482864
1850,2,0.14635330438613892,0.8420838117599487,0.01156286709010601
1851,0,0.05033313110470772,0.061632368713617325,0.888034462928772
1851,1,0.14585822820663452,0.8381528258323669,0.015989037230610847
1851,2,0.14635315537452698,0.8420838713645935,0.011562922969460487
1852,0,0.05033313110470772,0.061632368713617325,0.888034462928772
1852,1,0.14585816860198975,0.8381527066230774,0.015989098697900772
1852,2,0.1463531106710434,0.8420839309692383,0.011562946252524853
1853,0,0.05033313110470772,0.061632368713617325,0.888034462928772
1853,1,0.1458583027124405,0.8381528258323669,0.015988875180482864
1853,2,0.14635330438613892,0.8420838117599487,0.01156286709010601
1854,0,0.05033313110470772,0.061632368713617325,0.888034462928772
1854,1,0.14585812389850616,0.8381526470184326,0.015989162027835846
1854,2,0.14635303616523743,0.8420839309692383,0.011562973260879517
1855,0,0.05033313110470772,0.061632368713617325,0.888034462928772
1855,1,0.14585816860198975,0.8381527066230774,0.015989098697900772
1855,2,0.1463531106710434,0.8420839309692383,0.011562946252524853
1856,0,0.05033313110470772,0.061632368713617325,0.888034462928772
1856,1,0.14585810899734497,0.8381526470184326,0.015989208593964577
1856,2,0.14635300636291504,0.8420840501785278,0.011562991887331009
1857,0,0.05033313110470772,0.061632368713617325,0.888034462928772
1857,1,0.14585810899734497,0.8381527066230774,0.015989229083061218
1857,2,0.14635300636291504,0.8420840501785278,0.011563003063201904
1858,0,0.05033313110470772,0.061632368713617325,0.888034462928772
1858,1,0.14585770666599274,0.8381524085998535,0.015989897772669792
1858,2,0.14635242521762848,0.8420842885971069,0.011563253588974476
1859,0,0.05033313110470772,0.061632368713617325,0.888034462928772
1859,1,0.1458578258752823,0.8381524682044983,0.01598968543112278
1859,2,0.13913509249687195,0.8461016416549683,0.014763254672288895
1860,0,0.05033313110470772,0.061632368713617325,0.888034462928772
1860,1,0.1458583027124405,0.8381528258323669,0.015988875180482864
1860,2,0.14635330438613892,0.8420838117599487,0.01156286709010601
1861,0,0.05033313110470772,0.061632368713617325,0.888034462928772
1861,1,0.14585822820663452,0.8381528258323669,0.015989037230610847
1861,2,0.14635315537452698,0.8420838713645935,0.011562922969460487
1862,0,0.05033313110470772,0.061632368713617325,0.888034462928772
1862,1,0.14585816860198975,0.8381527066230774,0.015989098697900772
1862,2,0.1463531106710434,0.8420839309692383,0.011562946252524853
1863,0,0.05033313110470772,0.061632368713617325,0.888034462928772
1863,1,0.1458583027124405,0.8381528258323669,0.015988875180482864
1863,2,0.14635330438613892,0.8420838117599487,0.01156286709010601
1864,0,0.05033313110470772,0.061632368713617325,0.888034462928772
1864,1,0.14585812389850616,0.8381526470184326,0.015989162027835846
1864,2,0.14635303616523743,0.8420839309692383,0.011562973260879517
1865,0,0.05033313110470772,0.061632368713617325,0.888034462928772
1865,1,0.14585816860198975,0.8381527066230774,0.015989098697900772
1865,2,0.1463531106710434,0.8420839309692383,0.011562946252524853
1866,0,0.05033313110470772,0.061632368713617325,0.888034462928772
1866,1,0.14585810899734497,0.8381526470184326,0.015989208593964577
1866,2,0.14635300636291504,0.8420840501785278,0.011562991887331009
1867,0,0.05033313110470772,0.061632368713617325,0.888034462928772
1867,1,0.14585810899734497,0.8381527066230774,0.015989229083061218
1867,2,0.14635300636291504,0.8420840501785278,0.011563003063201904
1868,0,0.05033313110470772,0.061632368713617325,0.888034462928772
1868,1,0.14585770666599274,0.8381524085998535,0.015989897772669792
1868,2,0.14635242521762848,0.8420842885971069,0.011563253588974476
1869,0,0.05033313110470772,0.061632368713617325,0.888034462928772
1869,1,0.1458578258752823,0.8381524682044983,0.01598968543112278
1869,2,0.13913509249687195,0.8461016416549683,0.014763254672288895
1870,0,0.05033313110470772,0.061632368713617325,0.888034462928772
1870,1,0.1458583027124405,0.8381528258323669,0.015988875180482864
1870,2,0.14635330438613892,0.8420838117599487,0.01156286709010601
1871,0,0.05033313110470772,0.061632368713617325,0.888034462928772
1871,1,0.14585822820663452,0.8381528258323669,0.015989037230610847
1871,2,0.14635315537452698,0.8420838713645935,0.011562922969460487
1872,0,0.05033313110470772,0.061632368713617325,0.888034462928772
1872,1,0.14585816860198975,0.8381527066230774,0.015989098697900772
1872,2,0.1463531106710434,0.8420839309692383,0.011562946252524853
1873,0,0.05033313110470772,0.061632368713617325,0.888034462928772
1873,1,0.1458583027124405,0.8381528258323669,0.015988875180482864
1873,2,0.14635330438613892,0.8420838117599487,0.01156286709010601
1874,0,0.05033313110470772,0.061632368713617325,0.888034462928772
1874,1,0.14585812389850616,0.8381526470184326,0.015989162027835846
1874,2,0.14635303616523743,0.8420839309692383,0.011562973260879517
1875,0,0.05033313110470772,0.061632368713617325,0.888034462928772
1875,1,0.14585816860198975,0.8381527066230774,0.015989098697900772
1875,2,0.1463531106710434,0.8420839309692383,0.011562946252524853
1876,0,0.05033313110470772,0.061632368713617325,0.888034462928772
1876,1,0.14585810899734497,0.8381526470184326,0.015989208593964577
1876,2,0.14635300636291504,0.8420840501785278,0.011562991887331009
1877,0,0.05033313110470772,0.061632368713617325,0.888034462928772
1877,1,0.2206643670797348,0.7634517550468445,0.015883881598711014
1877,2,0.22316257655620575,0.7656419277191162,0.01119549572467804
1878,0,0.04117157682776451,0.05721501260995865,0.9016134738922119
1878,1,0.22069333493709564,0.7633539438247681,0.015952711924910545
1878,2,0.2231561243534088,0.7656334638595581,0.0112104257568717
1879,0,0.04117157682776451,0.05721501260995865,0.9016134738922119
1879,1,0.2206949144601822,0.7633535861968994,0.015951456502079964
1879,2,0.20986251533031464,0.7754337191581726,0.014703674241900444
1880,0,0.04117157682776451,0.05721501260995865,0.9016134738922119
1880,1,0.2206958830356598,0.7633534073829651,0.01595069281756878
1880,2,0.22315876185894012,0.7656315565109253,0.01120968721807003
1881,0,0.04117157682776451,0.05721501260995865,0.9016134738922119
1881,1,0.22069567441940308,0.7633534073829651,0.015950867906212807
1881,2,0.2231585681438446,0.7656317353248596,0.011209754273295403
1882,0,0.04117157682776451,0.05721501260995865,0.9016134738922119
1882,1,0.2206956297159195,0.7633534669876099,0.01595093309879303
1882,2,0.22315849363803864,0.7656317353248596,0.011209780350327492
1883,0,0.04117157682776451,0.05721501260995865,0.9016134738922119
1883,1,0.2206958830356598,0.7633534073829651,0.01595069281756878
1883,2,0.22315876185894012,0.7656315565109253,0.01120968721807003
1884,0,0.04117157682776451,0.05721501260995865,0.9016134738922119
1884,1,0.22069551050662994,0.7633535265922546,0.015951009467244148
1884,2,0.22315837442874908,0.7656317949295044,0.01120980829000473
1885,0,0.04117157682776451,0.05721501260995865,0.9016134738922119
1885,1,0.2206956297159195,0.7633534669876099,0.01595093309879303
1885,2,0.22315849363803864,0.7656317353248596,0.011209780350327492
1886,0,0.04117157682776451,0.05721501260995865,0.9016134738922119
1886,1,0.22069314122200012,0.7633540034294128,0.015952834859490395
1886,2,0.22315596044063568,0.7656335234642029,0.011210475116968155
1887,0,0.04117157682776451,0.05721501260995865,0.9016134738922119
1887,1,0.2206958830356598,0.7633534073829651,0.01595069281756878
1887,2,0.22315876185894012,0.7656315565109253,0.01120968721807003
1888,0,0.04117157682776451,0.05721501260995865,0.9016134738922119
1888,1,0.22069504857063293,0.7633535861968994,0.015951350331306458
1888,2,0.22315791249275208,0.765632152557373,0.01120993122458458
1889,0,0.04117157682776451,0.05721501260995865,0.9016134738922119
1889,1,0.2206954061985016,0.7633534669876099,0.015951093286275864
1889,2,0.20986317098140717,0.7754334211349487,0.01470332033932209
1890,0,0.04117157682776451,0.05721501260995865,0.9016134738922119
1890,1,0.2206958830356598,0.7633534073829651,0.01595069281756878
1890,2,0.22315876185894012,0.7656315565109253,0.01120968721807003
1891,0,0.04117157682776451,0.05721501260995865,0.9016134738922119
1891,1,0.2206958830356598,0.7633534073829651,0.01595069281756878
1891,2,0.22315876185894012,0.7656315565109253,0.01120968721807003
1892,0,0.04117157682776451,0.05721501260995865,0.9016134738922119
1892,1,0.22069554030895233,0.7633534669876099,0.015950992703437805
1892,2,0.22315838932991028,0.7656317949295044,0.01120979804545641
1893,0,0.04117157682776451,0.05721501260995865,0.9016134738922119
1893,1,0.2206958830356598,0.7633534073829651,0.01595069281756878
1893,2,0.22315876185894012,0.7656315565109253,0.01120968721807003
1894,0,0.04117157682776451,0.05721501260995865,0.9016134738922119
1894,1,0.22069554030895233,0.7633534669876099,0.015950962901115417
1894,2,0.22315843403339386,0.7656318545341492,0.011209787800908089
1895,0,0.04117157682776451,0.05721501260995865,0.9016134738922119
1895,1,0.2206948846578598,0.7633536458015442,0.015951495617628098
1895,2,0.22315771877765656,0.7656322717666626,0.011209980584681034
1896,0,0.04117157682776451,0.05721501260995865,0.9016134738922119
1896,1,0.2206931710243225,0.7633540034294128,0.015952827408909798
1896,2,0.22315597534179688,0.7656335234642029,0.011210469529032707
1897,0,0.04117157682776451,0.05721501260995865,0.9016134738922119
1897,1,0.220691978931427,0.7633543014526367,0.015953760594129562
1897,2,0.22315476834774017,0.7656344771385193,0.011210809461772442
1898,0,0.04117157682776451,0.05721501260995865,0.9016134738922119
1898,1,0.2206958830356598,0.7633534073829651,0.01595069281756878
1898,2,0.22315876185894012,0.7656315565109253,0.01120968721807003
1899,0,0.04117157682776451,0.05721501260995865,0.9016134738922119
1899,1,0.2206958830356598,0.7633534073829651,0.01595069281756878
1899,2,0.20986391603946686,0.7754331827163696,0.014702931977808475
1900,0,0.04117157682776451,0.05721501260995865,0.9016134738922119
1900,1,0.2206958830356598,0.7633534073829651,0.01595069281756878
1900,2,0.22315876185894012,0.7656315565109253,0.01120968721807003
1901,0,0.04117157682776451,0.05721501260995865,0.9016134738922119
1901,1,0.22069570422172546,0.7633534073829651,0.015950882807374
1901,2,0.22315853834152222,0.7656317353248596,0.011209758929908276
1902,0,0.04117157682776451,0.05721501260995865,0.9016134738922119
1902,1,0.22069546580314636,0.7633535265922546,0.015951009467244148
1902,2,0.22315837442874908,0.7656317949295044,0.01120980829000473
1903,0,0.04117157682776451,0.05721501260995865,0.9016134738922119
1903,1,0.2206958830356598,0.7633534073829651,0.01595069281756878
1903,2,0.22315876185894012,0.7656315565109253,0.01120968721807003
1904,0,0.04117157682776451,0.05721501260995865,0.9016134738922119
1904,1,0.2206948846578598,0.7633536458015442,0.015951495617628098
1904,2,0.22315771877765656,0.7656322121620178,0.011209985241293907
1905,0,0.04117157682776451,0.05721501260995865,0.9016134738922119
1905,1,0.2206955999135971,0.7633534669876099,0.015950918197631836
1905,2,0.22315849363803864,0.7656317353248596,0.011209775693714619
1906,0,0.04117157682776451,0.05721501260995865,0.9016134738922119
1906,1,0.2206939458847046,0.7633538842201233,0.015952227637171745
1906,2,0.22315678000450134,0.7656330466270447,0.011210248805582523
1907,0,0.04117157682776451,0.05721501260995865,0.9016134738922119
1907,1,0.2206958830356598,0.7633534073829651,0.01595069281756878
1907,2,0.22315876185894012,0.7656315565109253,0.01120968721807003
1908,0,0.04117157682776451,0.05721501260995865,0.9016134738922119
1908,1,0.22069501876831055,0.7633535861968994,0.01595137268304825
1908,2,0.2231578826904297,0.765632152557373,0.0112099414691329
1909,0,0.04117157682776451,0.05721501260995865,0.9016134738922119
1909,1,0.22069492936134338,0.7633535861968994,0.01595144160091877
1909,2,0.20986254513263702,0.7754337191581726,0.01470365934073925
1910,0,0.04117157682776451,0.05721501260995865,0.9016134738922119
1910,1,0.2206958830356598,0.7633534073829651,0.01595069281756878
1910,2,0.22315876185894012,0.7656315565109253,0.01120968721807003
1911,0,0.04117157682776451,0.05721501260995865,0.9016134738922119
1911,1,0.22069570422172546,0.7633534073829651,0.015950882807374
1911,2,0.22315853834152222,0.7656317353248596,0.011209758929908276
1912,0,0.04117157682776451,0.05721501260995865,0.9016134738922119
1912,1,0.22069546580314636,0.7633535265922546,0.015951009467244148
1912,2,0.22315837442874908,0.7656317949295044,0.01120980829000473
1913,0,0.04117157682776451,0.05721501260995865,0.9016134738922119
1913,1,0.2206958830356598,0.7633534073829651,0.01595069281756878
1913,2,0.22315876185894012,0.7656315565109253,0.01120968721807003
1914,0,0.04117157682776451,0.05721501260995865,0.9016134738922119
1914,1,0.2206948846578598,0.7633536458015442,0.015951495617628098
1914,2,0.22315771877765656,0.7656322121620178,0.011209985241293907
1915,0,0.04117157682776451,0.05721501260995865,0.9016134738922119
1915,1,0.2206955999135971,0.7633534669876099,0.015950918197631836
1915,2,0.22315849363803864,0.7656317353248596,0.011209775693714619
1916,0,0.04117157682776451,0.05721501260995865,0.9016134738922119
1916,1,0.2206939458847046,0.7633538842201233,0.015952227637171745
1916,2,0.22315678000450134,0.7656330466270447,0.011210248805582523
1917,0,0.04117157682776451,0.05721501260995865,0.9016134738922119
1917,1,0.2206958830356598,0.7633534073829651,0.01595069281756878
1917,2,0.22315876185894012,0.7656315565109253,0.01120968721807003
1918,0,0.04117157682776451,0.05721501260995865,0.9016134738922119
1918,1,0.22069501876831055,0.7633535861968994,0.01595137268304825
1918,2,0.2231578826904297,0.765632152557373,0.0112099414691329
1919,0,0.04117157682776451,0.05721501260995865,0.9016134738922119
1919,1,0.22069492936134338,0.7633535861968994,0.01595144160091877
1919,2,0.20986254513263702,0.7754337191581726,0.01470365934073925
1920,0,0.04117157682776451,0.05721501260995865,0.9016134738922119
1920,1,0.2206958830356598,0.7633534073829651,0.01595069281756878
1920,2,0.22315876185894012,0.7656315565109253,0.01120968721807003
1921,0,0.04117157682776451,0.05721501260995865,0.9016134738922119
1921,1,0.22069570422172546,0.7633534073829651,0.015950882807374
1921,2,0.22315853834152222,0.7656317353248596,0.011209758929908276
1922,0,0.04117157682776451,0.05721501260995865,0.9016134738922119
1922,1,0.22069546580314636,0.7633535265922546,0.015951009467244148
1922,2,0.22315837442874908,0.7656317949295044,0.01120980829000473
1923,0,0.04117157682776451,0.05721501260995865,0.9016134738922119
1923,1,0.2206958830356598,0.7633534073829651,0.01595069281756878
1923,2,0.22315876185894012,0.7656315565109253,0.01120968721807003
1924,0,0.04117157682776451,0.05721501260995865,0.9016134738922119
1924,1,0.2206948846578598,0.7633536458015442,0.015951495617628098
1924,2,0.22315771877765656,0.7656322121620178,0.011209985241293907
1925,0,0.04117157682776451,0.05721501260995865,0.9016134738922119
1925,1,0.2206955999135971,0.7633534669876099,0.015950918197631836
1925,2,0.22315849363803864,0.7656317353248596,0.011209775693714619
1926,0,0.04117157682776451,0.05721501260995865,0.9016134738922119
1926,1,0.2206939458847046,0.7633538842201233,0.015952227637171745
1926,2,0.22315678000450134,0.7656330466270447,0.011210248805582523
1927,0,0.04117157682776451,0.05721501260995865,0.9016134738922119
1927,1,0.2206958830356598,0.7633534073829651,0.01595069281756878
1927,2,0.22315876185894012,0.7656315565109253,0.01120968721807003
1928,0,0.04117157682776451,0.05721501260995865,0.9016134738922119
1928,1,0.22069501876831055,0.7633535861968994,0.01595137268304825
1928,2,0.2231578826904297,0.765632152557373,0.0112099414691329
1929,0,0.04117157682776451,0.05721501260995865,0.9016134738922119
1929,1,0.22069492936134338,0.7633535861968994,0.01595144160091877
1929,2,0.20986254513263702,0.7754337191581726,0.01470365934073925
1930,0,0.04117157682776451,0.05721501260995865,0.9016134738922119
1930,1,0.2206958830356598,0.7633534073829651,0.01595069281756878
1930,2,0.22315876185894012,0.7656315565109253,0.01120968721807003
1931,0,0.04117157682776451,0.05721501260995865,0.9016134738922119
1931,1,0.22069570422172546,0.7633534073829651,0.015950882807374
1931,2,0.22315853834152222,0.7656317353248596,0.011209758929908276
1932,0,0.04117157682776451,0.05721501260995865,0.9016134738922119
1932,1,0.22069546580314636,0.7633535265922546,0.015951009467244148
1932,2,0.22315837442874908,0.7656317949295044,0.01120980829000473
1933,0,0.04117157682776451,0.05721501260995865,0.9016134738922119
1933,1,0.2206958830356598,0.7633534073829651,0.01595069281756878
1933,2,0.22315876185894012,0.7656315565109253,0.01120968721807003
1934,0,0.04117157682776451,0.05721501260995865,0.9016134738922119
1934,1,0.2206948846578598,0.7633536458015442,0.015951495617628098
1934,2,0.22315771877765656,0.7656322121620178,0.011209985241293907
1935,0,0.04117157682776451,0.05721501260995865,0.9016134738922119
1935,1,0.2206955999135971,0.7633534669876099,0.015950918197631836
1935,2,0.22315849363803864,0.7656317353248596,0.011209775693714619
1936,0,0.04117157682776451,0.05721501260995865,0.9016134738922119
1936,1,0.2206939458847046,0.7633538842201233,0.015952227637171745
1936,2,0.22315678000450134,0.7656330466270447,0.011210248805582523
1937,0,0.04117157682776451,0.05721501260995865,0.9016134738922119
1937,1,0.2206958830356598,0.7633534073829651,0.01595069281756878
1937,2,0.22315876185894012,0.7656315565109253,0.01120968721807003
1938,0,0.04117157682776451,0.05721501260995865,0.9016134738922119
1938,1,0.22069501876831055,0.7633535861968994,0.01595137268304825
1938,2,0.2231578826904297,0.765632152557373,0.0112099414691329
1939,0,0.04117157682776451,0.05721501260995865,0.9016134738922119
1939,1,0.22069492936134338,0.7633535861968994,0.01595144160091877
1939,2,0.20986254513263702,0.7754337191581726,0.01470365934073925
1940,0,0.04117157682776451,0.05721501260995865,0.9016134738922119
1940,1,0.2206958830356598,0.7633534073829651,0.01595069281756878
1940,2,0.22315876185894012,0.7656315565109253,0.01120968721807003
1941,0,0.04117157682776451,0.05721501260995865,0.9016134738922119
1941,1,0.22069570422172546,0.7633534073829651,0.015950882807374
1941,2,0.22315853834152222,0.7656317353248596,0.011209758929908276
1942,0,0.04117157682776451,0.05721501260995865,0.9016134738922119
1942,1,0.22069546580314636,0.7633535265922546,0.015951009467244148
1942,2,0.22315837442874908,0.7656317949295044,0.01120980829000473
1943,0,0.04117157682776451,0.05721501260995865,0.9016134738922119
1943,1,0.2206958830356598,0.7633534073829651,0.01595069281756878
1943,2,0.22315876185894012,0.7656315565109253,0.01120968721807003
1944,0,0.04117157682776451,0.05721501260995865,0.9016134738922119
1944,1,0.2206948846578598,0.7633536458015442,0.015951495617628098
1944,2,0.22315771877765656,0.7656322121620178,0.011209985241293907
1945,0,0.04117157682776451,0.05721501260995865,0.9016134738922119
1945,1,0.2206955999135971,0.7633534669876099,0.015950918197631836
1945,2,0.22315849363803864,0.7656317353248596,0.011209775693714619
1946,0,0.04117157682776451,0.05721501260995865,0.9016134738922119
1946,1,0.2206939458847046,0.7633538842201233,0.015952227637171745
1946,2,0.22315678000450134,0.7656330466270447,0.011210248805582523
1947,0,0.04117157682776451,0.05721501260995865,0.9016134738922119
1947,1,0.2206958830356598,0.7633534073829651,0.01595069281756878
1947,2,0.22315876185894012,0.7656315565109253,0.01120968721807003
1948,0,0.04117157682776451,0.05721501260995865,0.9016134738922119
1948,1,0.22069501876831055,0.7633535861968994,0.01595137268304825
1948,2,0.2231578826904297,0.765632152557373,0.0112099414691329
1949,0,0.04117157682776451,0.05721501260995865,0.9016134738922119
1949,1,0.22069492936134338,0.7633535861968994,0.01595144160091877
1949,2,0.20986254513263702,0.7754337191581726,0.01470365934073925
1950,0,0.04117157682776451,0.05721501260995865,0.9016134738922119
1950,1,0.2206958830356598,0.7633534073829651,0.01595069281756878
1950,2,0.22315876185894012,0.7656315565109253,0.01120968721807003
1951,0,0.04117157682776451,0.05721501260995865,0.9016134738922119
1951,1,0.22069570422172546,0.7633534073829651,0.015950882807374
1951,2,0.22315853834152222,0.7656317353248596,0.011209758929908276
1952,0,0.04117157682776451,0.05721501260995865,0.9016134738922119
1952,1,0.22069546580314636,0.7633535265922546,0.015951009467244148
1952,2,0.22315837442874908,0.7656317949295044,0.01120980829000473
1953,0,0.04117157682776451,0.05721501260995865,0.9016134738922119
1953,1,0.2206958830356598,0.7633534073829651,0.01595069281756878
1953,2,0.22315876185894012,0.7656315565109253,0.01120968721807003
1954,0,0.04117157682776451,0.05721501260995865,0.9016134738922119
1954,1,0.2206948846578598,0.7633536458015442,0.015951495617628098
1954,2,0.22315771877765656,0.7656322121620178,0.011209985241293907
1955,0,0.04117157682776451,0.05721501260995865,0.9016134738922119
1955,1,0.2206955999135971,0.7633534669876099,0.015950918197631836
1955,2,0.22315849363803864,0.7656317353248596,0.011209775693714619
1956,0,0.04117157682776451,0.05721501260995865,0.9016134738922119
1956,1,0.2206939458847046,0.7633538842201233,0.015952227637171745
1956,2,0.22315678000450134,0.7656330466270447,0.011210248805582523
1957,0,0.04117157682776451,0.05721501260995865,0.9016134738922119
1957,1,0.2206958830356598,0.7633534073829651,0.01595069281756878
1957,2,0.22315876185894012,0.7656315565109253,0.01120968721807003
1958,0,0.04117157682776451,0.05721501260995865,0.9016134738922119
1958,1,0.22069501876831055,0.7633535861968994,0.01595137268304825
1958,2,0.2231578826904297,0.765632152557373,0.0112099414691329
1959,0,0.04117157682776451,0.05721501260995865,0.9016134738922119
1959,1,0.22069492936134338,0.7633535861968994,0.01595144160091877
1959,2,0.20986254513263702,0.7754337191581726,0.01470365934073925
1960,0,0.04117157682776451,0.05721501260995865,0.9016134738922119
1960,1,0.2206958830356598,0.7633534073829651,0.01595069281756878
1960,2,0.22315876185894012,0.7656315565109253,0.01120968721807003
1961,0,0.04117157682776451,0.05721501260995865,0.9016134738922119
1961,1,0.22069570422172546,0.7633534073829651,0.015950882807374
1961,2,0.22315853834152222,0.7656317353248596,0.011209758929908276
1962,0,0.04117157682776451,0.05721501260995865,0.9016134738922119
1962,1,0.22069546580314636,0.7633535265922546,0.015951009467244148
1962,2,0.2867697477340698,0.7010365128517151,0.012193712405860424
1963,0,0.0393206886947155,0.05618273839354515,0.9044966101646423
1963,1,0.2897952198982239,0.6918178796768188,0.018386833369731903
1963,2,0.28686901926994324,0.700721263885498,0.012409764342010021
1964,0,0.0393206886947155,0.05618273839354515,0.9044966101646423
1964,1,0.2897936999797821,0.6918180584907532,0.018388280645012856
1964,2,0.2868674695491791,0.7007222175598145,0.012410284020006657
1965,0,0.0393206886947155,0.05618273839354515,0.9044966101646423
1965,1,0.28979459404945374,0.6918179392814636,0.01838739588856697
1965,2,0.2696068286895752,0.713097095489502,0.01729612983763218
1966,0,0.0393206886947155,0.05618273839354515,0.9044966101646423
1966,1,0.2897952198982239,0.6918178796768188,0.018386833369731903
1966,2,0.28686901926994324,0.700721263885498,0.012409764342010021
1967,0,0.0393206886947155,0.05618273839354515,0.9044966101646423
1967,1,0.2897952198982239,0.6918178796768188,0.018386833369731903
1967,2,0.28686901926994324,0.700721263885498,0.012409764342010021
1968,0,0.0393206886947155,0.05618273839354515,0.9044966101646423
1968,1,0.2897939383983612,0.6918179988861084,0.01838807202875614
1968,2,0.28686773777008057,0.7007220387458801,0.01241021603345871
1969,0,0.0393206886947155,0.05618273839354515,0.9044966101646423
1969,1,0.2897952198982239,0.6918178796768188,0.018386833369731903
1969,2,0.26960766315460205,0.7130967974662781,0.017295554280281067
1970,0,0.0393206886947155,0.05618273839354515,0.9044966101646423
1970,1,0.2897952198982239,0.6918178796768188,0.018386833369731903
1970,2,0.28686901926994324,0.700721263885498,0.012409764342010021
1971,0,0.0393206886947155,0.05618273839354515,0.9044966101646423
1971,1,0.2897952198982239,0.6918178796768188,0.018386833369731903
1971,2,0.28686901926994324,0.700721263885498,0.012409764342010021
1972,0,0.0393206886947155,0.05618273839354515,0.9044966101646423
1972,1,0.28979453444480896,0.6918179392814636,0.018387483432888985
1972,2,0.2868683338165283,0.7007217407226562,0.012410003691911697
1973,0,0.0393206886947155,0.05618273839354515,0.9044966101646423
1973,1,0.2897952198982239,0.6918178796768188,0.018386833369731903
1973,2,0.28686901926994324,0.700721263885498,0.012409764342010021
1974,0,0.0393206886947155,0.05618273839354515,0.9044966101646423
1974,1,0.28979480266571045,0.6918179392814636,0.018387265503406525
1974,2,0.28686854243278503,0.7007215619087219,0.012409917078912258
1975,0,0.0393206886947155,0.05618273839354515,0.9044966101646423
1975,1,0.28979435563087463,0.6918179988861084,0.018387695774435997
1975,2,0.2696063816547394,0.7130972146987915,0.01729643903672695
1976,0,0.0393206886947155,0.05618273839354515,0.9044966101646423
1976,1,0.2897952198982239,0.6918178796768188,0.018386833369731903
1976,2,0.28686901926994324,0.700721263885498,0.012409764342010021
1977,0,0.0393206886947155,0.05618273839354515,0.9044966101646423
1977,1,0.2897944152355194,0.6918179392814636,0.018387561663985252
1977,2,0.28686821460723877,0.700721800327301,0.01241002231836319
1978,0,0.0393206886947155,0.05618273839354515,0.9044966101646423
1978,1,0.28979021310806274,0.691818356513977,0.018391484394669533
1978,2,0.2868642508983612,0.7007243037223816,0.012411457486450672
1979,0,0.0393206886947155,0.05618273839354515,0.9044966101646423
1979,1,0.2897952198982239,0.6918178796768188,0.018386833369731903
1979,2,0.26960766315460205,0.7130967974662781,0.017295554280281067
1980,0,0.0393206886947155,0.05618273839354515,0.9044966101646423
1980,1,0.2897952198982239,0.6918178796768188,0.018386833369731903
1980,2,0.28686901926994324,0.700721263885498,0.012409764342010021
1981,0,0.0393206886947155,0.05618273839354515,0.9044966101646423
1981,1,0.2897952198982239,0.6918178796768188,0.018386833369731903
1981,2,0.28686901926994324,0.700721263885498,0.012409764342010021
1982,0,0.0393206886947155,0.05618273839354515,0.9044966101646423
1982,1,0.28979453444480896,0.6918179392814636,0.018387483432888985
1982,2,0.2868683338165283,0.7007217407226562,0.012410003691911697
1983,0,0.0393206886947155,0.05618273839354515,0.9044966101646423
1983,1,0.2897952198982239,0.6918178796768188,0.018386833369731903
1983,2,0.28686901926994324,0.700721263885498,0.012409764342010021
1984,0,0.0393206886947155,0.05618273839354515,0.9044966101646423
1984,1,0.28979480266571045,0.6918179392814636,0.018387265503406525
1984,2,0.28686854243278503,0.7007215619087219,0.012409917078912258
1985,0,0.0393206886947155,0.05618273839354515,0.9044966101646423
1985,1,0.28979435563087463,0.6918179988861084,0.018387695774435997
1985,2,0.2696063816547394,0.7130972146987915,0.01729643903672695
1986,0,0.0393206886947155,0.05618273839354515,0.9044966101646423
1986,1,0.2897952198982239,0.6918178796768188,0.018386833369731903
1986,2,0.28686901926994324,0.700721263885498,0.012409764342010021
1987,0,0.0393206886947155,0.05618273839354515,0.9044966101646423
1987,1,0.2897944152355194,0.6918179392814636,0.018387561663985252
1987,2,0.28686821460723877,0.700721800327301,0.01241002231836319
1988,0,0.0393206886947155,0.05618273839354515,0.9044966101646423
1988,1,0.28979021310806274,0.691818356513977,0.018391484394669533
1988,2,0.2868642508983612,0.7007243037223816,0.012411457486450672
1989,0,0.0393206886947155,0.05618273839354515,0.9044966101646423
1989,1,0.2897952198982239,0.6918178796768188,0.018386833369731903
1989,2,0.26960766315460205,0.7130967974662781,0.017295554280281067
1990,0,0.0393206886947155,0.05618273839354515,0.9044966101646423
1990,1,0.2897952198982239,0.6918178796768188,0.018386833369731903
1990,2,0.28686901926994324,0.700721263885498,0.012409764342010021
1991,0,0.0393206886947155,0.05618273839354515,0.9044966101646423
1991,1,0.2897952198982239,0.6918178796768188,0.018386833369731903
1991,2,0.28686901926994324,0.700721263885498,0.012409764342010021
1992,0,0.0393206886947155,0.05618273839354515,0.9044966101646423
1992,1,0.28979453444480896,0.6918179392814636,0.018387483432888985
1992,2,0.2868683338165283,0.7007217407226562,0.012410003691911697
1993,0,0.0393206886947155,0.05618273839354515,0.9044966101646423
1993,1,0.2897952198982239,0.6918178796768188,0.018386833369731903
1993,2,0.28686901926994324,0.700721263885498,0.012409764342010021
1994,0,0.0393206886947155,0.05618273839354515,0.9044966101646423
1994,1,0.28979480266571045,0.6918179392814636,0.018387265503406525
1994,2,0.28686854243278503,0.7007215619087219,0.012409917078912258
1995,0,0.0393206886947155,0.05618273839354515,0.9044966101646423
1995,1,0.28979435563087463,0.6918179988861084,0.018387695774435997
1995,2,0.2696063816547394,0.7130972146987915,0.01729643903672695
1996,0,0.0393206886947155,0.05618273839354515,0.9044966101646423
1996,1,0.2897952198982239,0.6918178796768188,0.018386833369731903
1996,2,0.28686901926994324,0.700721263885498,0.012409764342010021
1997,0,0.0393206886947155,0.05618273839354515,0.9044966101646423
1997,1,0.2897944152355194,0.6918179392814636,0.018387561663985252
1997,2,0.28686821460723877,0.700721800327301,0.01241002231836319
1998,0,0.0393206886947155,0.05618273839354515,0.9044966101646423
1998,1,0.28979021310806274,0.691818356513977,0.018391484394669533
1998,2,0.2868642508983612,0.7007243037223816,0.012411457486450672
1999,0,0.0393206886947155,0.05618273839354515,0.9044966101646423
1999,1,0.2897952198982239,0.6918178796768188,0.018386833369731903
1999,2,0.26960766315460205,0.7130967974662781,0.017295554280281067
2000,0,0.0393206886947155,0.05618273839354515,0.9044966101646423
2000,1,0.2897952198982239,0.6918178796768188,0.018386833369731903
2000,2,0.28686901926994324,0.700721263885498,0.012409764342010021
2001,0,0.0393206886947155,0.05618273839354515,0.9044966101646423
2001,1,0.2897952198982239,0.6918178796768188,0.018386833369731903
2001,2,0.28686901926994324,0.700721263885498,0.012409764342010021
2002,0,0.0393206886947155,0.05618273839354515,0.9044966101646423
2002,1,0.28979453444480896,0.6918179392814636,0.018387483432888985
2002,2,0.2868683338165283,0.7007217407226562,0.012410003691911697
2003,0,0.0393206886947155,0.05618273839354515,0.9044966101646423
2003,1,0.2897952198982239,0.6918178796768188,0.018386833369731903
2003,2,0.28686901926994324,0.700721263885498,0.012409764342010021
2004,0,0.0393206886947155,0.05618273839354515,0.9044966101646423
2004,1,0.28979480266571045,0.6918179392814636,0.018387265503406525
2004,2,0.28686854243278503,0.7007215619087219,0.012409917078912258
2005,0,0.0393206886947155,0.05618273839354515,0.9044966101646423
2005,1,0.28979435563087463,0.6918179988861084,0.018387695774435997
2005,2,0.2696063816547394,0.7130972146987915,0.01729643903672695
2006,0,0.0393206886947155,0.05618273839354515,0.9044966101646423
2006,1,0.2897952198982239,0.6918178796768188,0.018386833369731903
2006,2,0.28686901926994324,0.700721263885498,0.012409764342010021
2007,0,0.0393206886947155,0.05618273839354515,0.9044966101646423
2007,1,0.2897944152355194,0.6918179392814636,0.018387561663985252
2007,2,0.28686821460723877,0.700721800327301,0.01241002231836319
2008,0,0.0393206886947155,0.05618273839354515,0.9044966101646423
2008,1,0.28979021310806274,0.691818356513977,0.018391484394669533
2008,2,0.2868642508983612,0.7007243037223816,0.012411457486450672
2009,0,0.0393206886947155,0.05618273839354515,0.9044966101646423
2009,1,0.2897952198982239,0.6918178796768188,0.018386833369731903
2009,2,0.26960766315460205,0.7130967974662781,0.017295554280281067
2010,0,0.0393206886947155,0.05618273839354515,0.9044966101646423
2010,1,0.2897952198982239,0.6918178796768188,0.018386833369731903
2010,2,0.28686901926994324,0.700721263885498,0.012409764342010021
2011,0,0.0393206886947155,0.05618273839354515,0.9044966101646423
2011,1,0.2897952198982239,0.6918178796768188,0.018386833369731903
2011,2,0.28686901926994324,0.700721263885498,0.012409764342010021
2012,0,0.0393206886947155,0.05618273839354515,0.9044966101646423
2012,1,0.28979453444480896,0.6918179392814636,0.018387483432888985
2012,2,0.2868683338165283,0.7007217407226562,0.012410003691911697
2013,0,0.0393206886947155,0.05618273839354515,0.9044966101646423
2013,1,0.2897952198982239,0.6918178796768188,0.018386833369731903
2013,2,0.28686901926994324,0.700721263885498,0.012409764342010021
2014,0,0.0393206886947155,0.05618273839354515,0.9044966101646423
2014,1,0.28979480266571045,0.6918179392814636,0.018387265503406525
2014,2,0.28686854243278503,0.7007215619087219,0.012409917078912258
2015,0,0.0393206886947155,0.05618273839354515,0.9044966101646423
2015,1,0.28979435563087463,0.6918179988861084,0.018387695774435997
2015,2,0.2696063816547394,0.7130972146987915,0.01729643903672695
2016,0,0.0393206886947155,0.05618273839354515,0.9044966101646423
2016,1,0.2897952198982239,0.6918178796768188,0.018386833369731903
2016,2,0.28686901926994324,0.700721263885498,0.012409764342010021
2017,0,0.0393206886947155,0.05618273839354515,0.9044966101646423
2017,1,0.2897944152355194,0.6918179392814636,0.018387561663985252
2017,2,0.28686821460723877,0.700721800327301,0.01241002231836319
2018,0,0.0393206886947155,0.05618273839354515,0.9044966101646423
2018,1,0.28979021310806274,0.691818356513977,0.018391484394669533
2018,2,0.2868642508983612,0.7007243037223816,0.012411457486450672
2019,0,0.0393206886947155,0.05618273839354515,0.9044966101646423
2019,1,0.2897952198982239,0.6918178796768188,0.018386833369731903
2019,2,0.26960766315460205,0.7130967974662781,0.017295554280281067
2020,0,0.0393206886947155,0.05618273839354515,0.9044966101646423
2020,1,0.2897952198982239,0.6918178796768188,0.018386833369731903
2020,2,0.28686901926994324,0.700721263885498,0.012409764342010021
2021,0,0.0393206886947155,0.05618273839354515,0.9044966101646423
2021,1,0.2897952198982239,0.6918178796768188,0.018386833369731903
2021,2,0.28686901926994324,0.700721263885498,0.012409764342010021
2022,0,0.0393206886947155,0.05618273839354515,0.9044966101646423
2022,1,0.28979453444480896,0.6918179392814636,0.018387483432888985
2022,2,0.2868683338165283,0.7007217407226562,0.012410003691911697
2023,0,0.0393206886947155,0.05618273839354515,0.9044966101646423
2023,1,0.2897952198982239,0.6918178796768188,0.018386833369731903
2023,2,0.28686901926994324,0.700721263885498,0.012409764342010021
2024,0,0.0393206886947155,0.05618273839354515,0.9044966101646423
2024,1,0.28979480266571045,0.6918179392814636,0.018387265503406525
2024,2,0.28686854243278503,0.7007215619087219,0.012409917078912258
2025,0,0.0393206886947155,0.05618273839354515,0.9044966101646423
2025,1,0.28979435563087463,0.6918179988861084,0.018387695774435997
2025,2,0.2696063816547394,0.7130972146987915,0.01729643903672695
2026,0,0.0393206886947155,0.05618273839354515,0.9044966101646423
2026,1,0.2897952198982239,0.6918178796768188,0.018386833369731903
2026,2,0.28686901926994324,0.700721263885498,0.012409764342010021
2027,0,0.0393206886947155,0.05618273839354515,0.9044966101646423
2027,1,0.2897944152355194,0.6918179392814636,0.018387561663985252
2027,2,0.28686821460723877,0.700721800327301,0.01241002231836319
2028,0,0.0393206886947155,0.05618273839354515,0.9044966101646423
2028,1,0.28979021310806274,0.691818356513977,0.018391484394669533
2028,2,0.2868642508983612,0.7007243037223816,0.012411457486450672
2029,0,0.0393206886947155,0.05618273839354515,0.9044966101646423
2029,1,0.2897952198982239,0.6918178796768188,0.018386833369731903
2029,2,0.26960766315460205,0.7130967974662781,0.017295554280281067
2030,0,0.0393206886947155,0.05618273839354515,0.9044966101646423
2030,1,0.2897952198982239,0.6918178796768188,0.018386833369731903
2030,2,0.28686901926994324,0.700721263885498,0.012409764342010021
2031,0,0.0393206886947155,0.05618273839354515,0.9044966101646423
2031,1,0.2897952198982239,0.6918178796768188,0.018386833369731903
2031,2,0.28686901926994324,0.700721263885498,0.012409764342010021
2032,0,0.0393206886947155,0.05618273839354515,0.9044966101646423
2032,1,0.28979453444480896,0.6918179392814636,0.018387483432888985
2032,2,0.2868683338165283,0.7007217407226562,0.012410003691911697
2033,0,0.0393206886947155,0.05618273839354515,0.9044966101646423
2033,1,0.2897952198982239,0.6918178796768188,0.018386833369731903
2033,2,0.28686901926994324,0.700721263885498,0.012409764342010021
2034,0,0.0393206886947155,0.05618273839354515,0.9044966101646423
2034,1,0.28979480266571045,0.6918179392814636,0.018387265503406525
2034,2,0.28686854243278503,0.7007215619087219,0.012409917078912258
2035,0,0.0393206886947155,0.05618273839354515,0.9044966101646423
2035,1,0.28979435563087463,0.6918179988861084,0.018387695774435997
2035,2,0.2696063816547394,0.7130972146987915,0.01729643903672695
2036,0,0.0393206886947155,0.05618273839354515,0.9044966101646423
2036,1,0.2897952198982239,0.6918178796768188,0.018386833369731903
2036,2,0.28686901926994324,0.700721263885498,0.012409764342010021
2037,0,0.0393206886947155,0.05618273839354515,0.9044966101646423
2037,1,0.2897944152355194,0.6918179392814636,0.018387561663985252
2037,2,0.28686821460723877,0.700721800327301,0.01241002231836319
2038,0,0.0393206886947155,0.05618273839354515,0.9044966101646423
2038,1,0.28979021310806274,0.691818356513977,0.018391484394669533
2038,2,0.2868642508983612,0.7007243037223816,0.012411457486450672
2039,0,0.0393206886947155,0.05618273839354515,0.9044966101646423
2039,1,0.2897952198982239,0.6918178796768188,0.018386833369731903
2039,2,0.26960766315460205,0.7130967974662781,0.017295554280281067
2040,0,0.0393206886947155,0.05618273839354515,0.9044966101646423
2040,1,0.2897952198982239,0.6918178796768188,0.018386833369731903
2040,2,0.28686901926994324,0.700721263885498,0.012409764342010021
2041,0,0.0393206886947155,0.05618273839354515,0.9044966101646423
2041,1,0.2897952198982239,0.6918178796768188,0.018386833369731903
2041,2,0.28686901926994324,0.700721263885498,0.012409764342010021
2042,0,0.0393206886947155,0.05618273839354515,0.9044966101646423
2042,1,0.28979453444480896,0.6918179392814636,0.018387483432888985
2042,2,0.2868683338165283,0.7007217407226562,0.012410003691911697
2043,0,0.0393206886947155,0.05618273839354515,0.9044966101646423
2043,1,0.2897952198982239,0.6918178796768188,0.018386833369731903
2043,2,0.28686901926994324,0.700721263885498,0.012409764342010021
2044,0,0.0393206886947155,0.05618273839354515,0.9044966101646423
2044,1,0.28979480266571045,0.6918179392814636,0.018387265503406525
2044,2,0.28686854243278503,0.7007215619087219,0.012409917078912258
2045,0,0.0393206886947155,0.05618273839354515,0.9044966101646423
2045,1,0.28979435563087463,0.6918179988861084,0.018387695774435997
2045,2,0.2696063816547394,0.7130972146987915,0.01729643903672695
2046,0,0.0393206886947155,0.05618273839354515,0.9044966101646423
2046,1,0.2897952198982239,0.6918178796768188,0.018386833369731903
2046,2,0.28686901926994324,0.700721263885498,0.012409764342010021
2047,0,0.0393206886947155,0.05618273839354515,0.9044966101646423
2047,1,0.2897944152355194,0.6918179392814636,0.018387561663985252
2047,2,0.28686821460723877,0.700721800327301,0.01241002231836319
2048,0,0.045111555606126785,0.04948924854397774,0.9053992033004761
2048,1,0.1287609487771988,0.8486316204071045,0.02260749228298664
2048,2,0.11524292081594467,0.8693332672119141,0.015423743985593319
2049,0,0.045111555606126785,0.04948924854397774,0.9053992033004761
2049,1,0.1287592202425003,0.8486393094062805,0.02260139212012291
2049,2,0.11044534295797348,0.8671426773071289,0.022411920130252838
2050,0,0.045111555606126785,0.04948924854397774,0.9053992033004761
2050,1,0.1287592202425003,0.8486393094062805,0.02260139212012291
2050,2,0.11524364352226257,0.8693349957466125,0.015421370044350624
2051,0,0.045111555606126785,0.04948924854397774,0.9053992033004761
2051,1,0.1287592202425003,0.8486393094062805,0.02260139212012291
2051,2,0.11524364352226257,0.8693349957466125,0.015421370044350624
2052,0,0.045111555606126785,0.04948924854397774,0.9053992033004761
2052,1,0.1287594437599182,0.8486382961273193,0.022602248936891556
2052,2,0.11524355411529541,0.8693346977233887,0.015421710908412933
2053,0,0.045111555606126785,0.04948924854397774,0.9053992033004761
2053,1,0.1287592202425003,0.8486393094062805,0.02260139212012291
2053,2,0.11524364352226257,0.8693349957466125,0.015421370044350624
2054,0,0.045111555606126785,0.04948924854397774,0.9053992033004761
2054,1,0.12875936925411224,0.8486387133598328,0.022601958364248276
2054,2,0.1152435690164566,0.8693348169326782,0.015421594493091106
2055,0,0.045111555606126785,0.04948924854397774,0.9053992033004761
2055,1,0.12875951826572418,0.8486379384994507,0.022602519020438194
2055,2,0.11524354666471481,0.8693346381187439,0.015421811491250992
2056,0,0.045111555606126785,0.04948924854397774,0.9053992033004761
2056,1,0.12875939905643463,0.8486385345458984,0.02260201796889305
2056,2,0.1152435690164566,0.8693348169326782,0.015421624295413494
2057,0,0.045111555606126785,0.04948924854397774,0.9053992033004761
2057,1,0.1287592202425003,0.8486393094062805,0.02260139212012291
2057,2,0.11524364352226257,0.8693349957466125,0.015421370044350624
2058,0,0.045111555606126785,0.04948924854397774,0.9053992033004761
2058,1,0.1287604123353958,0.8486338257789612,0.022605687379837036
2058,2,0.11524311453104019,0.869333803653717,0.015423047356307507
2059,0,0.045111555606126785,0.04948924854397774,0.9053992033004761
2059,1,0.12875936925411224,0.8486387133598328,0.022601937875151634
2059,2,0.11044537276029587,0.8671421408653259,0.02241249941289425
2060,0,0.045111555606126785,0.04948924854397774,0.9053992033004761
2060,1,0.1287592202425003,0.8486393094062805,0.02260139212012291
2060,2,0.11524364352226257,0.8693349957466125,0.015421370044350624
2061,0,0.045111555606126785,0.04948924854397774,0.9053992033004761
2061,1,0.12875932455062866,0.8486390113830566,0.022601690143346786
2061,2,0.11524360626935959,0.869334876537323,0.015421479009091854
2062,0,0.045111555606126785,0.04948924854397774,0.9053992033004761
2062,1,0.1287592202425003,0.8486393094062805,0.02260139212012291
2062,2,0.11524364352226257,0.8693349957466125,0.015421370044350624
2063,0,0.045111555606126785,0.04948924854397774,0.9053992033004761
2063,1,0.1287592202425003,0.8486393094062805,0.02260139212012291
2063,2,0.11524364352226257,0.8693349957466125,0.015421370044350624
2064,0,0.045111555606126785,0.04948924854397774,0.9053992033004761
2064,1,0.1287592202425003,0.8486393094062805,0.02260139212012291
2064,2,0.11524364352226257,0.8693349957466125,0.015421370044350624
2065,0,0.045111555606126785,0.04948924854397774,0.9053992033004761
2065,1,0.12875939905643463,0.8486385345458984,0.022602055221796036
2065,2,0.1152435690164566,0.8693348169326782,0.015421631745994091
2066,0,0.045111555606126785,0.04948924854397774,0.9053992033004761
2066,1,0.12875935435295105,0.8486387133598328,0.022601904347538948
2066,2,0.1152435690164566,0.8693348169326782,0.015421580523252487
2067,0,0.045111555606126785,0.04948924854397774,0.9053992033004761
2067,1,0.12875932455062866,0.8486388325691223,0.022601842880249023
2067,2,0.11524362117052078,0.8693348169326782,0.0154215507209301
2068,0,0.045111555606126785,0.04948924854397774,0.9053992033004761
2068,1,0.12875989079475403,0.8486363291740417,0.022603781893849373
2068,2,0.1152433380484581,0.86933434009552,0.015422306954860687
2069,0,0.045111555606126785,0.04948924854397774,0.9053992033004761
2069,1,0.12876199185848236,0.8486267328262329,0.022611314430832863
2069,2,0.1104460060596466,0.8671313524246216,0.02242259494960308
2070,0,0.045111555606126785,0.04948924854397774,0.9053992033004761
2070,1,0.1287592202425003,0.8486393094062805,0.02260139212012291
2070,2,0.11524364352226257,0.8693349957466125,0.015421370044350624
2071,0,0.045111555606126785,0.04948924854397774,0.9053992033004761
2071,1,0.12875932455062866,0.8486390113830566,0.022601701319217682
2071,2,0.11524360626935959,0.869334876537323,0.015421492047607899
2072,0,0.045111555606126785,0.04948924854397774,0.9053992033004761
2072,1,0.12875932455062866,0.8486388325691223,0.022601822391152382
2072,2,0.11524362117052078,0.8693348169326782,0.015421543270349503
2073,0,0.045111555606126785,0.04948924854397774,0.9053992033004761
2073,1,0.1287592202425003,0.8486393094062805,0.02260139212012291
2073,2,0.11524364352226257,0.8693349957466125,0.015421370044350624
2074,0,0.045111555606126785,0.04948924854397774,0.9053992033004761
2074,1,0.12875936925411224,0.8486387133598328,0.022601958364248276
2074,2,0.1152435690164566,0.8693348169326782,0.015421594493091106
2075,0,0.045111555606126785,0.04948924854397774,0.9053992033004761
2075,1,0.12875932455062866,0.8486388325691223,0.022601822391152382
2075,2,0.11524362117052078,0.8693348169326782,0.015421543270349503
2076,0,0.045111555606126785,0.04948924854397774,0.9053992033004761
2076,1,0.12875939905643463,0.8486385345458984,0.022602034732699394
2076,2,0.1152435690164566,0.8693348169326782,0.015421624295413494
2077,0,0.045111555606126785,0.04948924854397774,0.9053992033004761
2077,1,0.12875938415527344,0.8486384749412537,0.02260207012295723
2077,2,0.1152435690164566,0.8693348169326782,0.015421638265252113
2078,0,0.045111555606126785,0.04948924854397774,0.9053992033004761
2078,1,0.12875977158546448,0.8486368656158447,0.022603385150432587
2078,2,0.11524342000484467,0.8693344593048096,0.015422155149281025
2079,0,0.045111555606126785,0.04948924854397774,0.9053992033004761
2079,1,0.12875965237617493,0.8486373424530029,0.022602960467338562
2079,2,0.11044543981552124,0.8671409487724304,0.022413605824112892
2080,0,0.045111555606126785,0.04948924854397774,0.9053992033004761
2080,1,0.1287592202425003,0.8486393094062805,0.02260139212012291
2080,2,0.11524364352226257,0.8693349957466125,0.015421370044350624
2081,0,0.045111555606126785,0.04948924854397774,0.9053992033004761
2081,1,0.12875932455062866,0.8486390113830566,0.022601701319217682
2081,2,0.11524360626935959,0.869334876537323,0.015421492047607899
2082,0,0.045111555606126785,0.04948924854397774,0.9053992033004761
2082,1,0.12875932455062866,0.8486388325691223,0.022601822391152382
2082,2,0.11524362117052078,0.8693348169326782,0.015421543270349503
2083,0,0.045111555606126785,0.04948924854397774,0.9053992033004761
2083,1,0.1287592202425003,0.8486393094062805,0.02260139212012291
2083,2,0.11524364352226257,0.8693349957466125,0.015421370044350624
2084,0,0.045111555606126785,0.04948924854397774,0.9053992033004761
2084,1,0.12875936925411224,0.8486387133598328,0.022601958364248276
2084,2,0.1152435690164566,0.8693348169326782,0.015421594493091106
2085,0,0.045111555606126785,0.04948924854397774,0.9053992033004761
2085,1,0.12875932455062866,0.8486388325691223,0.022601822391152382
2085,2,0.11524362117052078,0.8693348169326782,0.015421543270349503
2086,0,0.045111555606126785,0.04948924854397774,0.9053992033004761
2086,1,0.12875939905643463,0.8486385345458984,0.022602034732699394
2086,2,0.1152435690164566,0.8693348169326782,0.015421624295413494
2087,0,0.045111555606126785,0.04948924854397774,0.9053992033004761
2087,1,0.12875938415527344,0.8486384749412537,0.02260207012295723
2087,2,0.1152435690164566,0.8693348169326782,0.015421638265252113
2088,0,0.045111555606126785,0.04948924854397774,0.9053992033004761
2088,1,0.12875977158546448,0.8486368656158447,0.022603385150432587
2088,2,0.11524342000484467,0.8693344593048096,0.015422155149281025
2089,0,0.045111555606126785,0.04948924854397774,0.9053992033004761
2089,1,0.12875965237617493,0.8486373424530029,0.022602960467338562
2089,2,0.11044543981552124,0.8671409487724304,0.022413605824112892
2090,0,0.045111555606126785,0.04948924854397774,0.9053992033004761
2090,1,0.1287592202425003,0.8486393094062805,0.02260139212012291
2090,2,0.11524364352226257,0.8693349957466125,0.015421370044350624
2091,0,0.045111555606126785,0.04948924854397774,0.9053992033004761
2091,1,0.12875932455062866,0.8486390113830566,0.022601701319217682
2091,2,0.11524360626935959,0.869334876537323,0.015421492047607899
2092,0,0.045111555606126785,0.04948924854397774,0.9053992033004761
2092,1,0.12875932455062866,0.8486388325691223,0.022601822391152382
2092,2,0.11524362117052078,0.8693348169326782,0.015421543270349503
2093,0,0.045111555606126785,0.04948924854397774,0.9053992033004761
2093,1,0.1287592202425003,0.8486393094062805,0.02260139212012291
2093,2,0.11524364352226257,0.8693349957466125,0.015421370044350624
2094,0,0.045111555606126785,0.04948924854397774,0.9053992033004761
2094,1,0.12875936925411224,0.8486387133598328,0.022601958364248276
2094,2,0.1152435690164566,0.8693348169326782,0.015421594493091106
2095,0,0.045111555606126785,0.04948924854397774,0.9053992033004761
2095,1,0.12875932455062866,0.8486388325691223,0.022601822391152382
2095,2,0.11524362117052078,0.8693348169326782,0.015421543270349503
2096,0,0.045111555606126785,0.04948924854397774,0.9053992033004761
2096,1,0.12875939905643463,0.8486385345458984,0.022602034732699394
2096,2,0.1152435690164566,0.8693348169326782,0.015421624295413494
2097,0,0.045111555606126785,0.04948924854397774,0.9053992033004761
2097,1,0.12875938415527344,0.8486384749412537,0.02260207012295723
2097,2,0.1152435690164566,0.8693348169326782,0.015421638265252113
2098,0,0.045111555606126785,0.04948924854397774,0.9053992033004761
2098,1,0.12875977158546448,0.8486368656158447,0.022603385150432587
2098,2,0.11524342000484467,0.8693344593048096,0.015422155149281025
2099,0,0.045111555606126785,0.04948924854397774,0.9053992033004761
2099,1,0.12875965237617493,0.8486373424530029,0.022602960467338562
2099,2,0.11044543981552124,0.8671409487724304,0.022413605824112892
2100,0,0.045111555606126785,0.04948924854397774,0.9053992033004761
2100,1,0.1287592202425003,0.8486393094062805,0.02260139212012291
2100,2,0.11524364352226257,0.8693349957466125,0.015421370044350624
2101,0,0.045111555606126785,0.04948924854397774,0.9053992033004761
2101,1,0.12875932455062866,0.8486390113830566,0.022601701319217682
2101,2,0.11524360626935959,0.869334876537323,0.015421492047607899
2102,0,0.045111555606126785,0.04948924854397774,0.9053992033004761
2102,1,0.12875932455062866,0.8486388325691223,0.022601822391152382
2102,2,0.11524362117052078,0.8693348169326782,0.015421543270349503
2103,0,0.045111555606126785,0.04948924854397774,0.9053992033004761
2103,1,0.1287592202425003,0.8486393094062805,0.02260139212012291
2103,2,0.11524364352226257,0.8693349957466125,0.015421370044350624
2104,0,0.045111555606126785,0.04948924854397774,0.9053992033004761
2104,1,0.12875936925411224,0.8486387133598328,0.022601958364248276
2104,2,0.1152435690164566,0.8693348169326782,0.015421594493091106
2105,0,0.045111555606126785,0.04948924854397774,0.9053992033004761
2105,1,0.12875932455062866,0.8486388325691223,0.022601822391152382
2105,2,0.11524362117052078,0.8693348169326782,0.015421543270349503
2106,0,0.045111555606126785,0.04948924854397774,0.9053992033004761
2106,1,0.12875939905643463,0.8486385345458984,0.022602034732699394
2106,2,0.1152435690164566,0.8693348169326782,0.015421624295413494
2107,0,0.045111555606126785,0.04948924854397774,0.9053992033004761
2107,1,0.12875938415527344,0.8486384749412537,0.02260207012295723
2107,2,0.1152435690164566,0.8693348169326782,0.015421638265252113
2108,0,0.045111555606126785,0.04948924854397774,0.9053992033004761
2108,1,0.12875977158546448,0.8486368656158447,0.022603385150432587
2108,2,0.11524342000484467,0.8693344593048096,0.015422155149281025
2109,0,0.045111555606126785,0.04948924854397774,0.9053992033004761
2109,1,0.12875965237617493,0.8486373424530029,0.022602960467338562
2109,2,0.11044543981552124,0.8671409487724304,0.022413605824112892
2110,0,0.045111555606126785,0.04948924854397774,0.9053992033004761
2110,1,0.1287592202425003,0.8486393094062805,0.02260139212012291
2110,2,0.11524364352226257,0.8693349957466125,0.015421370044350624
2111,0,0.045111555606126785,0.04948924854397774,0.9053992033004761
2111,1,0.12875932455062866,0.8486390113830566,0.022601701319217682
2111,2,0.11524360626935959,0.869334876537323,0.015421492047607899
2112,0,0.045111555606126785,0.04948924854397774,0.9053992033004761
2112,1,0.12875932455062866,0.8486388325691223,0.022601822391152382
2112,2,0.11524362117052078,0.8693348169326782,0.015421543270349503
2113,0,0.045111555606126785,0.04948924854397774,0.9053992033004761
2113,1,0.1287592202425003,0.8486393094062805,0.02260139212012291
2113,2,0.11524364352226257,0.8693349957466125,0.015421370044350624
2114,0,0.045111555606126785,0.04948924854397774,0.9053992033004761
2114,1,0.12875936925411224,0.8486387133598328,0.022601958364248276
2114,2,0.1152435690164566,0.8693348169326782,0.015421594493091106
2115,0,0.045111555606126785,0.04948924854397774,0.9053992033004761
2115,1,0.12875932455062866,0.8486388325691223,0.022601822391152382
2115,2,0.11524362117052078,0.8693348169326782,0.015421543270349503
2116,0,0.045111555606126785,0.04948924854397774,0.9053992033004761
2116,1,0.12875939905643463,0.8486385345458984,0.022602034732699394
2116,2,0.1152435690164566,0.8693348169326782,0.015421624295413494
2117,0,0.045111555606126785,0.04948924854397774,0.9053992033004761
2117,1,0.12875938415527344,0.8486384749412537,0.02260207012295723
2117,2,0.1152435690164566,0.8693348169326782,0.015421638265252113
2118,0,0.045111555606126785,0.04948924854397774,0.9053992033004761
2118,1,0.12875977158546448,0.8486368656158447,0.022603385150432587
2118,2,0.11524342000484467,0.8693344593048096,0.015422155149281025
2119,0,0.045111555606126785,0.04948924854397774,0.9053992033004761
2119,1,0.12875965237617493,0.8486373424530029,0.022602960467338562
2119,2,0.11044543981552124,0.8671409487724304,0.022413605824112892
2120,0,0.045111555606126785,0.04948924854397774,0.9053992033004761
2120,1,0.1287592202425003,0.8486393094062805,0.02260139212012291
2120,2,0.11524364352226257,0.8693349957466125,0.015421370044350624
2121,0,0.045111555606126785,0.04948924854397774,0.9053992033004761
2121,1,0.12875932455062866,0.8486390113830566,0.022601701319217682
2121,2,0.11524360626935959,0.869334876537323,0.015421492047607899
2122,0,0.045111555606126785,0.04948924854397774,0.9053992033004761
2122,1,0.12875932455062866,0.8486388325691223,0.022601822391152382
2122,2,0.11524362117052078,0.8693348169326782,0.015421543270349503
2123,0,0.045111555606126785,0.04948924854397774,0.9053992033004761
2123,1,0.1287592202425003,0.8486393094062805,0.02260139212012291
2123,2,0.11524364352226257,0.8693349957466125,0.015421370044350624
2124,0,0.045111555606126785,0.04948924854397774,0.9053992033004761
2124,1,0.12875936925411224,0.8486387133598328,0.022601958364248276
2124,2,0.1152435690164566,0.8693348169326782,0.015421594493091106
2125,0,0.045111555606126785,0.04948924854397774,0.9053992033004761
2125,1,0.12875932455062866,0.8486388325691223,0.022601822391152382
2125,2,0.11524362117052078,0.8693348169326782,0.015421543270349503
2126,0,0.045111555606126785,0.04948924854397774,0.9053992033004761
2126,1,0.12875939905643463,0.8486385345458984,0.022602034732699394
2126,2,0.1152435690164566,0.8693348169326782,0.015421624295413494
2127,0,0.045111555606126785,0.04948924854397774,0.9053992033004761
2127,1,0.12875938415527344,0.8486384749412537,0.02260207012295723
2127,2,0.1152435690164566,0.8693348169326782,0.015421638265252113
2128,0,0.045111555606126785,0.04948924854397774,0.9053992033004761
2128,1,0.12875977158546448,0.8486368656158447,0.022603385150432587
2128,2,0.11524342000484467,0.8693344593048096,0.015422155149281025
2129,0,0.045111555606126785,0.04948924854397774,0.9053992033004761
2129,1,0.12875965237617493,0.8486373424530029,0.022602960467338562
2129,2,0.11044543981552124,0.8671409487724304,0.022413605824112892
2130,0,0.045111555606126785,0.04948924854397774,0.9053992033004761
2130,1,0.1287592202425003,0.8486393094062805,0.02260139212012291
2130,2,0.11524364352226257,0.8693349957466125,0.015421370044350624
2131,0,0.045111555606126785,0.04948924854397774,0.9053992033004761
2131,1,0.12875932455062866,0.8486390113830566,0.022601701319217682
2131,2,0.11524360626935959,0.869334876537323,0.015421492047607899
2132,0,0.045111555606126785,0.04948924854397774,0.9053992033004761
2132,1,0.12875932455062866,0.8486388325691223,0.022601822391152382
2132,2,0.11524362117052078,0.8693348169326782,0.015421543270349503
2133,0,0.045111555606126785,0.04948924854397774,0.9053992033004761
2133,1,0.15356025099754333,0.8221769332885742,0.02426282688975334
2133,2,0.13556933403015137,0.8481420278549194,0.01628868095576763
2134,0,0.04585728049278259,0.04930254817008972,0.9048402309417725
2134,1,0.15377165377140045,0.8218573331832886,0.024371085688471794
2134,2,0.13563396036624908,0.8480514883995056,0.016314638778567314
2135,0,0.04585728049278259,0.04930254817008972,0.9048402309417725
2135,1,0.15377159416675568,0.8218573927879333,0.024370983242988586
2135,2,0.13563397526741028,0.8480514883995056,0.01631459966301918
2136,0,0.04585728049278259,0.04930254817008972,0.9048402309417725
2136,1,0.15377160906791687,0.8218573927879333,0.024371018633246422
2136,2,0.13563396036624908,0.8480514883995056,0.016314614564180374
2137,0,0.04585728049278259,0.04930254817008972,0.9048402309417725
2137,1,0.15377174317836761,0.8218569159507751,0.024371329694986343
2137,2,0.13563396036624908,0.8480513691902161,0.016314737498760223
2138,0,0.04585728049278259,0.04930254817008972,0.9048402309417725
2138,1,0.15377141535282135,0.8218581080436707,0.02437049150466919
2138,2,0.13563397526741028,0.8480516672134399,0.016314411535859108
2139,0,0.04585728049278259,0.04930254817008972,0.9048402309417725
2139,1,0.15377208590507507,0.8218556046485901,0.024372266605496407
2139,2,0.13064509630203247,0.8448076248168945,0.024547278881072998
2140,0,0.04585728049278259,0.04930254817008972,0.9048402309417725
2140,1,0.15377141535282135,0.8218581080436707,0.02437049150466919
2140,2,0.13563397526741028,0.8480516672134399,0.016314411535859108
2141,0,0.04585728049278259,0.04930254817008972,0.9048402309417725
2141,1,0.1537715643644333,0.8218576312065125,0.024370843544602394
2141,2,0.13563397526741028,0.8480515480041504,0.01631455309689045
2142,0,0.04585728049278259,0.04930254817008972,0.9048402309417725
2142,1,0.15377160906791687,0.8218573927879333,0.024370983242988586
2142,2,0.13563397526741028,0.8480514883995056,0.016314607113599777
2143,0,0.04585728049278259,0.04930254817008972,0.9048402309417725
2143,1,0.15377141535282135,0.8218581080436707,0.02437049150466919
2143,2,0.13563397526741028,0.8480516672134399,0.016314411535859108
2144,0,0.04585728049278259,0.04930254817008972,0.9048402309417725
2144,1,0.15377165377140045,0.8218571543693542,0.024371132254600525
2144,2,0.1356339305639267,0.8480513691902161,0.016314659267663956
2145,0,0.04585728049278259,0.04930254817008972,0.9048402309417725
2145,1,0.15377159416675568,0.8218573927879333,0.024370983242988586
2145,2,0.13563397526741028,0.8480514883995056,0.01631459966301918
2146,0,0.04585728049278259,0.04930254817008972,0.9048402309417725
2146,1,0.15377169847488403,0.8218570947647095,0.024371229112148285
2146,2,0.1356339454650879,0.8480513691902161,0.01631469838321209
2147,0,0.04585728049278259,0.04930254817008972,0.9048402309417725
2147,1,0.15377171337604523,0.8218569755554199,0.024371273815631866
2147,2,0.1356339454650879,0.8480513691902161,0.016314713284373283
2148,0,0.04585728049278259,0.04930254817008972,0.9048402309417725
2148,1,0.1537722945213318,0.8218548893928528,0.024372778832912445
2148,2,0.1356339007616043,0.8480507731437683,0.016315298154950142
2149,0,0.04585728049278259,0.04930254817008972,0.9048402309417725
2149,1,0.15377208590507507,0.8218556046485901,0.024372301995754242
2149,2,0.13064509630203247,0.8448075652122498,0.02454732544720173
2150,0,0.04585728049278259,0.04930254817008972,0.9048402309417725
2150,1,0.15377141535282135,0.8218581080436707,0.02437049150466919
2150,2,0.13563397526741028,0.8480516672134399,0.016314411535859108
2151,0,0.04585728049278259,0.04930254817008972,0.9048402309417725
2151,1,0.1537715643644333,0.8218576312065125,0.024370843544602394
2151,2,0.13563397526741028,0.8480515480041504,0.01631455309689045
2152,0,0.04585728049278259,0.04930254817008972,0.9048402309417725
2152,1,0.15377160906791687,0.8218573927879333,0.024370983242988586
2152,2,0.13563397526741028,0.8480514883995056,0.016314607113599777
2153,0,0.04585728049278259,0.04930254817008972,0.9048402309417725
2153,1,0.15377141535282135,0.8218581080436707,0.02437049150466919
2153,2,0.13563397526741028,0.8480516672134399,0.016314411535859108
2154,0,0.04585728049278259,0.04930254817008972,0.9048402309417725
2154,1,0.15377165377140045,0.8218571543693542,0.024371132254600525
2154,2,0.1356339305639267,0.8480513691902161,0.016314659267663956
2155,0,0.04585728049278259,0.04930254817008972,0.9048402309417725
2155,1,0.15377159416675568,0.8218573927879333,0.024370983242988586
2155,2,0.13563397526741028,0.8480514883995056,0.01631459966301918
2156,0,0.04585728049278259,0.04930254817008972,0.9048402309417725
2156,1,0.15377169847488403,0.8218570947647095,0.024371229112148285
2156,2,0.1356339454650879,0.8480513691902161,0.01631469838321209
2157,0,0.04585728049278259,0.04930254817008972,0.9048402309417725
2157,1,0.15377171337604523,0.8218569755554199,0.024371273815631866
2157,2,0.1356339454650879,0.8480513691902161,0.016314713284373283
2158,0,0.04585728049278259,0.04930254817008972,0.9048402309417725
2158,1,0.1537722945213318,0.8218548893928528,0.024372778832912445
2158,2,0.1356339007616043,0.8480507731437683,0.016315298154950142
2159,0,0.04585728049278259,0.04930254817008972,0.9048402309417725
2159,1,0.15377208590507507,0.8218556046485901,0.024372301995754242
2159,2,0.13064509630203247,0.8448075652122498,0.02454732544720173
2160,0,0.04585728049278259,0.04930254817008972,0.9048402309417725
2160,1,0.15377141535282135,0.8218581080436707,0.02437049150466919
2160,2,0.13563397526741028,0.8480516672134399,0.016314411535859108
2161,0,0.04585728049278259,0.04930254817008972,0.9048402309417725
2161,1,0.1537715643644333,0.8218576312065125,0.024370843544602394
2161,2,0.13563397526741028,0.8480515480041504,0.01631455309689045
2162,0,0.04585728049278259,0.04930254817008972,0.9048402309417725
2162,1,0.15377160906791687,0.8218573927879333,0.024370983242988586
2162,2,0.13563397526741028,0.8480514883995056,0.016314607113599777
2163,0,0.04585728049278259,0.04930254817008972,0.9048402309417725
2163,1,0.15377141535282135,0.8218581080436707,0.02437049150466919
2163,2,0.13563397526741028,0.8480516672134399,0.016314411535859108
2164,0,0.04585728049278259,0.04930254817008972,0.9048402309417725
2164,1,0.15377165377140045,0.8218571543693542,0.024371132254600525
2164,2,0.1356339305639267,0.8480513691902161,0.016314659267663956
2165,0,0.04585728049278259,0.04930254817008972,0.9048402309417725
2165,1,0.15377159416675568,0.8218573927879333,0.024370983242988586
2165,2,0.13563397526741028,0.8480514883995056,0.01631459966301918
2166,0,0.04585728049278259,0.04930254817008972,0.9048402309417725
2166,1,0.15377169847488403,0.8218570947647095,0.024371229112148285
2166,2,0.1356339454650879,0.8480513691902161,0.01631469838321209
2167,0,0.04585728049278259,0.04930254817008972,0.9048402309417725
2167,1,0.15377171337604523,0.8218569755554199,0.024371273815631866
2167,2,0.1356339454650879,0.8480513691902161,0.016314713284373283
2168,0,0.04585728049278259,0.04930254817008972,0.9048402309417725
2168,1,0.1537722945213318,0.8218548893928528,0.024372778832912445
2168,2,0.1356339007616043,0.8480507731437683,0.016315298154950142
2169,0,0.04585728049278259,0.04930254817008972,0.9048402309417725
2169,1,0.15377208590507507,0.8218556046485901,0.024372301995754242
2169,2,0.13064509630203247,0.8448075652122498,0.02454732544720173
2170,0,0.04585728049278259,0.04930254817008972,0.9048402309417725
2170,1,0.15377141535282135,0.8218581080436707,0.02437049150466919
2170,2,0.13563397526741028,0.8480516672134399,0.016314411535859108
2171,0,0.04585728049278259,0.04930254817008972,0.9048402309417725
2171,1,0.1537715643644333,0.8218576312065125,0.024370843544602394
2171,2,0.13563397526741028,0.8480515480041504,0.01631455309689045
2172,0,0.04585728049278259,0.04930254817008972,0.9048402309417725
2172,1,0.15377160906791687,0.8218573927879333,0.024370983242988586
2172,2,0.13563397526741028,0.8480514883995056,0.016314607113599777
2173,0,0.04585728049278259,0.04930254817008972,0.9048402309417725
2173,1,0.15377141535282135,0.8218581080436707,0.02437049150466919
2173,2,0.13563397526741028,0.8480516672134399,0.016314411535859108
2174,0,0.04585728049278259,0.04930254817008972,0.9048402309417725
2174,1,0.15377165377140045,0.8218571543693542,0.024371132254600525
2174,2,0.1356339305639267,0.8480513691902161,0.016314659267663956
2175,0,0.04585728049278259,0.04930254817008972,0.9048402309417725
2175,1,0.15377159416675568,0.8218573927879333,0.024370983242988586
2175,2,0.13563397526741028,0.8480514883995056,0.01631459966301918
2176,0,0.04585728049278259,0.04930254817008972,0.9048402309417725
2176,1,0.15377169847488403,0.8218570947647095,0.024371229112148285
2176,2,0.1356339454650879,0.8480513691902161,0.01631469838321209
2177,0,0.04585728049278259,0.04930254817008972,0.9048402309417725
2177,1,0.15377171337604523,0.8218569755554199,0.024371273815631866
2177,2,0.1356339454650879,0.8480513691902161,0.016314713284373283
2178,0,0.04585728049278259,0.04930254817008972,0.9048402309417725
2178,1,0.1537722945213318,0.8218548893928528,0.024372778832912445
2178,2,0.1356339007616043,0.8480507731437683,0.016315298154950142
2179,0,0.04585728049278259,0.04930254817008972,0.9048402309417725
2179,1,0.15377208590507507,0.8218556046485901,0.024372301995754242
2179,2,0.13064509630203247,0.8448075652122498,0.02454732544720173
2180,0,0.04585728049278259,0.04930254817008972,0.9048402309417725
2180,1,0.15377141535282135,0.8218581080436707,0.02437049150466919
2180,2,0.13563397526741028,0.8480516672134399,0.016314411535859108
2181,0,0.04585728049278259,0.04930254817008972,0.9048402309417725
2181,1,0.1537715643644333,0.8218576312065125,0.024370843544602394
2181,2,0.13563397526741028,0.8480515480041504,0.01631455309689045
2182,0,0.04585728049278259,0.04930254817008972,0.9048402309417725
2182,1,0.15377160906791687,0.8218573927879333,0.024370983242988586
2182,2,0.13563397526741028,0.8480514883995056,0.016314607113599777
2183,0,0.04585728049278259,0.04930254817008972,0.9048402309417725
2183,1,0.15377141535282135,0.8218581080436707,0.02437049150466919
2183,2,0.13563397526741028,0.8480516672134399,0.016314411535859108
2184,0,0.04585728049278259,0.04930254817008972,0.9048402309417725
2184,1,0.15377165377140045,0.8218571543693542,0.024371132254600525
2184,2,0.1356339305639267,0.8480513691902161,0.016314659267663956
2185,0,0.04585728049278259,0.04930254817008972,0.9048402309417725
2185,1,0.15377159416675568,0.8218573927879333,0.024370983242988586
2185,2,0.13563397526741028,0.8480514883995056,0.01631459966301918
2186,0,0.04585728049278259,0.04930254817008972,0.9048402309417725
2186,1,0.15377169847488403,0.8218570947647095,0.024371229112148285
2186,2,0.1356339454650879,0.8480513691902161,0.01631469838321209
2187,0,0.04585728049278259,0.04930254817008972,0.9048402309417725
2187,1,0.15377171337604523,0.8218569755554199,0.024371273815631866
2187,2,0.1356339454650879,0.8480513691902161,0.016314713284373283
2188,0,0.04585728049278259,0.04930254817008972,0.9048402309417725
2188,1,0.1537722945213318,0.8218548893928528,0.024372778832912445
2188,2,0.1356339007616043,0.8480507731437683,0.016315298154950142
2189,0,0.04585728049278259,0.04930254817008972,0.9048402309417725
2189,1,0.15377208590507507,0.8218556046485901,0.024372301995754242
2189,2,0.13064509630203247,0.8448075652122498,0.02454732544720173
2190,0,0.04585728049278259,0.04930254817008972,0.9048402309417725
2190,1,0.15377141535282135,0.8218581080436707,0.02437049150466919
2190,2,0.13563397526741028,0.8480516672134399,0.016314411535859108
2191,0,0.04585728049278259,0.04930254817008972,0.9048402309417725
2191,1,0.1537715643644333,0.8218576312065125,0.024370843544602394
2191,2,0.13563397526741028,0.8480515480041504,0.01631455309689045
2192,0,0.04585728049278259,0.04930254817008972,0.9048402309417725
2192,1,0.15377160906791687,0.8218573927879333,0.024370983242988586
2192,2,0.13563397526741028,0.8480514883995056,0.016314607113599777
2193,0,0.04585728049278259,0.04930254817008972,0.9048402309417725
2193,1,0.15377141535282135,0.8218581080436707,0.02437049150466919
2193,2,0.13563397526741028,0.8480516672134399,0.016314411535859108
2194,0,0.04585728049278259,0.04930254817008972,0.9048402309417725
2194,1,0.15377165377140045,0.8218571543693542,0.024371132254600525
2194,2,0.1356339305639267,0.8480513691902161,0.016314659267663956
2195,0,0.04585728049278259,0.04930254817008972,0.9048402309417725
2195,1,0.15377159416675568,0.8218573927879333,0.024370983242988586
2195,2,0.13563397526741028,0.8480514883995056,0.01631459966301918
2196,0,0.04585728049278259,0.04930254817008972,0.9048402309417725
2196,1,0.15377169847488403,0.8218570947647095,0.024371229112148285
2196,2,0.1356339454650879,0.8480513691902161,0.01631469838321209
2197,0,0.04585728049278259,0.04930254817008972,0.9048402309417725
2197,1,0.15377171337604523,0.8218569755554199,0.024371273815631866
2197,2,0.1356339454650879,0.8480513691902161,0.016314713284373283
2198,0,0.04585728049278259,0.04930254817008972,0.9048402309417725
2198,1,0.1537722945213318,0.8218548893928528,0.024372778832912445
2198,2,0.1356339007616043,0.8480507731437683,0.016315298154950142
2199,0,0.04585728049278259,0.04930254817008972,0.9048402309417725
2199,1,0.15377208590507507,0.8218556046485901,0.024372301995754242
2199,2,0.13064509630203247,0.8448075652122498,0.02454732544720173
2200,0,0.04585728049278259,0.04930254817008972,0.9048402309417725
2200,1,0.15377141535282135,0.8218581080436707,0.02437049150466919
2200,2,0.13563397526741028,0.8480516672134399,0.016314411535859108
2201,0,0.04585728049278259,0.04930254817008972,0.9048402309417725
2201,1,0.1537715643644333,0.8218576312065125,0.024370843544602394
2201,2,0.13563397526741028,0.8480515480041504,0.01631455309689045
2202,0,0.04585728049278259,0.04930254817008972,0.9048402309417725
2202,1,0.15377160906791687,0.8218573927879333,0.024370983242988586
2202,2,0.13563397526741028,0.8480514883995056,0.016314607113599777
2203,0,0.04585728049278259,0.04930254817008972,0.9048402309417725
2203,1,0.15377141535282135,0.8218581080436707,0.02437049150466919
2203,2,0.13563397526741028,0.8480516672134399,0.016314411535859108
2204,0,0.04585728049278259,0.04930254817008972,0.9048402309417725
2204,1,0.15377165377140045,0.8218571543693542,0.024371132254600525
2204,2,0.1356339305639267,0.8480513691902161,0.016314659267663956
2205,0,0.04585728049278259,0.04930254817008972,0.9048402309417725
2205,1,0.15377159416675568,0.8218573927879333,0.024370983242988586
2205,2,0.13563397526741028,0.8480514883995056,0.01631459966301918
2206,0,0.04585728049278259,0.04930254817008972,0.9048402309417725
2206,1,0.15377169847488403,0.8218570947647095,0.024371229112148285
2206,2,0.1356339454650879,0.8480513691902161,0.01631469838321209
2207,0,0.04585728049278259,0.04930254817008972,0.9048402309417725
2207,1,0.15377171337604523,0.8218569755554199,0.024371273815631866
2207,2,0.1356339454650879,0.8480513691902161,0.016314713284373283
2208,0,0.04585728049278259,0.04930254817008972,0.9048402309417725
2208,1,0.1537722945213318,0.8218548893928528,0.024372778832912445
2208,2,0.1356339007616043,0.8480507731437683,0.016315298154950142
2209,0,0.04585728049278259,0.04930254817008972,0.9048402309417725
2209,1,0.15377208590507507,0.8218556046485901,0.024372301995754242
2209,2,0.13064509630203247,0.8448075652122498,0.02454732544720173
2210,0,0.04585728049278259,0.04930254817008972,0.9048402309417725
2210,1,0.15377141535282135,0.8218581080436707,0.02437049150466919
2210,2,0.13563397526741028,0.8480516672134399,0.016314411535859108
2211,0,0.04585728049278259,0.04930254817008972,0.9048402309417725
2211,1,0.1537715643644333,0.8218576312065125,0.024370843544602394
2211,2,0.13563397526741028,0.8480515480041504,0.01631455309689045
2212,0,0.04585728049278259,0.04930254817008972,0.9048402309417725
2212,1,0.15377160906791687,0.8218573927879333,0.024370983242988586
2212,2,0.13563397526741028,0.8480514883995056,0.016314607113599777
2213,0,0.04585728049278259,0.04930254817008972,0.9048402309417725
2213,1,0.15377141535282135,0.8218581080436707,0.02437049150466919
2213,2,0.13563397526741028,0.8480516672134399,0.016314411535859108
2214,0,0.04585728049278259,0.04930254817008972,0.9048402309417725
2214,1,0.15377165377140045,0.8218571543693542,0.024371132254600525
2214,2,0.1356339305639267,0.8480513691902161,0.016314659267663956
2215,0,0.04585728049278259,0.04930254817008972,0.9048402309417725
2215,1,0.15377159416675568,0.8218573927879333,0.024370983242988586
2215,2,0.13563397526741028,0.8480514883995056,0.01631459966301918
2216,0,0.04585728049278259,0.04930254817008972,0.9048402309417725
2216,1,0.15377169847488403,0.8218570947647095,0.024371229112148285
2216,2,0.1356339454650879,0.8480513691902161,0.01631469838321209
2217,0,0.04585728049278259,0.04930254817008972,0.9048402309417725
2217,1,0.15377171337604523,0.8218569755554199,0.024371273815631866
2217,2,0.1356339454650879,0.8480513691902161,0.016314713284373283
2218,0,0.04585728049278259,0.04930254817008972,0.9048402309417725
2218,1,0.1537722945213318,0.8218548893928528,0.024372778832912445
2218,2,0.20280781388282776,0.7787684798240662,0.018423782661557198
2219,0,0.0447261705994606,0.050004903227090836,0.9052689671516418
2219,1,0.2288087010383606,0.7400159239768982,0.031175388023257256
2219,2,0.19616100192070007,0.7728437185287476,0.030995208770036697
2220,0,0.0447261705994606,0.050004903227090836,0.9052689671516418
2220,1,0.22880738973617554,0.7400226593017578,0.031169988214969635
2220,2,0.20412227511405945,0.7768908143043518,0.018987009301781654
2221,0,0.0447261705994606,0.050004903227090836,0.9052689671516418
2221,1,0.22880752384662628,0.7400220036506653,0.03117053396999836
2221,2,0.20412227511405945,0.7768903970718384,0.018987208604812622
2222,0,0.0447261705994606,0.050004903227090836,0.9052689671516418
2222,1,0.22880753874778748,0.7400217056274414,0.031170735135674477
2222,2,0.20412229001522064,0.7768903374671936,0.01898728869855404
2223,0,0.0447261705994606,0.050004903227090836,0.9052689671516418
2223,1,0.22880738973617554,0.7400226593017578,0.031169988214969635
2223,2,0.20412227511405945,0.7768908143043518,0.018987009301781654
2224,0,0.0447261705994606,0.050004903227090836,0.9052689671516418
2224,1,0.22880756855010986,0.7400214076042175,0.031170977279543877
2224,2,0.20412229001522064,0.7768903374671936,0.018987374380230904
2225,0,0.0447261705994606,0.050004903227090836,0.9052689671516418
2225,1,0.22880753874778748,0.7400217056274414,0.031170735135674477
2225,2,0.19616056978702545,0.772849440574646,0.030990013852715492
2226,0,0.0447261705994606,0.050004903227090836,0.9052689671516418
2226,1,0.22880738973617554,0.7400226593017578,0.031169988214969635
2226,2,0.20412227511405945,0.7768908143043518,0.018987009301781654
2227,0,0.0447261705994606,0.050004903227090836,0.9052689671516418
2227,1,0.22880800068378448,0.7400195002555847,0.03117254562675953
2227,2,0.20412234961986542,0.7768896818161011,0.01898794248700142
2228,0,0.0447261705994606,0.050004903227090836,0.9052689671516418
2228,1,0.2288089245557785,0.7400147318840027,0.03117639385163784
2228,2,0.2041224092245102,0.7768882513046265,0.01898934319615364
2229,0,0.0447261705994606,0.050004903227090836,0.9052689671516418
2229,1,0.22881004214286804,0.740009069442749,0.03118092194199562
2229,2,0.19616158306598663,0.7728371024131775,0.031001387163996696
2230,0,0.0447261705994606,0.050004903227090836,0.9052689671516418
2230,1,0.22880738973617554,0.7400226593017578,0.031169988214969635
2230,2,0.20412227511405945,0.7768908143043518,0.018987009301781654
2231,0,0.0447261705994606,0.050004903227090836,0.9052689671516418
2231,1,0.22880738973617554,0.7400226593017578,0.031169988214969635
2231,2,0.20412227511405945,0.7768908143043518,0.018987009301781654
2232,0,0.0447261705994606,0.050004903227090836,0.9052689671516418
2232,1,0.228807732462883,0.740020751953125,0.031171489506959915
2232,2,0.20412231981754303,0.7768900394439697,0.018987560644745827
2233,0,0.0447261705994606,0.050004903227090836,0.9052689671516418
2233,1,0.22880738973617554,0.7400226593017578,0.031169988214969635
2233,2,0.20412227511405945,0.7768908143043518,0.018987009301781654
2234,0,0.0447261705994606,0.050004903227090836,0.9052689671516418
2234,1,0.22880759835243225,0.7400214076042175,0.031170977279543877
2234,2,0.20412230491638184,0.7768903374671936,0.018987374380230904
2235,0,0.0447261705994606,0.050004903227090836,0.9052689671516418
2235,1,0.22880785167217255,0.7400201559066772,0.031171971932053566
2235,2,0.19616065919399261,0.7728478908538818,0.030991394072771072
2236,0,0.0447261705994606,0.050004903227090836,0.9052689671516418
2236,1,0.22880738973617554,0.7400226593017578,0.031169988214969635
2236,2,0.20412227511405945,0.7768908143043518,0.018987009301781654
2237,0,0.0447261705994606,0.050004903227090836,0.9052689671516418
2237,1,0.22880777716636658,0.7400205731391907,0.031171660870313644
2237,2,0.20412230491638184,0.7768900394439697,0.018987616524100304
2238,0,0.0447261705994606,0.050004903227090836,0.9052689671516418
2238,1,0.22880996763706207,0.7400092482566833,0.0311807282269001
2238,2,0.20412248373031616,0.776886522769928,0.018990911543369293
2239,0,0.0447261705994606,0.050004903227090836,0.9052689671516418
2239,1,0.22880738973617554,0.7400226593017578,0.031169988214969635
2239,2,0.1961604505777359,0.7728503942489624,0.030989183112978935
2240,0,0.0447261705994606,0.050004903227090836,0.9052689671516418
2240,1,0.22880738973617554,0.7400226593017578,0.031169988214969635
2240,2,0.20412227511405945,0.7768908143043518,0.018987009301781654
2241,0,0.0447261705994606,0.050004903227090836,0.9052689671516418
2241,1,0.22880738973617554,0.7400226593017578,0.031169988214969635
2241,2,0.20412227511405945,0.7768908143043518,0.018987009301781654
2242,0,0.0447261705994606,0.050004903227090836,0.9052689671516418
2242,1,0.228807732462883,0.740020751953125,0.031171489506959915
2242,2,0.20412231981754303,0.7768900394439697,0.018987560644745827
2243,0,0.0447261705994606,0.050004903227090836,0.9052689671516418
2243,1,0.22880738973617554,0.7400226593017578,0.031169988214969635
2243,2,0.20412227511405945,0.7768908143043518,0.018987009301781654
2244,0,0.0447261705994606,0.050004903227090836,0.9052689671516418
2244,1,0.22880759835243225,0.7400214076042175,0.031170977279543877
2244,2,0.20412230491638184,0.7768903374671936,0.018987374380230904
2245,0,0.0447261705994606,0.050004903227090836,0.9052689671516418
2245,1,0.22880785167217255,0.7400201559066772,0.031171971932053566
2245,2,0.19616065919399261,0.7728478908538818,0.030991394072771072
2246,0,0.0447261705994606,0.050004903227090836,0.9052689671516418
2246,1,0.22880738973617554,0.7400226593017578,0.031169988214969635
2246,2,0.20412227511405945,0.7768908143043518,0.018987009301781654
2247,0,0.0447261705994606,0.050004903227090836,0.9052689671516418
2247,1,0.22880777716636658,0.7400205731391907,0.031171660870313644
2247,2,0.20412230491638184,0.7768900394439697,0.018987616524100304
2248,0,0.0447261705994606,0.050004903227090836,0.9052689671516418
2248,1,0.22880996763706207,0.7400092482566833,0.0311807282269001
2248,2,0.20412248373031616,0.776886522769928,0.018990911543369293
2249,0,0.0447261705994606,0.050004903227090836,0.9052689671516418
2249,1,0.22880738973617554,0.7400226593017578,0.031169988214969635
2249,2,0.1961604505777359,0.7728503942489624,0.030989183112978935
2250,0,0.0447261705994606,0.050004903227090836,0.9052689671516418
2250,1,0.22880738973617554,0.7400226593017578,0.031169988214969635
2250,2,0.20412227511405945,0.7768908143043518,0.018987009301781654
2251,0,0.0447261705994606,0.050004903227090836,0.9052689671516418
2251,1,0.22880738973617554,0.7400226593017578,0.031169988214969635
2251,2,0.20412227511405945,0.7768908143043518,0.018987009301781654
2252,0,0.0447261705994606,0.050004903227090836,0.9052689671516418
2252,1,0.228807732462883,0.740020751953125,0.031171489506959915
2252,2,0.20412231981754303,0.7768900394439697,0.018987560644745827
2253,0,0.0447261705994606,0.050004903227090836,0.9052689671516418
2253,1,0.22880738973617554,0.7400226593017578,0.031169988214969635
2253,2,0.20412227511405945,0.7768908143043518,0.018987009301781654
2254,0,0.0447261705994606,0.050004903227090836,0.9052689671516418
2254,1,0.22880759835243225,0.7400214076042175,0.031170977279543877
2254,2,0.20412230491638184,0.7768903374671936,0.018987374380230904
2255,0,0.0447261705994606,0.050004903227090836,0.9052689671516418
2255,1,0.22880785167217255,0.7400201559066772,0.031171971932053566
2255,2,0.19616065919399261,0.7728478908538818,0.030991394072771072
2256,0,0.0447261705994606,0.050004903227090836,0.9052689671516418
2256,1,0.22880738973617554,0.7400226593017578,0.031169988214969635
2256,2,0.20412227511405945,0.7768908143043518,0.018987009301781654
2257,0,0.0447261705994606,0.050004903227090836,0.9052689671516418
2257,1,0.22880777716636658,0.7400205731391907,0.031171660870313644
2257,2,0.20412230491638184,0.7768900394439697,0.018987616524100304
2258,0,0.0447261705994606,0.050004903227090836,0.9052689671516418
2258,1,0.22880996763706207,0.7400092482566833,0.0311807282269001
2258,2,0.20412248373031616,0.776886522769928,0.018990911543369293
2259,0,0.0447261705994606,0.050004903227090836,0.9052689671516418
2259,1,0.22880738973617554,0.7400226593017578,0.031169988214969635
2259,2,0.1961604505777359,0.7728503942489624,0.030989183112978935
2260,0,0.0447261705994606,0.050004903227090836,0.9052689671516418
2260,1,0.22880738973617554,0.7400226593017578,0.031169988214969635
2260,2,0.20412227511405945,0.7768908143043518,0.018987009301781654
2261,0,0.0447261705994606,0.050004903227090836,0.9052689671516418
2261,1,0.22880738973617554,0.7400226593017578,0.031169988214969635
2261,2,0.20412227511405945,0.7768908143043518,0.018987009301781654
2262,0,0.0447261705994606,0.050004903227090836,0.9052689671516418
2262,1,0.228807732462883,0.740020751953125,0.031171489506959915
2262,2,0.20412231981754303,0.7768900394439697,0.018987560644745827
2263,0,0.0447261705994606,0.050004903227090836,0.9052689671516418
2263,1,0.22880738973617554,0.7400226593017578,0.031169988214969635
2263,2,0.20412227511405945,0.7768908143043518,0.018987009301781654
2264,0,0.0447261705994606,0.050004903227090836,0.9052689671516418
2264,1,0.22880759835243225,0.7400214076042175,0.031170977279543877
2264,2,0.20412230491638184,0.7768903374671936,0.018987374380230904
2265,0,0.0447261705994606,0.050004903227090836,0.9052689671516418
2265,1,0.22880785167217255,0.7400201559066772,0.031171971932053566
2265,2,0.19616065919399261,0.7728478908538818,0.030991394072771072
2266,0,0.0447261705994606,0.050004903227090836,0.9052689671516418
2266,1,0.22880738973617554,0.7400226593017578,0.031169988214969635
2266,2,0.20412227511405945,0.7768908143043518,0.018987009301781654
2267,0,0.0447261705994606,0.050004903227090836,0.9052689671516418
2267,1,0.22880777716636658,0.7400205731391907,0.031171660870313644
2267,2,0.20412230491638184,0.7768900394439697,0.018987616524100304
2268,0,0.0447261705994606,0.050004903227090836,0.9052689671516418
2268,1,0.22880996763706207,0.7400092482566833,0.0311807282269001
2268,2,0.20412248373031616,0.776886522769928,0.018990911543369293
2269,0,0.0447261705994606,0.050004903227090836,0.9052689671516418
2269,1,0.22880738973617554,0.7400226593017578,0.031169988214969635
2269,2,0.1961604505777359,0.7728503942489624,0.030989183112978935
2270,0,0.0447261705994606,0.050004903227090836,0.9052689671516418
2270,1,0.22880738973617554,0.7400226593017578,0.031169988214969635
2270,2,0.20412227511405945,0.7768908143043518,0.018987009301781654
2271,0,0.0447261705994606,0.050004903227090836,0.9052689671516418
2271,1,0.22880738973617554,0.7400226593017578,0.031169988214969635
2271,2,0.20412227511405945,0.7768908143043518,0.018987009301781654
2272,0,0.0447261705994606,0.050004903227090836,0.9052689671516418
2272,1,0.228807732462883,0.740020751953125,0.031171489506959915
2272,2,0.20412231981754303,0.7768900394439697,0.018987560644745827
2273,0,0.0447261705994606,0.050004903227090836,0.9052689671516418
2273,1,0.22880738973617554,0.7400226593017578,0.031169988214969635
2273,2,0.20412227511405945,0.7768908143043518,0.018987009301781654
2274,0,0.0447261705994606,0.050004903227090836,0.9052689671516418
2274,1,0.22880759835243225,0.7400214076042175,0.031170977279543877
2274,2,0.20412230491638184,0.7768903374671936,0.018987374380230904
2275,0,0.0447261705994606,0.050004903227090836,0.9052689671516418
2275,1,0.22880785167217255,0.7400201559066772,0.031171971932053566
2275,2,0.19616065919399261,0.7728478908538818,0.030991394072771072
2276,0,0.0447261705994606,0.050004903227090836,0.9052689671516418
2276,1,0.22880738973617554,0.7400226593017578,0.031169988214969635
2276,2,0.20412227511405945,0.7768908143043518,0.018987009301781654
2277,0,0.0447261705994606,0.050004903227090836,0.9052689671516418
2277,1,0.22880777716636658,0.7400205731391907,0.031171660870313644
2277,2,0.20412230491638184,0.7768900394439697,0.018987616524100304
2278,0,0.0447261705994606,0.050004903227090836,0.9052689671516418
2278,1,0.22880996763706207,0.7400092482566833,0.0311807282269001
2278,2,0.20412248373031616,0.776886522769928,0.018990911543369293
2279,0,0.0447261705994606,0.050004903227090836,0.9052689671516418
2279,1,0.22880738973617554,0.7400226593017578,0.031169988214969635
2279,2,0.1961604505777359,0.7728503942489624,0.030989183112978935
2280,0,0.0447261705994606,0.050004903227090836,0.9052689671516418
2280,1,0.22880738973617554,0.7400226593017578,0.031169988214969635
2280,2,0.20412227511405945,0.7768908143043518,0.018987009301781654
2281,0,0.0447261705994606,0.050004903227090836,0.9052689671516418
2281,1,0.22880738973617554,0.7400226593017578,0.031169988214969635
2281,2,0.20412227511405945,0.7768908143043518,0.018987009301781654
2282,0,0.0447261705994606,0.050004903227090836,0.9052689671516418
2282,1,0.228807732462883,0.740020751953125,0.031171489506959915
2282,2,0.20412231981754303,0.7768900394439697,0.018987560644745827
2283,0,0.0447261705994606,0.050004903227090836,0.9052689671516418
2283,1,0.22880738973617554,0.7400226593017578,0.031169988214969635
2283,2,0.20412227511405945,0.7768908143043518,0.018987009301781654
2284,0,0.0447261705994606,0.050004903227090836,0.9052689671516418
2284,1,0.22880759835243225,0.7400214076042175,0.031170977279543877
2284,2,0.20412230491638184,0.7768903374671936,0.018987374380230904
2285,0,0.0447261705994606,0.050004903227090836,0.9052689671516418
2285,1,0.22880785167217255,0.7400201559066772,0.031171971932053566
2285,2,0.19616065919399261,0.7728478908538818,0.030991394072771072
2286,0,0.0447261705994606,0.050004903227090836,0.9052689671516418
2286,1,0.22880738973617554,0.7400226593017578,0.031169988214969635
2286,2,0.20412227511405945,0.7768908143043518,0.018987009301781654
2287,0,0.0447261705994606,0.050004903227090836,0.9052689671516418
2287,1,0.22880777716636658,0.7400205731391907,0.031171660870313644
2287,2,0.20412230491638184,0.7768900394439697,0.018987616524100304
2288,0,0.0447261705994606,0.050004903227090836,0.9052689671516418
2288,1,0.22880996763706207,0.7400092482566833,0.0311807282269001
2288,2,0.20412248373031616,0.776886522769928,0.018990911543369293
2289,0,0.0447261705994606,0.050004903227090836,0.9052689671516418
2289,1,0.22880738973617554,0.7400226593017578,0.031169988214969635
2289,2,0.1961604505777359,0.7728503942489624,0.030989183112978935
2290,0,0.0447261705994606,0.050004903227090836,0.9052689671516418
2290,1,0.22880738973617554,0.7400226593017578,0.031169988214969635
2290,2,0.20412227511405945,0.7768908143043518,0.018987009301781654
2291,0,0.0447261705994606,0.050004903227090836,0.9052689671516418
2291,1,0.22880738973617554,0.7400226593017578,0.031169988214969635
2291,2,0.20412227511405945,0.7768908143043518,0.018987009301781654
2292,0,0.0447261705994606,0.050004903227090836,0.9052689671516418
2292,1,0.228807732462883,0.740020751953125,0.031171489506959915
2292,2,0.20412231981754303,0.7768900394439697,0.018987560644745827
2293,0,0.0447261705994606,0.050004903227090836,0.9052689671516418
2293,1,0.22880738973617554,0.7400226593017578,0.031169988214969635
2293,2,0.20412227511405945,0.7768908143043518,0.018987009301781654
2294,0,0.0447261705994606,0.050004903227090836,0.9052689671516418
2294,1,0.22880759835243225,0.7400214076042175,0.031170977279543877
2294,2,0.20412230491638184,0.7768903374671936,0.018987374380230904
2295,0,0.0447261705994606,0.050004903227090836,0.9052689671516418
2295,1,0.22880785167217255,0.7400201559066772,0.031171971932053566
2295,2,0.19616065919399261,0.7728478908538818,0.030991394072771072
2296,0,0.0447261705994606,0.050004903227090836,0.9052689671516418
2296,1,0.22880738973617554,0.7400226593017578,0.031169988214969635
2296,2,0.20412227511405945,0.7768908143043518,0.018987009301781654
2297,0,0.0447261705994606,0.050004903227090836,0.9052689671516418
2297,1,0.22880777716636658,0.7400205731391907,0.031171660870313644
2297,2,0.20412230491638184,0.7768900394439697,0.018987616524100304
2298,0,0.0447261705994606,0.050004903227090836,0.9052689671516418
2298,1,0.22880996763706207,0.7400092482566833,0.0311807282269001
2298,2,0.20412248373031616,0.776886522769928,0.018990911543369293
2299,0,0.0447261705994606,0.050004903227090836,0.9052689671516418
2299,1,0.22880738973617554,0.7400226593017578,0.031169988214969635
2299,2,0.1961604505777359,0.7728503942489624,0.030989183112978935
2300,0,0.0447261705994606,0.050004903227090836,0.9052689671516418
2300,1,0.22880738973617554,0.7400226593017578,0.031169988214969635
2300,2,0.20412227511405945,0.7768908143043518,0.018987009301781654
2301,0,0.0447261705994606,0.050004903227090836,0.9052689671516418
2301,1,0.22880738973617554,0.7400226593017578,0.031169988214969635
2301,2,0.20412227511405945,0.7768908143043518,0.018987009301781654
2302,0,0.0447261705994606,0.050004903227090836,0.9052689671516418
2302,1,0.228807732462883,0.740020751953125,0.031171489506959915
2302,2,0.20412231981754303,0.7768900394439697,0.018987560644745827
2303,0,0.0447261705994606,0.050004903227090836,0.9052689671516418
2303,1,0.22880738973617554,0.7400226593017578,0.031169988214969635
2303,2,0.20412227511405945,0.7768908143043518,0.018987009301781654
2304,0,0.04832053184509277,0.04738330841064453,0.9042961001396179
2304,1,0.11677942425012589,0.8524861931800842,0.03073440119624138
2304,2,0.09554214775562286,0.8844694495201111,0.019988389685750008
2305,0,0.04832053184509277,0.04738330841064453,0.9042961001396179
2305,1,0.1167798712849617,0.8524848818778992,0.030735306441783905
2305,2,0.09554222226142883,0.8844690918922424,0.019988730549812317
2306,0,0.04832053184509277,0.04738330841064453,0.9042961001396179
2306,1,0.11677948385477066,0.8524860739707947,0.03073444776237011
2306,2,0.09554214775562286,0.8844694495201111,0.0199884083122015
2307,0,0.04832053184509277,0.04738330841064453,0.9042961001396179
2307,1,0.1167793795466423,0.852486252784729,0.03073430061340332
2307,2,0.09554213285446167,0.8844695091247559,0.019988352432847023
2308,0,0.04832053184509277,0.04738330841064453,0.9042961001396179
2308,1,0.11678121984004974,0.8524806499481201,0.03073818050324917
2308,2,0.09554243087768555,0.8844676613807678,0.01998981647193432
2309,0,0.04832053184509277,0.04738330841064453,0.9042961001396179
2309,1,0.11677944660186768,0.8524860739707947,0.030734434723854065
2309,2,0.09339211136102676,0.8757690191268921,0.030838903039693832
2310,0,0.04832053184509277,0.04738330841064453,0.9042961001396179
2310,1,0.11677901446819305,0.8524874448776245,0.030733492225408554
2310,2,0.09554211050271988,0.8844699263572693,0.019988058134913445
2311,0,0.04832053184509277,0.04738330841064453,0.9042961001396179
2311,1,0.11677925288677216,0.852486789226532,0.030733967199921608
2311,2,0.09554212540388107,0.8844696283340454,0.019988222047686577
2312,0,0.04832053184509277,0.04738330841064453,0.9042961001396179
2312,1,0.11677901446819305,0.8524874448776245,0.030733492225408554
2312,2,0.09554211050271988,0.8844699263572693,0.019988058134913445
2313,0,0.04832053184509277,0.04738330841064453,0.9042961001396179
2313,1,0.11677901446819305,0.8524874448776245,0.030733492225408554
2313,2,0.09554211050271988,0.8844699263572693,0.019988058134913445
2314,0,0.04832053184509277,0.04738330841064453,0.9042961001396179
2314,1,0.11677901446819305,0.8524874448776245,0.030733492225408554
2314,2,0.09554211050271988,0.8844699263572693,0.019988058134913445
2315,0,0.04832053184509277,0.04738330841064453,0.9042961001396179
2315,1,0.11677951365709305,0.8524860143661499,0.030734555795788765
2315,2,0.09554218500852585,0.8844693303108215,0.01998845301568508
2316,0,0.04832053184509277,0.04738330841064453,0.9042961001396179
2316,1,0.11677940934896469,0.852486252784729,0.030734317377209663
2316,2,0.09554213285446167,0.8844695091247559,0.01998836174607277
2317,0,0.04832053184509277,0.04738330841064453,0.9042961001396179
2317,1,0.11677934229373932,0.8524864315986633,0.03073420561850071
2317,2,0.09554213285446167,0.8844695091247559,0.01998830959200859
2318,0,0.04832053184509277,0.04738330841064453,0.9042961001396179
2318,1,0.11678079515695572,0.8524818420410156,0.030737299472093582
2318,2,0.09554237127304077,0.884468138217926,0.019989484921097755
2319,0,0.04832053184509277,0.04738330841064453,0.9042961001396179
2319,1,0.1167864128947258,0.8524641394615173,0.030749350786209106
2319,2,0.09339640289545059,0.8757489323616028,0.030854618176817894
2320,0,0.04832053184509277,0.04738330841064453,0.9042961001396179
2320,1,0.11677901446819305,0.8524874448776245,0.030733492225408554
2320,2,0.09554211050271988,0.8844699263572693,0.019988058134913445
2321,0,0.04832053184509277,0.04738330841064453,0.9042961001396179
2321,1,0.11677923798561096,0.852486789226532,0.0307339895516634
2321,2,0.09554212540388107,0.8844696283340454,0.01998824067413807
2322,0,0.04832053184509277,0.04738330841064453,0.9042961001396179
2322,1,0.11677934229373932,0.8524864912033081,0.030734175816178322
2322,2,0.09554213285446167,0.8844695091247559,0.019988304004073143
2323,0,0.04832053184509277,0.04738330841064453,0.9042961001396179
2323,1,0.11677901446819305,0.8524874448776245,0.030733492225408554
2323,2,0.09554211050271988,0.8844699263572693,0.019988058134913445
2324,0,0.04832053184509277,0.04738330841064453,0.9042961001396179
2324,1,0.11677943170070648,0.8524860739707947,0.030734384432435036
2324,2,0.09554214775562286,0.8844694495201111,0.019988389685750008
2325,0,0.04832053184509277,0.04738330841064453,0.9042961001396179
2325,1,0.11677934229373932,0.8524864912033081,0.030734170228242874
2325,2,0.09554211050271988,0.8844695091247559,0.019988300278782845
2326,0,0.04832053184509277,0.04738330841064453,0.9042961001396179
2326,1,0.11677949130535126,0.8524860143661499,0.030734511092305183
2326,2,0.09554214775562286,0.8844694495201111,0.01998843625187874
2327,0,0.04832053184509277,0.04738330841064453,0.9042961001396179
2327,1,0.11677951365709305,0.8524858355522156,0.030734578147530556
2327,2,0.09554218500852585,0.8844693303108215,0.019988462328910828
2328,0,0.04832053184509277,0.04738330841064453,0.9042961001396179
2328,1,0.11678051948547363,0.8524828553199768,0.030736668035387993
2328,2,0.09554231911897659,0.8844684362411499,0.019989242777228355
2329,0,0.04832053184509277,0.04738330841064453,0.9042961001396179
2329,1,0.11678021401166916,0.8524838089942932,0.030736016109585762
2329,2,0.09339255094528198,0.875766932964325,0.030840564519166946
2330,0,0.04832053184509277,0.04738330841064453,0.9042961001396179
2330,1,0.11677901446819305,0.8524874448776245,0.030733492225408554
2330,2,0.09554211050271988,0.8844699263572693,0.019988058134913445
2331,0,0.04832053184509277,0.04738330841064453,0.9042961001396179
2331,1,0.11677923798561096,0.852486789226532,0.0307339895516634
2331,2,0.09554212540388107,0.8844696283340454,0.01998824067413807
2332,0,0.04832053184509277,0.04738330841064453,0.9042961001396179
2332,1,0.11677934229373932,0.8524864912033081,0.030734175816178322
2332,2,0.09554213285446167,0.8844695091247559,0.019988304004073143
2333,0,0.04832053184509277,0.04738330841064453,0.9042961001396179
2333,1,0.11677901446819305,0.8524874448776245,0.030733492225408554
2333,2,0.09554211050271988,0.8844699263572693,0.019988058134913445
2334,0,0.04832053184509277,0.04738330841064453,0.9042961001396179
2334,1,0.11677943170070648,0.8524860739707947,0.030734384432435036
2334,2,0.09554214775562286,0.8844694495201111,0.019988389685750008
2335,0,0.04832053184509277,0.04738330841064453,0.9042961001396179
2335,1,0.11677934229373932,0.8524864912033081,0.030734170228242874
2335,2,0.09554211050271988,0.8844695091247559,0.019988300278782845
2336,0,0.04832053184509277,0.04738330841064453,0.9042961001396179
2336,1,0.11677949130535126,0.8524860143661499,0.030734511092305183
2336,2,0.09554214775562286,0.8844694495201111,0.01998843625187874
2337,0,0.04832053184509277,0.04738330841064453,0.9042961001396179
2337,1,0.11677951365709305,0.8524858355522156,0.030734578147530556
2337,2,0.09554218500852585,0.8844693303108215,0.019988462328910828
2338,0,0.04832053184509277,0.04738330841064453,0.9042961001396179
2338,1,0.11678051948547363,0.8524828553199768,0.030736668035387993
2338,2,0.09554231911897659,0.8844684362411499,0.019989242777228355
2339,0,0.04832053184509277,0.04738330841064453,0.9042961001396179
2339,1,0.11678021401166916,0.8524838089942932,0.030736016109585762
2339,2,0.09339255094528198,0.875766932964325,0.030840564519166946
2340,0,0.04832053184509277,0.04738330841064453,0.9042961001396179
2340,1,0.11677901446819305,0.8524874448776245,0.030733492225408554
2340,2,0.09554211050271988,0.8844699263572693,0.019988058134913445
2341,0,0.04832053184509277,0.04738330841064453,0.9042961001396179
2341,1,0.11677923798561096,0.852486789226532,0.0307339895516634
2341,2,0.09554212540388107,0.8844696283340454,0.01998824067413807
2342,0,0.04832053184509277,0.04738330841064453,0.9042961001396179
2342,1,0.11677934229373932,0.8524864912033081,0.030734175816178322
2342,2,0.09554213285446167,0.8844695091247559,0.019988304004073143
2343,0,0.04832053184509277,0.04738330841064453,0.9042961001396179
2343,1,0.11677901446819305,0.8524874448776245,0.030733492225408554
2343,2,0.09554211050271988,0.8844699263572693,0.019988058134913445
2344,0,0.04832053184509277,0.04738330841064453,0.9042961001396179
2344,1,0.11677943170070648,0.8524860739707947,0.030734384432435036
2344,2,0.09554214775562286,0.8844694495201111,0.019988389685750008
2345,0,0.04832053184509277,0.04738330841064453,0.9042961001396179
2345,1,0.11677934229373932,0.8524864912033081,0.030734170228242874
2345,2,0.09554211050271988,0.8844695091247559,0.019988300278782845
2346,0,0.04832053184509277,0.04738330841064453,0.9042961001396179
2346,1,0.11677949130535126,0.8524860143661499,0.030734511092305183
2346,2,0.09554214775562286,0.8844694495201111,0.01998843625187874
2347,0,0.04832053184509277,0.04738330841064453,0.9042961001396179
2347,1,0.11677951365709305,0.8524858355522156,0.030734578147530556
2347,2,0.09554218500852585,0.8844693303108215,0.019988462328910828
2348,0,0.04832053184509277,0.04738330841064453,0.9042961001396179
2348,1,0.11678051948547363,0.8524828553199768,0.030736668035387993
2348,2,0.09554231911897659,0.8844684362411499,0.019989242777228355
2349,0,0.04832053184509277,0.04738330841064453,0.9042961001396179
2349,1,0.11678021401166916,0.8524838089942932,0.030736016109585762
2349,2,0.09339255094528198,0.875766932964325,0.030840564519166946
2350,0,0.04832053184509277,0.04738330841064453,0.9042961001396179
2350,1,0.11677901446819305,0.8524874448776245,0.030733492225408554
2350,2,0.09554211050271988,0.8844699263572693,0.019988058134913445
2351,0,0.04832053184509277,0.04738330841064453,0.9042961001396179
2351,1,0.11677923798561096,0.852486789226532,0.0307339895516634
2351,2,0.09554212540388107,0.8844696283340454,0.01998824067413807
2352,0,0.04832053184509277,0.04738330841064453,0.9042961001396179
2352,1,0.11677934229373932,0.8524864912033081,0.030734175816178322
2352,2,0.09554213285446167,0.8844695091247559,0.019988304004073143
2353,0,0.04832053184509277,0.04738330841064453,0.9042961001396179
2353,1,0.11677901446819305,0.8524874448776245,0.030733492225408554
2353,2,0.09554211050271988,0.8844699263572693,0.019988058134913445
2354,0,0.04832053184509277,0.04738330841064453,0.9042961001396179
2354,1,0.11677943170070648,0.8524860739707947,0.030734384432435036
2354,2,0.09554214775562286,0.8844694495201111,0.019988389685750008
2355,0,0.04832053184509277,0.04738330841064453,0.9042961001396179
2355,1,0.11677934229373932,0.8524864912033081,0.030734170228242874
2355,2,0.09554211050271988,0.8844695091247559,0.019988300278782845
2356,0,0.04832053184509277,0.04738330841064453,0.9042961001396179
2356,1,0.11677949130535126,0.8524860143661499,0.030734511092305183
2356,2,0.09554214775562286,0.8844694495201111,0.01998843625187874
2357,0,0.04832053184509277,0.04738330841064453,0.9042961001396179
2357,1,0.11677951365709305,0.8524858355522156,0.030734578147530556
2357,2,0.09554218500852585,0.8844693303108215,0.019988462328910828
2358,0,0.04832053184509277,0.04738330841064453,0.9042961001396179
2358,1,0.11678051948547363,0.8524828553199768,0.030736668035387993
2358,2,0.09554231911897659,0.8844684362411499,0.019989242777228355
2359,0,0.04832053184509277,0.04738330841064453,0.9042961001396179
2359,1,0.11678021401166916,0.8524838089942932,0.030736016109585762
2359,2,0.09339255094528198,0.875766932964325,0.030840564519166946
2360,0,0.04832053184509277,0.04738330841064453,0.9042961001396179
2360,1,0.11677901446819305,0.8524874448776245,0.030733492225408554
2360,2,0.09554211050271988,0.8844699263572693,0.019988058134913445
2361,0,0.04832053184509277,0.04738330841064453,0.9042961001396179
2361,1,0.11677923798561096,0.852486789226532,0.0307339895516634
2361,2,0.09554212540388107,0.8844696283340454,0.01998824067413807
2362,0,0.04832053184509277,0.04738330841064453,0.9042961001396179
2362,1,0.11677934229373932,0.8524864912033081,0.030734175816178322
2362,2,0.09554213285446167,0.8844695091247559,0.019988304004073143
2363,0,0.04832053184509277,0.04738330841064453,0.9042961001396179
2363,1,0.11677901446819305,0.8524874448776245,0.030733492225408554
2363,2,0.09554211050271988,0.8844699263572693,0.019988058134913445
2364,0,0.04832053184509277,0.04738330841064453,0.9042961001396179
2364,1,0.11677943170070648,0.8524860739707947,0.030734384432435036
2364,2,0.09554214775562286,0.8844694495201111,0.019988389685750008
2365,0,0.04832053184509277,0.04738330841064453,0.9042961001396179
2365,1,0.11677934229373932,0.8524864912033081,0.030734170228242874
2365,2,0.09554211050271988,0.8844695091247559,0.019988300278782845
2366,0,0.04832053184509277,0.04738330841064453,0.9042961001396179
2366,1,0.11677949130535126,0.8524860143661499,0.030734511092305183
2366,2,0.09554214775562286,0.8844694495201111,0.01998843625187874
2367,0,0.04832053184509277,0.04738330841064453,0.9042961001396179
2367,1,0.11677951365709305,0.8524858355522156,0.030734578147530556
2367,2,0.09554218500852585,0.8844693303108215,0.019988462328910828
2368,0,0.04832053184509277,0.04738330841064453,0.9042961001396179
2368,1,0.11678051948547363,0.8524828553199768,0.030736668035387993
2368,2,0.09554231911897659,0.8844684362411499,0.019989242777228355
2369,0,0.04832053184509277,0.04738330841064453,0.9042961001396179
2369,1,0.11678021401166916,0.8524838089942932,0.030736016109585762
2369,2,0.09339255094528198,0.875766932964325,0.030840564519166946
2370,0,0.04832053184509277,0.04738330841064453,0.9042961001396179
2370,1,0.11677901446819305,0.8524874448776245,0.030733492225408554
2370,2,0.09554211050271988,0.8844699263572693,0.019988058134913445
2371,0,0.04832053184509277,0.04738330841064453,0.9042961001396179
2371,1,0.11677923798561096,0.852486789226532,0.0307339895516634
2371,2,0.09554212540388107,0.8844696283340454,0.01998824067413807
2372,0,0.04832053184509277,0.04738330841064453,0.9042961001396179
2372,1,0.11677934229373932,0.8524864912033081,0.030734175816178322
2372,2,0.09554213285446167,0.8844695091247559,0.019988304004073143
2373,0,0.04832053184509277,0.04738330841064453,0.9042961001396179
2373,1,0.11677901446819305,0.8524874448776245,0.030733492225408554
2373,2,0.09554211050271988,0.8844699263572693,0.019988058134913445
2374,0,0.04832053184509277,0.04738330841064453,0.9042961001396179
2374,1,0.11677943170070648,0.8524860739707947,0.030734384432435036
2374,2,0.09554214775562286,0.8844694495201111,0.019988389685750008
2375,0,0.04832053184509277,0.04738330841064453,0.9042961001396179
2375,1,0.11677934229373932,0.8524864912033081,0.030734170228242874
2375,2,0.09554211050271988,0.8844695091247559,0.019988300278782845
2376,0,0.04832053184509277,0.04738330841064453,0.9042961001396179
2376,1,0.11677949130535126,0.8524860143661499,0.030734511092305183
2376,2,0.09554214775562286,0.8844694495201111,0.01998843625187874
2377,0,0.04832053184509277,0.04738330841064453,0.9042961001396179
2377,1,0.11677951365709305,0.8524858355522156,0.030734578147530556
2377,2,0.09554218500852585,0.8844693303108215,0.019988462328910828
2378,0,0.04832053184509277,0.04738330841064453,0.9042961001396179
2378,1,0.11678051948547363,0.8524828553199768,0.030736668035387993
2378,2,0.09554231911897659,0.8844684362411499,0.019989242777228355
2379,0,0.04832053184509277,0.04738330841064453,0.9042961001396179
2379,1,0.11678021401166916,0.8524838089942932,0.030736016109585762
2379,2,0.09339255094528198,0.875766932964325,0.030840564519166946
2380,0,0.04832053184509277,0.04738330841064453,0.9042961001396179
2380,1,0.11677901446819305,0.8524874448776245,0.030733492225408554
2380,2,0.09554211050271988,0.8844699263572693,0.019988058134913445
2381,0,0.04832053184509277,0.04738330841064453,0.9042961001396179
2381,1,0.11677923798561096,0.852486789226532,0.0307339895516634
2381,2,0.09554212540388107,0.8844696283340454,0.01998824067413807
2382,0,0.04832053184509277,0.04738330841064453,0.9042961001396179
2382,1,0.11677934229373932,0.8524864912033081,0.030734175816178322
2382,2,0.09554213285446167,0.8844695091247559,0.019988304004073143
2383,0,0.04832053184509277,0.04738330841064453,0.9042961001396179
2383,1,0.11677901446819305,0.8524874448776245,0.030733492225408554
2383,2,0.09554211050271988,0.8844699263572693,0.019988058134913445
2384,0,0.04832053184509277,0.04738330841064453,0.9042961001396179
2384,1,0.11677943170070648,0.8524860739707947,0.030734384432435036
2384,2,0.09554214775562286,0.8844694495201111,0.019988389685750008
2385,0,0.04832053184509277,0.04738330841064453,0.9042961001396179
2385,1,0.11677934229373932,0.8524864912033081,0.030734170228242874
2385,2,0.09554211050271988,0.8844695091247559,0.019988300278782845
2386,0,0.04832053184509277,0.04738330841064453,0.9042961001396179
2386,1,0.11677949130535126,0.8524860143661499,0.030734511092305183
2386,2,0.09554214775562286,0.8844694495201111,0.01998843625187874
2387,0,0.04832053184509277,0.04738330841064453,0.9042961001396179
2387,1,0.11677951365709305,0.8524858355522156,0.030734578147530556
2387,2,0.09554218500852585,0.8844693303108215,0.019988462328910828
2388,0,0.04832053184509277,0.04738330841064453,0.9042961001396179
2388,1,0.11678051948547363,0.8524828553199768,0.030736668035387993
2388,2,0.09554231911897659,0.8844684362411499,0.019989242777228355
2389,0,0.04832053184509277,0.04738330841064453,0.9042961001396179
2389,1,0.12226579338312149,0.8454708456993103,0.03226330876350403
2389,2,0.09628075361251831,0.8716779947280884,0.0320412702858448
2390,0,0.049385469406843185,0.0465708002448082,0.9040437340736389
2390,1,0.12242255359888077,0.8452236652374268,0.032353777438402176
2390,2,0.0980672612786293,0.8814151883125305,0.020517634227871895
2391,0,0.049385469406843185,0.0465708002448082,0.9040437340736389
2391,1,0.12242282927036285,0.8452228903770447,0.03235432505607605
2391,2,0.09806732088327408,0.8814148902893066,0.020517826080322266
2392,0,0.049385469406843185,0.0465708002448082,0.9040437340736389
2392,1,0.12242292612791061,0.845222532749176,0.03235452622175217
2392,2,0.09806734323501587,0.8814148306846619,0.02051791362464428
2393,0,0.049385469406843185,0.0465708002448082,0.9040437340736389
2393,1,0.12242255359888077,0.8452236652374268,0.032353777438402176
2393,2,0.0980672612786293,0.8814151883125305,0.020517634227871895
2394,0,0.049385469406843185,0.0465708002448082,0.9040437340736389
2394,1,0.12242304533720016,0.8452221155166626,0.03235475718975067
2394,2,0.09806735813617706,0.8814145922660828,0.020517989993095398
2395,0,0.049385469406843185,0.0465708002448082,0.9040437340736389
2395,1,0.122422955930233,0.845222532749176,0.03235452622175217
2395,2,0.09806734323501587,0.8814148306846619,0.020517904311418533
2396,0,0.049385469406843185,0.0465708002448082,0.9040437340736389
2396,1,0.12242315709590912,0.8452219367027283,0.032354921102523804
2396,2,0.09806738048791885,0.881414532661438,0.020518053323030472
2397,0,0.049385469406843185,0.0465708002448082,0.9040437340736389
2397,1,0.12242317199707031,0.8452218770980835,0.03235498070716858
2397,2,0.09806738048791885,0.881414532661438,0.020518073812127113
2398,0,0.049385469406843185,0.0465708002448082,0.9040437340736389
2398,1,0.12242434918880463,0.8452183604240417,0.03235727548599243
2398,2,0.09806762635707855,0.8814134001731873,0.02051890641450882
2399,0,0.049385469406843185,0.0465708002448082,0.9040437340736389
2399,1,0.12242398411035538,0.8452194929122925,0.03235655277967453
2399,2,0.0963464304804802,0.8715417981147766,0.032111793756484985
2400,0,0.049385469406843185,0.0465708002448082,0.9040437340736389
2400,1,0.12242255359888077,0.8452236652374268,0.032353777438402176
2400,2,0.0980672612786293,0.8814151883125305,0.020517634227871895
2401,0,0.049385469406843185,0.0465708002448082,0.9040437340736389
2401,1,0.12242282927036285,0.8452228903770447,0.03235432505607605
2401,2,0.09806732088327408,0.8814148902893066,0.020517826080322266
2402,0,0.049385469406843185,0.0465708002448082,0.9040437340736389
2402,1,0.12242292612791061,0.845222532749176,0.03235452622175217
2402,2,0.09806734323501587,0.8814148306846619,0.02051791362464428
2403,0,0.049385469406843185,0.0465708002448082,0.9040437340736389
2403,1,0.12242255359888077,0.8452236652374268,0.032353777438402176
2403,2,0.0980672612786293,0.8814151883125305,0.020517634227871895
2404,0,0.049385469406843185,0.0465708002448082,0.9040437340736389
2404,1,0.12242304533720016,0.8452221155166626,0.03235475718975067
2404,2,0.09806735813617706,0.8814145922660828,0.020517989993095398
2405,0,0.049385469406843185,0.0465708002448082,0.9040437340736389
2405,1,0.122422955930233,0.845222532749176,0.03235452622175217
2405,2,0.09806734323501587,0.8814148306846619,0.020517904311418533
2406,0,0.049385469406843185,0.0465708002448082,0.9040437340736389
2406,1,0.12242315709590912,0.8452219367027283,0.032354921102523804
2406,2,0.09806738048791885,0.881414532661438,0.020518053323030472
2407,0,0.049385469406843185,0.0465708002448082,0.9040437340736389
2407,1,0.12242317199707031,0.8452218770980835,0.03235498070716858
2407,2,0.09806738048791885,0.881414532661438,0.020518073812127113
2408,0,0.049385469406843185,0.0465708002448082,0.9040437340736389
2408,1,0.12242434918880463,0.8452183604240417,0.03235727548599243
2408,2,0.09806762635707855,0.8814134001731873,0.02051890641450882
2409,0,0.049385469406843185,0.0465708002448082,0.9040437340736389
2409,1,0.12242398411035538,0.8452194929122925,0.03235655277967453
2409,2,0.0963464304804802,0.8715417981147766,0.032111793756484985
2410,0,0.049385469406843185,0.0465708002448082,0.9040437340736389
2410,1,0.12242255359888077,0.8452236652374268,0.032353777438402176
2410,2,0.0980672612786293,0.8814151883125305,0.020517634227871895
2411,0,0.049385469406843185,0.0465708002448082,0.9040437340736389
2411,1,0.12242282927036285,0.8452228903770447,0.03235432505607605
2411,2,0.09806732088327408,0.8814148902893066,0.020517826080322266
2412,0,0.049385469406843185,0.0465708002448082,0.9040437340736389
2412,1,0.12242292612791061,0.845222532749176,0.03235452622175217
2412,2,0.09806734323501587,0.8814148306846619,0.02051791362464428
2413,0,0.049385469406843185,0.0465708002448082,0.9040437340736389
2413,1,0.12242255359888077,0.8452236652374268,0.032353777438402176
2413,2,0.0980672612786293,0.8814151883125305,0.020517634227871895
2414,0,0.049385469406843185,0.0465708002448082,0.9040437340736389
2414,1,0.12242304533720016,0.8452221155166626,0.03235475718975067
2414,2,0.09806735813617706,0.8814145922660828,0.020517989993095398
2415,0,0.049385469406843185,0.0465708002448082,0.9040437340736389
2415,1,0.122422955930233,0.845222532749176,0.03235452622175217
2415,2,0.09806734323501587,0.8814148306846619,0.020517904311418533
2416,0,0.049385469406843185,0.0465708002448082,0.9040437340736389
2416,1,0.12242315709590912,0.8452219367027283,0.032354921102523804
2416,2,0.09806738048791885,0.881414532661438,0.020518053323030472
2417,0,0.049385469406843185,0.0465708002448082,0.9040437340736389
2417,1,0.12242317199707031,0.8452218770980835,0.03235498070716858
2417,2,0.09806738048791885,0.881414532661438,0.020518073812127113
2418,0,0.049385469406843185,0.0465708002448082,0.9040437340736389
2418,1,0.12242434918880463,0.8452183604240417,0.03235727548599243
2418,2,0.09806762635707855,0.8814134001731873,0.02051890641450882
2419,0,0.049385469406843185,0.0465708002448082,0.9040437340736389
2419,1,0.12242398411035538,0.8452194929122925,0.03235655277967453
2419,2,0.0963464304804802,0.8715417981147766,0.032111793756484985
2420,0,0.049385469406843185,0.0465708002448082,0.9040437340736389
2420,1,0.12242255359888077,0.8452236652374268,0.032353777438402176
2420,2,0.0980672612786293,0.8814151883125305,0.020517634227871895
2421,0,0.049385469406843185,0.0465708002448082,0.9040437340736389
2421,1,0.12242282927036285,0.8452228903770447,0.03235432505607605
2421,2,0.09806732088327408,0.8814148902893066,0.020517826080322266
2422,0,0.049385469406843185,0.0465708002448082,0.9040437340736389
2422,1,0.12242292612791061,0.845222532749176,0.03235452622175217
2422,2,0.09806734323501587,0.8814148306846619,0.02051791362464428
2423,0,0.049385469406843185,0.0465708002448082,0.9040437340736389
2423,1,0.12242255359888077,0.8452236652374268,0.032353777438402176
2423,2,0.0980672612786293,0.8814151883125305,0.020517634227871895
2424,0,0.049385469406843185,0.0465708002448082,0.9040437340736389
2424,1,0.12242304533720016,0.8452221155166626,0.03235475718975067
2424,2,0.09806735813617706,0.8814145922660828,0.020517989993095398
2425,0,0.049385469406843185,0.0465708002448082,0.9040437340736389
2425,1,0.122422955930233,0.845222532749176,0.03235452622175217
2425,2,0.09806734323501587,0.8814148306846619,0.020517904311418533
2426,0,0.049385469406843185,0.0465708002448082,0.9040437340736389
2426,1,0.12242315709590912,0.8452219367027283,0.032354921102523804
2426,2,0.09806738048791885,0.881414532661438,0.020518053323030472
2427,0,0.049385469406843185,0.0465708002448082,0.9040437340736389
2427,1,0.12242317199707031,0.8452218770980835,0.03235498070716858
2427,2,0.09806738048791885,0.881414532661438,0.020518073812127113
2428,0,0.049385469406843185,0.0465708002448082,0.9040437340736389
2428,1,0.12242434918880463,0.8452183604240417,0.03235727548599243
2428,2,0.09806762635707855,0.8814134001731873,0.02051890641450882
2429,0,0.049385469406843185,0.0465708002448082,0.9040437340736389
2429,1,0.12242398411035538,0.8452194929122925,0.03235655277967453
2429,2,0.0963464304804802,0.8715417981147766,0.032111793756484985
2430,0,0.049385469406843185,0.0465708002448082,0.9040437340736389
2430,1,0.12242255359888077,0.8452236652374268,0.032353777438402176
2430,2,0.0980672612786293,0.8814151883125305,0.020517634227871895
2431,0,0.049385469406843185,0.0465708002448082,0.9040437340736389
2431,1,0.12242282927036285,0.8452228903770447,0.03235432505607605
2431,2,0.09806732088327408,0.8814148902893066,0.020517826080322266
2432,0,0.049385469406843185,0.0465708002448082,0.9040437340736389
2432,1,0.12242292612791061,0.845222532749176,0.03235452622175217
2432,2,0.09806734323501587,0.8814148306846619,0.02051791362464428
2433,0,0.049385469406843185,0.0465708002448082,0.9040437340736389
2433,1,0.12242255359888077,0.8452236652374268,0.032353777438402176
2433,2,0.0980672612786293,0.8814151883125305,0.020517634227871895
2434,0,0.049385469406843185,0.0465708002448082,0.9040437340736389
2434,1,0.12242304533720016,0.8452221155166626,0.03235475718975067
2434,2,0.09806735813617706,0.8814145922660828,0.020517989993095398
2435,0,0.049385469406843185,0.0465708002448082,0.9040437340736389
2435,1,0.122422955930233,0.845222532749176,0.03235452622175217
2435,2,0.09806734323501587,0.8814148306846619,0.020517904311418533
2436,0,0.049385469406843185,0.0465708002448082,0.9040437340736389
2436,1,0.12242315709590912,0.8452219367027283,0.032354921102523804
2436,2,0.09806738048791885,0.881414532661438,0.020518053323030472
2437,0,0.049385469406843185,0.0465708002448082,0.9040437340736389
2437,1,0.12242317199707031,0.8452218770980835,0.03235498070716858
2437,2,0.09806738048791885,0.881414532661438,0.020518073812127113
2438,0,0.049385469406843185,0.0465708002448082,0.9040437340736389
2438,1,0.12242434918880463,0.8452183604240417,0.03235727548599243
2438,2,0.09806762635707855,0.8814134001731873,0.02051890641450882
2439,0,0.049385469406843185,0.0465708002448082,0.9040437340736389
2439,1,0.12242398411035538,0.8452194929122925,0.03235655277967453
2439,2,0.0963464304804802,0.8715417981147766,0.032111793756484985
2440,0,0.049385469406843185,0.0465708002448082,0.9040437340736389
2440,1,0.12242255359888077,0.8452236652374268,0.032353777438402176
2440,2,0.0980672612786293,0.8814151883125305,0.020517634227871895
2441,0,0.049385469406843185,0.0465708002448082,0.9040437340736389
2441,1,0.12242282927036285,0.8452228903770447,0.03235432505607605
2441,2,0.09806732088327408,0.8814148902893066,0.020517826080322266
2442,0,0.049385469406843185,0.0465708002448082,0.9040437340736389
2442,1,0.12242292612791061,0.845222532749176,0.03235452622175217
2442,2,0.09806734323501587,0.8814148306846619,0.02051791362464428
2443,0,0.049385469406843185,0.0465708002448082,0.9040437340736389
2443,1,0.12242255359888077,0.8452236652374268,0.032353777438402176
2443,2,0.0980672612786293,0.8814151883125305,0.020517634227871895
2444,0,0.049385469406843185,0.0465708002448082,0.9040437340736389
2444,1,0.12242304533720016,0.8452221155166626,0.03235475718975067
2444,2,0.09806735813617706,0.8814145922660828,0.020517989993095398
2445,0,0.049385469406843185,0.0465708002448082,0.9040437340736389
2445,1,0.122422955930233,0.845222532749176,0.03235452622175217
2445,2,0.09806734323501587,0.8814148306846619,0.020517904311418533
2446,0,0.049385469406843185,0.0465708002448082,0.9040437340736389
2446,1,0.12242315709590912,0.8452219367027283,0.032354921102523804
2446,2,0.09806738048791885,0.881414532661438,0.020518053323030472
2447,0,0.049385469406843185,0.0465708002448082,0.9040437340736389
2447,1,0.12242317199707031,0.8452218770980835,0.03235498070716858
2447,2,0.09806738048791885,0.881414532661438,0.020518073812127113
2448,0,0.049385469406843185,0.0465708002448082,0.9040437340736389
2448,1,0.12242434918880463,0.8452183604240417,0.03235727548599243
2448,2,0.09806762635707855,0.8814134001731873,0.02051890641450882
2449,0,0.049385469406843185,0.0465708002448082,0.9040437340736389
2449,1,0.12242398411035538,0.8452194929122925,0.03235655277967453
2449,2,0.0963464304804802,0.8715417981147766,0.032111793756484985
2450,0,0.049385469406843185,0.0465708002448082,0.9040437340736389
2450,1,0.12242255359888077,0.8452236652374268,0.032353777438402176
2450,2,0.0980672612786293,0.8814151883125305,0.020517634227871895
2451,0,0.049385469406843185,0.0465708002448082,0.9040437340736389
2451,1,0.12242282927036285,0.8452228903770447,0.03235432505607605
2451,2,0.09806732088327408,0.8814148902893066,0.020517826080322266
2452,0,0.049385469406843185,0.0465708002448082,0.9040437340736389
2452,1,0.12242292612791061,0.845222532749176,0.03235452622175217
2452,2,0.09806734323501587,0.8814148306846619,0.02051791362464428
2453,0,0.049385469406843185,0.0465708002448082,0.9040437340736389
2453,1,0.12242255359888077,0.8452236652374268,0.032353777438402176
2453,2,0.0980672612786293,0.8814151883125305,0.020517634227871895
2454,0,0.049385469406843185,0.0465708002448082,0.9040437340736389
2454,1,0.12242304533720016,0.8452221155166626,0.03235475718975067
2454,2,0.09806735813617706,0.8814145922660828,0.020517989993095398
2455,0,0.049385469406843185,0.0465708002448082,0.9040437340736389
2455,1,0.122422955930233,0.845222532749176,0.03235452622175217
2455,2,0.09806734323501587,0.8814148306846619,0.020517904311418533
2456,0,0.049385469406843185,0.0465708002448082,0.9040437340736389
2456,1,0.12242315709590912,0.8452219367027283,0.032354921102523804
2456,2,0.09806738048791885,0.881414532661438,0.020518053323030472
2457,0,0.049385469406843185,0.0465708002448082,0.9040437340736389
2457,1,0.12242317199707031,0.8452218770980835,0.03235498070716858
2457,2,0.09806738048791885,0.881414532661438,0.020518073812127113
2458,0,0.049385469406843185,0.0465708002448082,0.9040437340736389
2458,1,0.12242434918880463,0.8452183604240417,0.03235727548599243
2458,2,0.09806762635707855,0.8814134001731873,0.02051890641450882
2459,0,0.049385469406843185,0.0465708002448082,0.9040437340736389
2459,1,0.12242398411035538,0.8452194929122925,0.03235655277967453
2459,2,0.0963464304804802,0.8715417981147766,0.032111793756484985
2460,0,0.049385469406843185,0.0465708002448082,0.9040437340736389
2460,1,0.12242255359888077,0.8452236652374268,0.032353777438402176
2460,2,0.0980672612786293,0.8814151883125305,0.020517634227871895
2461,0,0.049385469406843185,0.0465708002448082,0.9040437340736389
2461,1,0.12242282927036285,0.8452228903770447,0.03235432505607605
2461,2,0.09806732088327408,0.8814148902893066,0.020517826080322266
2462,0,0.049385469406843185,0.0465708002448082,0.9040437340736389
2462,1,0.12242292612791061,0.845222532749176,0.03235452622175217
2462,2,0.09806734323501587,0.8814148306846619,0.02051791362464428
2463,0,0.049385469406843185,0.0465708002448082,0.9040437340736389
2463,1,0.12242255359888077,0.8452236652374268,0.032353777438402176
2463,2,0.0980672612786293,0.8814151883125305,0.020517634227871895
2464,0,0.049385469406843185,0.0465708002448082,0.9040437340736389
2464,1,0.12242304533720016,0.8452221155166626,0.03235475718975067
2464,2,0.09806735813617706,0.8814145922660828,0.020517989993095398
2465,0,0.049385469406843185,0.0465708002448082,0.9040437340736389
2465,1,0.122422955930233,0.845222532749176,0.03235452622175217
2465,2,0.09806734323501587,0.8814148306846619,0.020517904311418533
2466,0,0.049385469406843185,0.0465708002448082,0.9040437340736389
2466,1,0.12242315709590912,0.8452219367027283,0.032354921102523804
2466,2,0.09806738048791885,0.881414532661438,0.020518053323030472
2467,0,0.049385469406843185,0.0465708002448082,0.9040437340736389
2467,1,0.12242317199707031,0.8452218770980835,0.03235498070716858
2467,2,0.09806738048791885,0.881414532661438,0.020518073812127113
2468,0,0.049385469406843185,0.0465708002448082,0.9040437340736389
2468,1,0.12242434918880463,0.8452183604240417,0.03235727548599243
2468,2,0.09806762635707855,0.8814134001731873,0.02051890641450882
2469,0,0.049385469406843185,0.0465708002448082,0.9040437340736389
2469,1,0.12242398411035538,0.8452194929122925,0.03235655277967453
2469,2,0.0963464304804802,0.8715417981147766,0.032111793756484985
2470,0,0.049385469406843185,0.0465708002448082,0.9040437340736389
2470,1,0.12242255359888077,0.8452236652374268,0.032353777438402176
2470,2,0.0980672612786293,0.8814151883125305,0.020517634227871895
2471,0,0.049385469406843185,0.0465708002448082,0.9040437340736389
2471,1,0.12242282927036285,0.8452228903770447,0.03235432505607605
2471,2,0.09806732088327408,0.8814148902893066,0.020517826080322266
2472,0,0.049385469406843185,0.0465708002448082,0.9040437340736389
2472,1,0.12242292612791061,0.845222532749176,0.03235452622175217
2472,2,0.09806734323501587,0.8814148306846619,0.02051791362464428
2473,0,0.049385469406843185,0.0465708002448082,0.9040437340736389
2473,1,0.12242255359888077,0.8452236652374268,0.032353777438402176
2473,2,0.0980672612786293,0.8814151883125305,0.020517634227871895
2474,0,0.049385469406843185,0.0465708002448082,0.9040437340736389
2474,1,0.12242304533720016,0.8452221155166626,0.03235475718975067
2474,2,0.14556249976158142,0.8297604918479919,0.024677058681845665
2475,0,0.04881524667143822,0.04510865733027458,0.9060760736465454
2475,1,0.1850862056016922,0.7669265866279602,0.04798724502325058
2475,2,0.14614982903003693,0.8085470199584961,0.04530317708849907
2476,0,0.04881524667143822,0.04510865733027458,0.9060760736465454
2476,1,0.18508808314800262,0.7669200301170349,0.047991883009672165
2476,2,0.14771205186843872,0.8264488577842712,0.02583911642432213
2477,0,0.04881524667143822,0.04510865733027458,0.9060760736465454
2477,1,0.18508568406105042,0.7669283747673035,0.04798596352338791
2477,2,0.14771106839179993,0.8264517784118652,0.025837162509560585
2478,0,0.04881524667143822,0.04510865733027458,0.9060760736465454
2478,1,0.18508660793304443,0.7669252157211304,0.04798826202750206
2478,2,0.14771145582199097,0.8264506459236145,0.025837915018200874
2479,0,0.04881524667143822,0.04510865733027458,0.9060760736465454
2479,1,0.1850876808166504,0.7669215202331543,0.04799085482954979
2479,2,0.14615096151828766,0.8085422515869141,0.045306820422410965
2480,0,0.04881524667143822,0.04510865733027458,0.9060760736465454
2480,1,0.18508568406105042,0.7669283747673035,0.04798596352338791
2480,2,0.14771106839179993,0.8264517784118652,0.025837162509560585
2481,0,0.04881524667143822,0.04510865733027458,0.9060760736465454
2481,1,0.18508568406105042,0.7669283747673035,0.04798596352338791
2481,2,0.1529964655637741,0.8284018039703369,0.01860177144408226
2482,0,0.04881524667143822,0.04510865733027458,0.9060760736465454
2482,1,0.1850862205028534,0.7669264674186707,0.04798729717731476
2482,2,0.14771130681037903,0.8264510631561279,0.02583760768175125
2483,0,0.04881524667143822,0.04510865733027458,0.9060760736465454
2483,1,0.18508687615394592,0.7669241428375244,0.047988951206207275
2483,2,0.14771157503128052,0.8264502286911011,0.025838160887360573
2484,0,0.04881524667143822,0.04510865733027458,0.9060760736465454
2484,1,0.18508568406105042,0.7669283747673035,0.04798596352338791
2484,2,0.14771106839179993,0.8264517784118652,0.025837162509560585
2485,0,0.04881524667143822,0.04510865733027458,0.9060760736465454
2485,1,0.18508568406105042,0.7669283747673035,0.04798596352338791
2485,2,0.14614945650100708,0.808548629283905,0.045301906764507294
2486,0,0.04881524667143822,0.04510865733027458,0.9060760736465454
2486,1,0.1850867122411728,0.7669248580932617,0.047988492995500565
2486,2,0.14771147072315216,0.8264504671096802,0.02583799697458744
2487,0,0.04881524667143822,0.04510865733027458,0.9060760736465454
2487,1,0.18508696556091309,0.7669239640235901,0.04798907786607742
2487,2,0.14771157503128052,0.8264502286911011,0.025838198140263557
2488,0,0.04881524667143822,0.04510865733027458,0.9060760736465454
2488,1,0.1850937157869339,0.7669005393981934,0.048005782067775726
2488,2,0.14771431684494019,0.8264420032501221,0.025843694806098938
2489,0,0.04881524667143822,0.04510865733027458,0.9060760736465454
2489,1,0.18508711457252502,0.7669235467910767,0.04798942804336548
2489,2,0.14615049958229065,0.8085440993309021,0.045305389910936356
2490,0,0.04881524667143822,0.04510865733027458,0.9060760736465454
2490,1,0.18508568406105042,0.7669283747673035,0.04798596352338791
2490,2,0.14771106839179993,0.8264517784118652,0.025837162509560585
2491,0,0.04881524667143822,0.04510865733027458,0.9060760736465454
2491,1,0.18508568406105042,0.7669283747673035,0.04798596352338791
2491,2,0.1529964655637741,0.8284018039703369,0.01860177144408226
2492,0,0.04881524667143822,0.04510865733027458,0.9060760736465454
2492,1,0.18508568406105042,0.7669283747673035,0.04798596352338791
2492,2,0.14771106839179993,0.8264517784118652,0.025837162509560585
2493,0,0.04881524667143822,0.04510865733027458,0.9060760736465454
2493,1,0.18509455025196075,0.7668976783752441,0.04800780117511749
2493,2,0.14771465957164764,0.8264409899711609,0.02584436535835266
2494,0,0.04881524667143822,0.04510865733027458,0.9060760736465454
2494,1,0.18508568406105042,0.7669283747673035,0.04798596352338791
2494,2,0.14771106839179993,0.8264517784118652,0.025837162509560585
2495,0,0.04881524667143822,0.04510865733027458,0.9060760736465454
2495,1,0.18508568406105042,0.7669283747673035,0.04798596352338791
2495,2,0.14614945650100708,0.808548629283905,0.045301906764507294
2496,0,0.04881524667143822,0.04510865733027458,0.9060760736465454
2496,1,0.18509025871753693,0.7669122815132141,0.04799734055995941
2496,2,0.14771294593811035,0.8264461755752563,0.025840915739536285
2497,0,0.04881524667143822,0.04510865733027458,0.9060760736465454
2497,1,0.18508699536323547,0.7669239044189453,0.04798918589949608
2497,2,0.1477115899324417,0.8264501690864563,0.025838220492005348
2498,0,0.04881524667143822,0.04510865733027458,0.9060760736465454
2498,1,0.18508568406105042,0.7669283747673035,0.04798596352338791
2498,2,0.14771106839179993,0.8264517784118652,0.025837162509560585
2499,0,0.04881524667143822,0.04510865733027458,0.9060760736465454
2499,1,0.18508946895599365,0.7669152617454529,0.04799528047442436
2499,2,0.1461523175239563,0.8085364103317261,0.04531128704547882
2500,0,0.04881524667143822,0.04510865733027458,0.9060760736465454
2500,1,0.18508568406105042,0.7669283747673035,0.04798596352338791
2500,2,0.14771106839179993,0.8264517784118652,0.025837162509560585
2501,0,0.04881524667143822,0.04510865733027458,0.9060760736465454
2501,1,0.18508611619472504,0.7669268250465393,0.04798703268170357
2501,2,0.15299659967422485,0.828401505947113,0.018601909279823303
2502,0,0.04881524667143822,0.04510865733027458,0.9060760736465454
2502,1,0.18508614599704742,0.7669265866279602,0.04798717796802521
2502,2,0.14771129190921783,0.8264512419700623,0.02583756484091282
2503,0,0.04881524667143822,0.04510865733027458,0.9060760736465454
2503,1,0.18509407341480255,0.7668993473052979,0.048006631433963776
2503,2,0.14771442115306854,0.8264415860176086,0.02584397792816162
2504,0,0.04881524667143822,0.04510865733027458,0.9060760736465454
2504,1,0.18508568406105042,0.7669283747673035,0.04798596352338791
2504,2,0.14771106839179993,0.8264517784118652,0.025837162509560585
2505,0,0.04881524667143822,0.04510865733027458,0.9060760736465454
2505,1,0.18508568406105042,0.7669283747673035,0.04798596352338791
2505,2,0.14614945650100708,0.808548629283905,0.045301906764507294
2506,0,0.04881524667143822,0.04510865733027458,0.9060760736465454
2506,1,0.1850959062576294,0.7668929100036621,0.048011187463998795
2506,2,0.14771518111228943,0.8264393210411072,0.025845477357506752
2507,0,0.04881524667143822,0.04510865733027458,0.9060760736465454
2507,1,0.18508568406105042,0.7669283747673035,0.04798596352338791
2507,2,0.14771106839179993,0.8264517784118652,0.025837162509560585
2508,0,0.04881524667143822,0.04510865733027458,0.9060760736465454
2508,1,0.18508689105510712,0.7669240236282349,0.04798904433846474
2508,2,0.14771157503128052,0.8264502286911011,0.025838185101747513
2509,0,0.04881524667143822,0.04510865733027458,0.9060760736465454
2509,1,0.18508711457252502,0.7669233083724976,0.04798956215381622
2509,2,0.14615052938461304,0.808543860912323,0.04530549421906471
2510,0,0.04881524667143822,0.04510865733027458,0.9060760736465454
2510,1,0.18508568406105042,0.7669283747673035,0.04798596352338791
2510,2,0.14771106839179993,0.8264517784118652,0.025837162509560585
2511,0,0.04881524667143822,0.04510865733027458,0.9060760736465454
2511,1,0.18508568406105042,0.7669283747673035,0.04798596352338791
2511,2,0.1529964655637741,0.8284018039703369,0.01860177144408226
2512,0,0.04881524667143822,0.04510865733027458,0.9060760736465454
2512,1,0.18508568406105042,0.7669283747673035,0.04798596352338791
2512,2,0.14771106839179993,0.8264517784118652,0.025837162509560585
2513,0,0.04881524667143822,0.04510865733027458,0.9060760736465454
2513,1,0.18509365618228912,0.7669005990028381,0.04800567030906677
2513,2,0.1477142721414566,0.8264421224594116,0.025843655690550804
2514,0,0.04881524667143822,0.04510865733027458,0.9060760736465454
2514,1,0.18508568406105042,0.7669283747673035,0.04798596352338791
2514,2,0.14771106839179993,0.8264517784118652,0.025837162509560585
2515,0,0.04881524667143822,0.04510865733027458,0.9060760736465454
2515,1,0.18508568406105042,0.7669283747673035,0.04798596352338791
2515,2,0.14614945650100708,0.808548629283905,0.045301906764507294
2516,0,0.04881524667143822,0.04510865733027458,0.9060760736465454
2516,1,0.18510380387306213,0.766865611076355,0.04803061485290527
2516,2,0.14771834015846252,0.8264297842979431,0.02585187740623951
2517,0,0.04881524667143822,0.04510865733027458,0.9060760736465454
2517,1,0.1850869059562683,0.7669241428375244,0.04798901826143265
2517,2,0.14771157503128052,0.8264502286911011,0.025838173925876617
2518,0,0.04881524667143822,0.04510865733027458,0.9060760736465454
2518,1,0.18508568406105042,0.7669283747673035,0.04798596352338791
2518,2,0.14771106839179993,0.8264517784118652,0.025837162509560585
2519,0,0.04881524667143822,0.04510865733027458,0.9060760736465454
2519,1,0.185089573264122,0.7669149041175842,0.04799554497003555
2519,2,0.14615239202976227,0.8085361123085022,0.04531155526638031
2520,0,0.04881524667143822,0.04510865733027458,0.9060760736465454
2520,1,0.18508568406105042,0.7669283747673035,0.04798596352338791
2520,2,0.14771106839179993,0.8264517784118652,0.025837162509560585
2521,0,0.04881524667143822,0.04510865733027458,0.9060760736465454
2521,1,0.18508568406105042,0.7669283747673035,0.04798596352338791
2521,2,0.1529964655637741,0.8284018039703369,0.01860177144408226
2522,0,0.04881524667143822,0.04510865733027458,0.9060760736465454
2522,1,0.1850862056016922,0.7669264674186707,0.04798728600144386
2522,2,0.14771130681037903,0.8264510631561279,0.02583760768175125
2523,0,0.04881524667143822,0.04510865733027458,0.9060760736465454
2523,1,0.1850879192352295,0.7669204473495483,0.0479915551841259
2523,2,0.14771196246147156,0.826448917388916,0.02583901956677437
2524,0,0.04881524667143822,0.04510865733027458,0.9060760736465454
2524,1,0.18508568406105042,0.7669283747673035,0.04798596352338791
2524,2,0.14771106839179993,0.8264517784118652,0.025837162509560585
2525,0,0.04881524667143822,0.04510865733027458,0.9060760736465454
2525,1,0.18508568406105042,0.7669283747673035,0.04798596352338791
2525,2,0.14614945650100708,0.808548629283905,0.045301906764507294
2526,0,0.04881524667143822,0.04510865733027458,0.9060760736465454
2526,1,0.1850958615541458,0.7668929696083069,0.04801112413406372
2526,2,0.14771518111228943,0.8264393210411072,0.025845453143119812
2527,0,0.04881524667143822,0.04510865733027458,0.9060760736465454
2527,1,0.18508833646774292,0.7669190168380737,0.04799256846308708
2527,2,0.14771220088005066,0.8264485597610474,0.02583935298025608
2528,0,0.04881524667143822,0.04510865733027458,0.9060760736465454
2528,1,0.18508568406105042,0.7669283747673035,0.04798596352338791
2528,2,0.14771106839179993,0.8264517784118652,0.025837162509560585
2529,0,0.04881524667143822,0.04510865733027458,0.9060760736465454
2529,1,0.18508568406105042,0.7669283747673035,0.04798596352338791
2529,2,0.14614945650100708,0.808548629283905,0.045301906764507294
2530,0,0.04881524667143822,0.04510865733027458,0.9060760736465454
2530,1,0.18508568406105042,0.7669283747673035,0.04798596352338791
2530,2,0.14771106839179993,0.8264517784118652,0.025837162509560585
2531,0,0.04881524667143822,0.04510865733027458,0.9060760736465454
2531,1,0.18508568406105042,0.7669283747673035,0.04798596352338791
2531,2,0.1529964655637741,0.8284018039703369,0.01860177144408226
2532,0,0.04881524667143822,0.04510865733027458,0.9060760736465454
2532,1,0.185086190700531,0.7669265270233154,0.04798728972673416
2532,2,0.14771130681037903,0.8264510631561279,0.02583760768175125
2533,0,0.04881524667143822,0.04510865733027458,0.9060760736465454
2533,1,0.18508653342723846,0.7669252753257751,0.047988153994083405
2533,2,0.14771144092082977,0.8264506459236145,0.025837890803813934
2534,0,0.04881524667143822,0.04510865733027458,0.9060760736465454
2534,1,0.18508568406105042,0.7669283747673035,0.04798596352338791
2534,2,0.14771106839179993,0.8264517784118652,0.025837162509560585
2535,0,0.04881524667143822,0.04510865733027458,0.9060760736465454
2535,1,0.18508568406105042,0.7669283747673035,0.04798596352338791
2535,2,0.14614945650100708,0.808548629283905,0.045301906764507294
2536,0,0.04881524667143822,0.04510865733027458,0.9060760736465454
2536,1,0.18508900701999664,0.7669168710708618,0.04799414798617363
2536,2,0.14771240949630737,0.8264477252960205,0.025839855894446373
2537,0,0.04881524667143822,0.04510865733027458,0.9060760736465454
2537,1,0.18508635461330414,0.7669259309768677,0.0479876846075058
2537,2,0.1477113515138626,0.8264508843421936,0.025837738066911697
2538,0,0.04881524667143822,0.04510865733027458,0.9060760736465454
2538,1,0.18508568406105042,0.7669283747673035,0.04798596352338791
2538,2,0.14771106839179993,0.8264517784118652,0.025837162509560585
2539,0,0.04881524667143822,0.04510865733027458,0.9060760736465454
2539,1,0.18508568406105042,0.7669283747673035,0.04798596352338791
2539,2,0.14614945650100708,0.808548629283905,0.045301906764507294
2540,0,0.04881524667143822,0.04510865733027458,0.9060760736465454
2540,1,0.18508568406105042,0.7669283747673035,0.04798596352338791
2540,2,0.14771106839179993,0.8264517784118652,0.025837162509560585
2541,0,0.04881524667143822,0.04510865733027458,0.9060760736465454
2541,1,0.18508568406105042,0.7669283747673035,0.04798596352338791
2541,2,0.1529964655637741,0.8284018039703369,0.01860177144408226
2542,0,0.04881524667143822,0.04510865733027458,0.9060760736465454
2542,1,0.185086190700531,0.7669265270233154,0.04798728972673416
2542,2,0.14771130681037903,0.8264510631561279,0.02583760768175125
2543,0,0.04881524667143822,0.04510865733027458,0.9060760736465454
2543,1,0.18508653342723846,0.7669252753257751,0.047988153994083405
2543,2,0.14771144092082977,0.8264506459236145,0.025837890803813934
2544,0,0.04881524667143822,0.04510865733027458,0.9060760736465454
2544,1,0.18508568406105042,0.7669283747673035,0.04798596352338791
2544,2,0.14771106839179993,0.8264517784118652,0.025837162509560585
2545,0,0.04881524667143822,0.04510865733027458,0.9060760736465454
2545,1,0.18508568406105042,0.7669283747673035,0.04798596352338791
2545,2,0.14614945650100708,0.808548629283905,0.045301906764507294
2546,0,0.04881524667143822,0.04510865733027458,0.9060760736465454
2546,1,0.18508900701999664,0.7669168710708618,0.04799414798617363
2546,2,0.14771240949630737,0.8264477252960205,0.025839855894446373
2547,0,0.04881524667143822,0.04510865733027458,0.9060760736465454
2547,1,0.18508635461330414,0.7669259309768677,0.0479876846075058
2547,2,0.1477113515138626,0.8264508843421936,0.025837738066911697
2548,0,0.04881524667143822,0.04510865733027458,0.9060760736465454
2548,1,0.18508568406105042,0.7669283747673035,0.04798596352338791
2548,2,0.14771106839179993,0.8264517784118652,0.025837162509560585
2549,0,0.04881524667143822,0.04510865733027458,0.9060760736465454
2549,1,0.18508568406105042,0.7669283747673035,0.04798596352338791
2549,2,0.14614945650100708,0.808548629283905,0.045301906764507294
2550,0,0.04881524667143822,0.04510865733027458,0.9060760736465454
2550,1,0.18508568406105042,0.7669283747673035,0.04798596352338791
2550,2,0.14771106839179993,0.8264517784118652,0.025837162509560585
2551,0,0.04881524667143822,0.04510865733027458,0.9060760736465454
2551,1,0.18508568406105042,0.7669283747673035,0.04798596352338791
2551,2,0.1529964655637741,0.8284018039703369,0.01860177144408226
2552,0,0.04881524667143822,0.04510865733027458,0.9060760736465454
2552,1,0.185086190700531,0.7669265270233154,0.04798728972673416
2552,2,0.14771130681037903,0.8264510631561279,0.02583760768175125
2553,0,0.04881524667143822,0.04510865733027458,0.9060760736465454
2553,1,0.18508653342723846,0.7669252753257751,0.047988153994083405
2553,2,0.14771144092082977,0.8264506459236145,0.025837890803813934
2554,0,0.04881524667143822,0.04510865733027458,0.9060760736465454
2554,1,0.18508568406105042,0.7669283747673035,0.04798596352338791
2554,2,0.14771106839179993,0.8264517784118652,0.025837162509560585
2555,0,0.04881524667143822,0.04510865733027458,0.9060760736465454
2555,1,0.18508568406105042,0.7669283747673035,0.04798596352338791
2555,2,0.14614945650100708,0.808548629283905,0.045301906764507294
2556,0,0.04881524667143822,0.04510865733027458,0.9060760736465454
2556,1,0.18508900701999664,0.7669168710708618,0.04799414798617363
2556,2,0.14771240949630737,0.8264477252960205,0.025839855894446373
2557,0,0.04881524667143822,0.04510865733027458,0.9060760736465454
2557,1,0.18508635461330414,0.7669259309768677,0.0479876846075058
2557,2,0.1477113515138626,0.8264508843421936,0.025837738066911697
2558,0,0.04881524667143822,0.04510865733027458,0.9060760736465454
2558,1,0.18508568406105042,0.7669283747673035,0.04798596352338791
2558,2,0.14771106839179993,0.8264517784118652,0.025837162509560585
2559,0,0.04881524667143822,0.04510865733027458,0.9060760736465454
2559,1,0.18508568406105042,0.7669283747673035,0.04798596352338791
2559,2,0.14614945650100708,0.808548629283905,0.045301906764507294
2560,0,0.05267500877380371,0.05013597756624222,0.8971890211105347
2560,1,0.23510174453258514,0.7387672066688538,0.026131078600883484
2560,2,0.19550342857837677,0.7877788543701172,0.01671762950718403
2561,0,0.05267500877380371,0.05013597756624222,0.8971890211105347
2561,1,0.23510216176509857,0.7387663722038269,0.026131518185138702
2561,2,0.1955035924911499,0.7877786159515381,0.01671779155731201
2562,0,0.05267500877380371,0.05013597756624222,0.8971890211105347
2562,1,0.23510223627090454,0.7387661337852478,0.026131652295589447
2562,2,0.19550365209579468,0.7877784967422485,0.016717836260795593
2563,0,0.05267500877380371,0.05013597756624222,0.8971890211105347
2563,1,0.23510174453258514,0.7387672066688538,0.026131078600883484
2563,2,0.19550342857837677,0.7877788543701172,0.01671762950718403
2564,0,0.05267500877380371,0.05013597756624222,0.8971890211105347
2564,1,0.23510174453258514,0.7387672066688538,0.026131078600883484
2564,2,0.19550342857837677,0.7877788543701172,0.01671762950718403
2565,0,0.05267500877380371,0.05013597756624222,0.8971890211105347
2565,1,0.23510174453258514,0.7387672066688538,0.026131078600883484
2565,2,0.1887786090373993,0.7852153778076172,0.026006124913692474
2566,0,0.05267500877380371,0.05013597756624222,0.8971890211105347
2566,1,0.23510174453258514,0.7387672066688538,0.026131078600883484
2566,2,0.19550342857837677,0.7877788543701172,0.01671762950718403
2567,0,0.05267500877380371,0.05013597756624222,0.8971890211105347
2567,1,0.23510298132896423,0.7387646436691284,0.026132427155971527
2567,2,0.19550387561321259,0.7877779603004456,0.016718123108148575
2568,0,0.05267500877380371,0.05013597756624222,0.8971890211105347
2568,1,0.2351054698228836,0.7387593388557434,0.026135163381695747
2568,2,0.19550471007823944,0.7877761125564575,0.01671912893652916
2569,0,0.05267500877380371,0.05013597756624222,0.8971890211105347
2569,1,0.23510174453258514,0.7387672066688538,0.026131078600883484
2569,2,0.1887786090373993,0.7852153778076172,0.026006124913692474
2570,0,0.05267500877380371,0.05013597756624222,0.8971890211105347
2570,1,0.23510174453258514,0.7387672066688538,0.026131078600883484
2570,2,0.19550342857837677,0.7877788543701172,0.01671762950718403
2571,0,0.05267500877380371,0.05013597756624222,0.8971890211105347
2571,1,0.23510174453258514,0.7387672066688538,0.026131078600883484
2571,2,0.19550342857837677,0.7877788543701172,0.01671762950718403
2572,0,0.05267500877380371,0.05013597756624222,0.8971890211105347
2572,1,0.2351028025150299,0.7387650012969971,0.0261322483420372
2572,2,0.1955038458108902,0.7877781391143799,0.0167180597782135
2573,0,0.05267500877380371,0.05013597756624222,0.8971890211105347
2573,1,0.23510174453258514,0.7387672066688538,0.026131078600883484
2573,2,0.19550342857837677,0.7877788543701172,0.01671762950718403
2574,0,0.05267500877380371,0.05013597756624222,0.8971890211105347
2574,1,0.23510245978832245,0.7387657165527344,0.026131844148039818
2574,2,0.19550368189811707,0.7877783179283142,0.016717907041311264
2575,0,0.05267500877380371,0.05013597756624222,0.8971890211105347
2575,1,0.23510313034057617,0.738764226436615,0.026132605969905853
2575,2,0.18877938389778137,0.7852128744125366,0.02600778453052044
2576,0,0.05267500877380371,0.05013597756624222,0.8971890211105347
2576,1,0.23510174453258514,0.7387672066688538,0.026131078600883484
2576,2,0.19550342857837677,0.7877788543701172,0.01671762950718403
2577,0,0.05267500877380371,0.05013597756624222,0.8971890211105347
2577,1,0.23510295152664185,0.7387647032737732,0.026132386177778244
2577,2,0.195503830909729,0.7877780199050903,0.016718106344342232
2578,0,0.05267500877380371,0.05013597756624222,0.8971890211105347
2578,1,0.2351093590259552,0.7387512922286987,0.026139378547668457
2578,2,0.1955059915781021,0.7877733707427979,0.016720669344067574
2579,0,0.05267500877380371,0.05013597756624222,0.8971890211105347
2579,1,0.23510174453258514,0.7387672066688538,0.026131078600883484
2579,2,0.1887786090373993,0.7852153778076172,0.026006124913692474
2580,0,0.05267500877380371,0.05013597756624222,0.8971890211105347
2580,1,0.23510174453258514,0.7387672066688538,0.026131078600883484
2580,2,0.19550342857837677,0.7877788543701172,0.01671762950718403
2581,0,0.05267500877380371,0.05013597756624222,0.8971890211105347
2581,1,0.23510174453258514,0.7387672066688538,0.026131078600883484
2581,2,0.19550342857837677,0.7877788543701172,0.01671762950718403
2582,0,0.05267500877380371,0.05013597756624222,0.8971890211105347
2582,1,0.2351028025150299,0.7387650012969971,0.0261322483420372
2582,2,0.1955038458108902,0.7877781391143799,0.0167180597782135
2583,0,0.05267500877380371,0.05013597756624222,0.8971890211105347
2583,1,0.23510174453258514,0.7387672066688538,0.026131078600883484
2583,2,0.19550342857837677,0.7877788543701172,0.01671762950718403
2584,0,0.05267500877380371,0.05013597756624222,0.8971890211105347
2584,1,0.23510245978832245,0.7387657165527344,0.026131844148039818
2584,2,0.19550368189811707,0.7877783179283142,0.016717907041311264
2585,0,0.05267500877380371,0.05013597756624222,0.8971890211105347
2585,1,0.23510313034057617,0.738764226436615,0.026132605969905853
2585,2,0.18877938389778137,0.7852128744125366,0.02600778453052044
2586,0,0.05267500877380371,0.05013597756624222,0.8971890211105347
2586,1,0.23510174453258514,0.7387672066688538,0.026131078600883484
2586,2,0.19550342857837677,0.7877788543701172,0.01671762950718403
2587,0,0.05267500877380371,0.05013597756624222,0.8971890211105347
2587,1,0.23510295152664185,0.7387647032737732,0.026132386177778244
2587,2,0.195503830909729,0.7877780199050903,0.016718106344342232
2588,0,0.05267500877380371,0.05013597756624222,0.8971890211105347
2588,1,0.2351093590259552,0.7387512922286987,0.026139378547668457
2588,2,0.1955059915781021,0.7877733707427979,0.016720669344067574
2589,0,0.05267500877380371,0.05013597756624222,0.8971890211105347
2589,1,0.23510174453258514,0.7387672066688538,0.026131078600883484
2589,2,0.1887786090373993,0.7852153778076172,0.026006124913692474
2590,0,0.05267500877380371,0.05013597756624222,0.8971890211105347
2590,1,0.23510174453258514,0.7387672066688538,0.026131078600883484
2590,2,0.19550342857837677,0.7877788543701172,0.01671762950718403
2591,0,0.05267500877380371,0.05013597756624222,0.8971890211105347
2591,1,0.23510174453258514,0.7387672066688538,0.026131078600883484
2591,2,0.19550342857837677,0.7877788543701172,0.01671762950718403
2592,0,0.05267500877380371,0.05013597756624222,0.8971890211105347
2592,1,0.2351028025150299,0.7387650012969971,0.0261322483420372
2592,2,0.1955038458108902,0.7877781391143799,0.0167180597782135
2593,0,0.05267500877380371,0.05013597756624222,0.8971890211105347
2593,1,0.23510174453258514,0.7387672066688538,0.026131078600883484
2593,2,0.19550342857837677,0.7877788543701172,0.01671762950718403
2594,0,0.05267500877380371,0.05013597756624222,0.8971890211105347
2594,1,0.23510245978832245,0.7387657165527344,0.026131844148039818
2594,2,0.19550368189811707,0.7877783179283142,0.016717907041311264
2595,0,0.05267500877380371,0.05013597756624222,0.8971890211105347
2595,1,0.23510313034057617,0.738764226436615,0.026132605969905853
2595,2,0.18877938389778137,0.7852128744125366,0.02600778453052044
2596,0,0.05267500877380371,0.05013597756624222,0.8971890211105347
2596,1,0.23510174453258514,0.7387672066688538,0.026131078600883484
2596,2,0.19550342857837677,0.7877788543701172,0.01671762950718403
2597,0,0.05267500877380371,0.05013597756624222,0.8971890211105347
2597,1,0.23510295152664185,0.7387647032737732,0.026132386177778244
2597,2,0.195503830909729,0.7877780199050903,0.016718106344342232
2598,0,0.05267500877380371,0.05013597756624222,0.8971890211105347
2598,1,0.2351093590259552,0.7387512922286987,0.026139378547668457
2598,2,0.1955059915781021,0.7877733707427979,0.016720669344067574
2599,0,0.05267500877380371,0.05013597756624222,0.8971890211105347
2599,1,0.23510174453258514,0.7387672066688538,0.026131078600883484
2599,2,0.1887786090373993,0.7852153778076172,0.026006124913692474
2600,0,0.05267500877380371,0.05013597756624222,0.8971890211105347
2600,1,0.23510174453258514,0.7387672066688538,0.026131078600883484
2600,2,0.19550342857837677,0.7877788543701172,0.01671762950718403
2601,0,0.05267500877380371,0.05013597756624222,0.8971890211105347
2601,1,0.23510174453258514,0.7387672066688538,0.026131078600883484
2601,2,0.19550342857837677,0.7877788543701172,0.01671762950718403
2602,0,0.05267500877380371,0.05013597756624222,0.8971890211105347
2602,1,0.2351028025150299,0.7387650012969971,0.0261322483420372
2602,2,0.1955038458108902,0.7877781391143799,0.0167180597782135
2603,0,0.05267500877380371,0.05013597756624222,0.8971890211105347
2603,1,0.23510174453258514,0.7387672066688538,0.026131078600883484
2603,2,0.19550342857837677,0.7877788543701172,0.01671762950718403
2604,0,0.05267500877380371,0.05013597756624222,0.8971890211105347
2604,1,0.23510245978832245,0.7387657165527344,0.026131844148039818
2604,2,0.19550368189811707,0.7877783179283142,0.016717907041311264
2605,0,0.05267500877380371,0.05013597756624222,0.8971890211105347
2605,1,0.23510313034057617,0.738764226436615,0.026132605969905853
2605,2,0.18877938389778137,0.7852128744125366,0.02600778453052044
2606,0,0.05267500877380371,0.05013597756624222,0.8971890211105347
2606,1,0.23510174453258514,0.7387672066688538,0.026131078600883484
2606,2,0.19550342857837677,0.7877788543701172,0.01671762950718403
2607,0,0.05267500877380371,0.05013597756624222,0.8971890211105347
2607,1,0.23510295152664185,0.7387647032737732,0.026132386177778244
2607,2,0.195503830909729,0.7877780199050903,0.016718106344342232
2608,0,0.05267500877380371,0.05013597756624222,0.8971890211105347
2608,1,0.2351093590259552,0.7387512922286987,0.026139378547668457
2608,2,0.1955059915781021,0.7877733707427979,0.016720669344067574
2609,0,0.05267500877380371,0.05013597756624222,0.8971890211105347
2609,1,0.23510174453258514,0.7387672066688538,0.026131078600883484
2609,2,0.1887786090373993,0.7852153778076172,0.026006124913692474
2610,0,0.05267500877380371,0.05013597756624222,0.8971890211105347
2610,1,0.23510174453258514,0.7387672066688538,0.026131078600883484
2610,2,0.19550342857837677,0.7877788543701172,0.01671762950718403
2611,0,0.05267500877380371,0.05013597756624222,0.8971890211105347
2611,1,0.23510174453258514,0.7387672066688538,0.026131078600883484
2611,2,0.19550342857837677,0.7877788543701172,0.01671762950718403
2612,0,0.05267500877380371,0.05013597756624222,0.8971890211105347
2612,1,0.2351028025150299,0.7387650012969971,0.0261322483420372
2612,2,0.1955038458108902,0.7877781391143799,0.0167180597782135
2613,0,0.05267500877380371,0.05013597756624222,0.8971890211105347
2613,1,0.23510174453258514,0.7387672066688538,0.026131078600883484
2613,2,0.19550342857837677,0.7877788543701172,0.01671762950718403
2614,0,0.05267500877380371,0.05013597756624222,0.8971890211105347
2614,1,0.23510245978832245,0.7387657165527344,0.026131844148039818
2614,2,0.19550368189811707,0.7877783179283142,0.016717907041311264
2615,0,0.05267500877380371,0.05013597756624222,0.8971890211105347
2615,1,0.23510313034057617,0.738764226436615,0.026132605969905853
2615,2,0.18877938389778137,0.7852128744125366,0.02600778453052044
2616,0,0.05267500877380371,0.05013597756624222,0.8971890211105347
2616,1,0.23510174453258514,0.7387672066688538,0.026131078600883484
2616,2,0.19550342857837677,0.7877788543701172,0.01671762950718403
2617,0,0.05267500877380371,0.05013597756624222,0.8971890211105347
2617,1,0.23510295152664185,0.7387647032737732,0.026132386177778244
2617,2,0.195503830909729,0.7877780199050903,0.016718106344342232
2618,0,0.05267500877380371,0.05013597756624222,0.8971890211105347
2618,1,0.2351093590259552,0.7387512922286987,0.026139378547668457
2618,2,0.1955059915781021,0.7877733707427979,0.016720669344067574
2619,0,0.05267500877380371,0.05013597756624222,0.8971890211105347
2619,1,0.23510174453258514,0.7387672066688538,0.026131078600883484
2619,2,0.1887786090373993,0.7852153778076172,0.026006124913692474
2620,0,0.05267500877380371,0.05013597756624222,0.8971890211105347
2620,1,0.23510174453258514,0.7387672066688538,0.026131078600883484
2620,2,0.19550342857837677,0.7877788543701172,0.01671762950718403
2621,0,0.05267500877380371,0.05013597756624222,0.8971890211105347
2621,1,0.23510174453258514,0.7387672066688538,0.026131078600883484
2621,2,0.19550342857837677,0.7877788543701172,0.01671762950718403
2622,0,0.05267500877380371,0.05013597756624222,0.8971890211105347
2622,1,0.2351028025150299,0.7387650012969971,0.0261322483420372
2622,2,0.1955038458108902,0.7877781391143799,0.0167180597782135
2623,0,0.05267500877380371,0.05013597756624222,0.8971890211105347
2623,1,0.23510174453258514,0.7387672066688538,0.026131078600883484
2623,2,0.19550342857837677,0.7877788543701172,0.01671762950718403
2624,0,0.05267500877380371,0.05013597756624222,0.8971890211105347
2624,1,0.23510245978832245,0.7387657165527344,0.026131844148039818
2624,2,0.19550368189811707,0.7877783179283142,0.016717907041311264
2625,0,0.05267500877380371,0.05013597756624222,0.8971890211105347
2625,1,0.23510313034057617,0.738764226436615,0.026132605969905853
2625,2,0.18877938389778137,0.7852128744125366,0.02600778453052044
2626,0,0.05267500877380371,0.05013597756624222,0.8971890211105347
2626,1,0.23510174453258514,0.7387672066688538,0.026131078600883484
2626,2,0.19550342857837677,0.7877788543701172,0.01671762950718403
2627,0,0.05267500877380371,0.05013597756624222,0.8971890211105347
2627,1,0.23510295152664185,0.7387647032737732,0.026132386177778244
2627,2,0.195503830909729,0.7877780199050903,0.016718106344342232
2628,0,0.05267500877380371,0.05013597756624222,0.8971890211105347
2628,1,0.2351093590259552,0.7387512922286987,0.026139378547668457
2628,2,0.1955059915781021,0.7877733707427979,0.016720669344067574
2629,0,0.05267500877380371,0.05013597756624222,0.8971890211105347
2629,1,0.23510174453258514,0.7387672066688538,0.026131078600883484
2629,2,0.1887786090373993,0.7852153778076172,0.026006124913692474
2630,0,0.05267500877380371,0.05013597756624222,0.8971890211105347
2630,1,0.23510174453258514,0.7387672066688538,0.026131078600883484
2630,2,0.19550342857837677,0.7877788543701172,0.01671762950718403
2631,0,0.05267500877380371,0.05013597756624222,0.8971890211105347
2631,1,0.23510174453258514,0.7387672066688538,0.026131078600883484
2631,2,0.19550342857837677,0.7877788543701172,0.01671762950718403
2632,0,0.05267500877380371,0.05013597756624222,0.8971890211105347
2632,1,0.2351028025150299,0.7387650012969971,0.0261322483420372
2632,2,0.1955038458108902,0.7877781391143799,0.0167180597782135
2633,0,0.05267500877380371,0.05013597756624222,0.8971890211105347
2633,1,0.23510174453258514,0.7387672066688538,0.026131078600883484
2633,2,0.19550342857837677,0.7877788543701172,0.01671762950718403
2634,0,0.05267500877380371,0.05013597756624222,0.8971890211105347
2634,1,0.23510245978832245,0.7387657165527344,0.026131844148039818
2634,2,0.19550368189811707,0.7877783179283142,0.016717907041311264
2635,0,0.05267500877380371,0.05013597756624222,0.8971890211105347
2635,1,0.23510313034057617,0.738764226436615,0.026132605969905853
2635,2,0.18877938389778137,0.7852128744125366,0.02600778453052044
2636,0,0.05267500877380371,0.05013597756624222,0.8971890211105347
2636,1,0.23510174453258514,0.7387672066688538,0.026131078600883484
2636,2,0.19550342857837677,0.7877788543701172,0.01671762950718403
2637,0,0.05267500877380371,0.05013597756624222,0.8971890211105347
2637,1,0.23510295152664185,0.7387647032737732,0.026132386177778244
2637,2,0.195503830909729,0.7877780199050903,0.016718106344342232
2638,0,0.05267500877380371,0.05013597756624222,0.8971890211105347
2638,1,0.2351093590259552,0.7387512922286987,0.026139378547668457
2638,2,0.1955059915781021,0.7877733707427979,0.016720669344067574
2639,0,0.05267500877380371,0.05013597756624222,0.8971890211105347
2639,1,0.23510174453258514,0.7387672066688538,0.026131078600883484
2639,2,0.1887786090373993,0.7852153778076172,0.026006124913692474
2640,0,0.05267500877380371,0.05013597756624222,0.8971890211105347
2640,1,0.23510174453258514,0.7387672066688538,0.026131078600883484
2640,2,0.19550342857837677,0.7877788543701172,0.01671762950718403
2641,0,0.05267500877380371,0.05013597756624222,0.8971890211105347
2641,1,0.23510174453258514,0.7387672066688538,0.026131078600883484
2641,2,0.19550342857837677,0.7877788543701172,0.01671762950718403
2642,0,0.05267500877380371,0.05013597756624222,0.8971890211105347
2642,1,0.2351028025150299,0.7387650012969971,0.0261322483420372
2642,2,0.1955038458108902,0.7877781391143799,0.0167180597782135
2643,0,0.05267500877380371,0.05013597756624222,0.8971890211105347
2643,1,0.23510174453258514,0.7387672066688538,0.026131078600883484
2643,2,0.19550342857837677,0.7877788543701172,0.01671762950718403
2644,0,0.05267500877380371,0.05013597756624222,0.8971890211105347
2644,1,0.23510245978832245,0.7387657165527344,0.026131844148039818
2644,2,0.19550368189811707,0.7877783179283142,0.016717907041311264
2645,0,0.05267500877380371,0.05013597756624222,0.8971890211105347
2645,1,0.1209321990609169,0.8597634434700012,0.01930430345237255
2645,2,0.09422869235277176,0.8918454051017761,0.013925831764936447
2646,0,0.06147568300366402,0.048030149191617966,0.890494167804718
2646,1,0.1201370432972908,0.8607787489891052,0.019084196537733078
2646,2,0.09402147680521011,0.8921017646789551,0.0138767771422863
2647,0,0.06147568300366402,0.048030149191617966,0.890494167804718
2647,1,0.12013585865497589,0.8607807755470276,0.019083335995674133
2647,2,0.09402120113372803,0.8921023607254028,0.013876442797482014
2648,0,0.06147568300366402,0.048030149191617966,0.890494167804718
2648,1,0.12013837695121765,0.8607765436172485,0.01908516325056553
2648,2,0.09402178227901459,0.8921010494232178,0.013877150602638721
2649,0,0.06147568300366402,0.048030149191617966,0.890494167804718
2649,1,0.12013697624206543,0.8607789278030396,0.019084136933088303
2649,2,0.09190146625041962,0.888617992401123,0.01948060467839241
2650,0,0.06147568300366402,0.048030149191617966,0.890494167804718
2650,1,0.12013585865497589,0.8607807755470276,0.019083335995674133
2650,2,0.09402120113372803,0.8921023607254028,0.013876442797482014
2651,0,0.06147568300366402,0.048030149191617966,0.890494167804718
2651,1,0.10579803586006165,0.18228648602962494,0.7119154334068298
2651,2,0.10537602752447128,0.8816550374031067,0.01296899002045393
2652,0,0.06147568300366402,0.048030149191617966,0.890494167804718
2652,1,0.12013585865497589,0.8607807755470276,0.019083335995674133
2652,2,0.09402120113372803,0.8921023607254028,0.013876442797482014
2653,0,0.06147568300366402,0.048030149191617966,0.890494167804718
2653,1,0.12013749033212662,0.8607780337333679,0.019084513187408447
2653,2,0.09402158856391907,0.892101526260376,0.013876899145543575
2654,0,0.06147568300366402,0.048030149191617966,0.890494167804718
2654,1,0.12013585865497589,0.8607807755470276,0.019083335995674133
2654,2,0.09402120113372803,0.8921023607254028,0.013876442797482014
2655,0,0.06147568300366402,0.048030149191617966,0.890494167804718
2655,1,0.12013585865497589,0.8607807755470276,0.019083335995674133
2655,2,0.09402120113372803,0.8921023607254028,0.013876442797482014
2656,0,0.06147568300366402,0.048030149191617966,0.890494167804718
2656,1,0.1201382428407669,0.8607767820358276,0.019085049629211426
2656,2,0.0940217450261116,0.8921011090278625,0.013877111487090588
2657,0,0.06147568300366402,0.048030149191617966,0.890494167804718
2657,1,0.12013585865497589,0.8607807755470276,0.019083335995674133
2657,2,0.09402120113372803,0.8921023607254028,0.013876442797482014
2658,0,0.06147568300366402,0.048030149191617966,0.890494167804718
2658,1,0.12013647705316544,0.8607797622680664,0.01908377930521965
2658,2,0.09402135014533997,0.892102062702179,0.013876610435545444
2659,0,0.06147568300366402,0.048030149191617966,0.890494167804718
2659,1,0.12014424055814743,0.8607663512229919,0.019089391455054283
2659,2,0.09190496802330017,0.8886090517044067,0.01948602870106697
2660,0,0.06147568300366402,0.048030149191617966,0.890494167804718
2660,1,0.12013585865497589,0.8607807755470276,0.019083335995674133
2660,2,0.09402120113372803,0.8921023607254028,0.013876442797482014
2661,0,0.06147568300366402,0.048030149191617966,0.890494167804718
2661,1,0.10579803586006165,0.18228648602962494,0.7119154334068298
2661,2,0.10537606477737427,0.8816549181938171,0.012968994677066803
2662,0,0.06147568300366402,0.048030149191617966,0.890494167804718
2662,1,0.12013619393110275,0.8607802391052246,0.01908358931541443
2662,2,0.094021275639534,0.8921021819114685,0.013876538723707199
2663,0,0.06147568300366402,0.048030149191617966,0.890494167804718
2663,1,0.12013645470142365,0.8607797622680664,0.019083769991993904
2663,2,0.09402135014533997,0.892102062702179,0.013876610435545444
2664,0,0.06147568300366402,0.048030149191617966,0.890494167804718
2664,1,0.12013585865497589,0.8607807755470276,0.019083335995674133
2664,2,0.09402120113372803,0.8921023607254028,0.013876442797482014
2665,0,0.06147568300366402,0.048030149191617966,0.890494167804718
2665,1,0.12013585865497589,0.8607807755470276,0.019083335995674133
2665,2,0.09402120113372803,0.8921023607254028,0.013876442797482014
2666,0,0.06147568300366402,0.048030149191617966,0.890494167804718
2666,1,0.12014110386371613,0.8607717156410217,0.01908712089061737
2666,2,0.09402240067720413,0.8920996785163879,0.013877909630537033
2667,0,0.06147568300366402,0.048030149191617966,0.890494167804718
2667,1,0.12013585865497589,0.8607807755470276,0.019083335995674133
2667,2,0.09402120113372803,0.8921023607254028,0.013876442797482014
2668,0,0.06147568300366402,0.048030149191617966,0.890494167804718
2668,1,0.12013712525367737,0.8607786297798157,0.01908426359295845
2668,2,0.09402149170637131,0.8921017050743103,0.013876796700060368
2669,0,0.06147568300366402,0.048030149191617966,0.890494167804718
2669,1,0.12013675272464752,0.860779345035553,0.019083978608250618
2669,2,0.09190135449171066,0.8886181712150574,0.019480440765619278
2670,0,0.06147568300366402,0.048030149191617966,0.890494167804718
2670,1,0.12013585865497589,0.8607807755470276,0.019083335995674133
2670,2,0.09402120113372803,0.8921023607254028,0.013876442797482014
2671,0,0.06147568300366402,0.048030149191617966,0.890494167804718
2671,1,0.10579803586006165,0.18228648602962494,0.7119154334068298
2671,2,0.10537606477737427,0.8816549181938171,0.012969007715582848
2672,0,0.06147568300366402,0.048030149191617966,0.890494167804718
2672,1,0.12013635039329529,0.8607799410820007,0.019083695486187935
2672,2,0.09402132034301758,0.8921021819114685,0.01387658528983593
2673,0,0.06147568300366402,0.048030149191617966,0.890494167804718
2673,1,0.1201394572854042,0.860774576663971,0.019085951149463654
2673,2,0.09402203559875488,0.89210045337677,0.013877457939088345
2674,0,0.06147568300366402,0.048030149191617966,0.890494167804718
2674,1,0.12013585865497589,0.8607807755470276,0.019083335995674133
2674,2,0.09402120113372803,0.8921023607254028,0.013876442797482014
2675,0,0.06147568300366402,0.048030149191617966,0.890494167804718
2675,1,0.12013585865497589,0.8607807755470276,0.019083335995674133
2675,2,0.09402120113372803,0.8921023607254028,0.013876442797482014
2676,0,0.06147568300366402,0.048030149191617966,0.890494167804718
2676,1,0.12013868242502213,0.860775887966156,0.01908537745475769
2676,2,0.09402183443307877,0.8921009302139282,0.01387722697108984
2677,0,0.06147568300366402,0.048030149191617966,0.890494167804718
2677,1,0.12013585865497589,0.8607807755470276,0.019083335995674133
2677,2,0.09402120113372803,0.8921023607254028,0.013876442797482014
2678,0,0.06147568300366402,0.048030149191617966,0.890494167804718
2678,1,0.12013684958219528,0.8607790470123291,0.019084058701992035
2678,2,0.09402140974998474,0.8921017646789551,0.013876717537641525
2679,0,0.06147568300366402,0.048030149191617966,0.890494167804718
2679,1,0.12013725936412811,0.8607783913612366,0.01908435858786106
2679,2,0.09190163016319275,0.8886176347732544,0.01948084868490696
2680,0,0.06147568300366402,0.048030149191617966,0.890494167804718
2680,1,0.12013585865497589,0.8607807755470276,0.019083335995674133
2680,2,0.09402120113372803,0.8921023607254028,0.013876442797482014
2681,0,0.06147568300366402,0.048030149191617966,0.890494167804718
2681,1,0.10579803586006165,0.18228648602962494,0.7119154334068298
2681,2,0.10537595301866531,0.881655216217041,0.012968919239938259
2682,0,0.06147568300366402,0.048030149191617966,0.890494167804718
2682,1,0.12013585865497589,0.8607807755470276,0.019083335995674133
2682,2,0.09402120113372803,0.8921023607254028,0.013876442797482014
2683,0,0.06147568300366402,0.048030149191617966,0.890494167804718
2683,1,0.12013682723045349,0.8607790470123291,0.019084038212895393
2683,2,0.09402144700288773,0.8921018838882446,0.013876712881028652
2684,0,0.06147568300366402,0.048030149191617966,0.890494167804718
2684,1,0.12013585865497589,0.8607807755470276,0.019083335995674133
2684,2,0.09402120113372803,0.8921023607254028,0.013876442797482014
2685,0,0.06147568300366402,0.048030149191617966,0.890494167804718
2685,1,0.12013585865497589,0.8607807755470276,0.019083335995674133
2685,2,0.09402120113372803,0.8921023607254028,0.013876442797482014
2686,0,0.06147568300366402,0.048030149191617966,0.890494167804718
2686,1,0.12013734877109528,0.8607782125473022,0.019084418192505836
2686,2,0.0940215215086937,0.8921015858650208,0.013876860029995441
2687,0,0.06147568300366402,0.048030149191617966,0.890494167804718
2687,1,0.12013585865497589,0.8607807755470276,0.019083335995674133
2687,2,0.09402120113372803,0.8921023607254028,0.013876442797482014
2688,0,0.06147568300366402,0.048030149191617966,0.890494167804718
2688,1,0.12013649940490723,0.8607797622680664,0.019083788618445396
2688,2,0.09402134269475937,0.8921020030975342,0.013876622542738914
2689,0,0.06147568300366402,0.048030149191617966,0.890494167804718
2689,1,0.12013782560825348,0.8607774972915649,0.019084757193922997
2689,2,0.09190188348293304,0.8886169791221619,0.01948125660419464
2690,0,0.06147568300366402,0.048030149191617966,0.890494167804718
2690,1,0.12013585865497589,0.8607807755470276,0.019083335995674133
2690,2,0.09402120113372803,0.8921023607254028,0.013876442797482014
2691,0,0.06147568300366402,0.048030149191617966,0.890494167804718
2691,1,0.10579803586006165,0.18228648602962494,0.7119154334068298
2691,2,0.10537606477737427,0.8816549181938171,0.012968994677066803
2692,0,0.06147568300366402,0.048030149191617966,0.890494167804718
2692,1,0.12013638019561768,0.860779881477356,0.019083717837929726
2692,2,0.09402135014533997,0.892102062702179,0.013876596465706825
2693,0,0.06147568300366402,0.048030149191617966,0.890494167804718
2693,1,0.12013853341341019,0.8607761859893799,0.019085275009274483
2693,2,0.09402182698249817,0.8921010494232178,0.013877197168767452
2694,0,0.06147568300366402,0.048030149191617966,0.890494167804718
2694,1,0.12013585865497589,0.8607807755470276,0.019083335995674133
2694,2,0.09402120113372803,0.8921023607254028,0.013876442797482014
2695,0,0.06147568300366402,0.048030149191617966,0.890494167804718
2695,1,0.12013585865497589,0.8607807755470276,0.019083335995674133
2695,2,0.09402120113372803,0.8921023607254028,0.013876442797482014
2696,0,0.06147568300366402,0.048030149191617966,0.890494167804718
2696,1,0.12013765424489975,0.860777735710144,0.019084643572568893
2696,2,0.09402159601449966,0.8921014070510864,0.013876943849027157
2697,0,0.06147568300366402,0.048030149191617966,0.890494167804718
2697,1,0.12013585865497589,0.8607807755470276,0.019083335995674133
2697,2,0.09402120113372803,0.8921023607254028,0.013876442797482014
2698,0,0.06147568300366402,0.048030149191617966,0.890494167804718
2698,1,0.12013585865497589,0.8607807755470276,0.019083335995674133
2698,2,0.09402120113372803,0.8921023607254028,0.013876442797482014
2699,0,0.06147568300366402,0.048030149191617966,0.890494167804718
2699,1,0.12013585865497589,0.8607807755470276,0.019083335995674133
2699,2,0.09190094470977783,0.8886193037033081,0.019479786977171898
2700,0,0.06147568300366402,0.048030149191617966,0.890494167804718
2700,1,0.12013585865497589,0.8607807755470276,0.019083335995674133
2700,2,0.09402120113372803,0.8921023607254028,0.013876442797482014
2701,0,0.06147568300366402,0.048030149191617966,0.890494167804718
2701,1,0.10579803586006165,0.18228648602962494,0.7119154334068298
2701,2,0.10537606477737427,0.8816549181938171,0.012968994677066803
2702,0,0.06147568300366402,0.048030149191617966,0.890494167804718
2702,1,0.12013623118400574,0.8607801198959351,0.01908361352980137
2702,2,0.094021275639534,0.8921021819114685,0.013876551762223244
2703,0,0.06147568300366402,0.048030149191617966,0.890494167804718
2703,1,0.12013709545135498,0.8607787489891052,0.019084224477410316
2703,2,0.09402149170637131,0.8921017050743103,0.013876776210963726
2704,0,0.06147568300366402,0.048030149191617966,0.890494167804718
2704,1,0.12013585865497589,0.8607807755470276,0.019083335995674133
2704,2,0.09402120113372803,0.8921023607254028,0.013876442797482014
2705,0,0.06147568300366402,0.048030149191617966,0.890494167804718
2705,1,0.12013585865497589,0.8607807755470276,0.019083335995674133
2705,2,0.09402120113372803,0.8921023607254028,0.013876442797482014
2706,0,0.06147568300366402,0.048030149191617966,0.890494167804718
2706,1,0.12013734877109528,0.8607782125473022,0.019084418192505836
2706,2,0.0940215215086937,0.8921015858650208,0.013876860029995441
2707,0,0.06147568300366402,0.048030149191617966,0.890494167804718
2707,1,0.12013585865497589,0.8607807755470276,0.019083335995674133
2707,2,0.09402120113372803,0.8921023607254028,0.013876442797482014
2708,0,0.06147568300366402,0.048030149191617966,0.890494167804718
2708,1,0.12013585865497589,0.8607807755470276,0.019083335995674133
2708,2,0.09402120113372803,0.8921023607254028,0.013876442797482014
2709,0,0.06147568300366402,0.048030149191617966,0.890494167804718
2709,1,0.1201365664601326,0.8607795834541321,0.01908385567367077
2709,2,0.09190129488706589,0.8886184692382812,0.019480327144265175
2710,0,0.06147568300366402,0.048030149191617966,0.890494167804718
2710,1,0.12013585865497589,0.8607807755470276,0.019083335995674133
2710,2,0.09402120113372803,0.8921023607254028,0.013876442797482014
2711,0,0.06147568300366402,0.048030149191617966,0.890494167804718
2711,1,0.10579803586006165,0.18228648602962494,0.7119154334068298
2711,2,0.10537606477737427,0.8816549181938171,0.012968994677066803
2712,0,0.06147568300366402,0.048030149191617966,0.890494167804718
2712,1,0.12013637274503708,0.8607799410820007,0.019083695486187935
2712,2,0.09402133524417877,0.892102062702179,0.01387658342719078
2713,0,0.06147568300366402,0.048030149191617966,0.890494167804718
2713,1,0.12014210224151611,0.860770046710968,0.019087854772806168
2713,2,0.09402261674404144,0.892099142074585,0.013878199271857738
2714,0,0.06147568300366402,0.048030149191617966,0.890494167804718
2714,1,0.12013585865497589,0.8607807755470276,0.019083335995674133
2714,2,0.09402120113372803,0.8921023607254028,0.013876442797482014
2715,0,0.06147568300366402,0.048030149191617966,0.890494167804718
2715,1,0.12013585865497589,0.8607807755470276,0.019083335995674133
2715,2,0.09402120113372803,0.8921023607254028,0.013876442797482014
2716,0,0.06147568300366402,0.048030149191617966,0.890494167804718
2716,1,0.12013843655586243,0.8607763648033142,0.019085194915533066
2716,2,0.09402178227901459,0.8921010494232178,0.013877163641154766
2717,0,0.06147568300366402,0.048030149191617966,0.890494167804718
2717,1,0.12013585865497589,0.8607807755470276,0.019083335995674133
2717,2,0.09402120113372803,0.8921023607254028,0.013876442797482014
2718,0,0.06147568300366402,0.048030149191617966,0.890494167804718
2718,1,0.12013585865497589,0.8607807755470276,0.019083335995674133
2718,2,0.09402120113372803,0.8921023607254028,0.013876442797482014
2719,0,0.06147568300366402,0.048030149191617966,0.890494167804718
2719,1,0.12013765424489975,0.860777735710144,0.0190846249461174
2719,2,0.09190180152654648,0.8886170387268066,0.019481122493743896
2720,0,0.06147568300366402,0.048030149191617966,0.890494167804718
2720,1,0.12013585865497589,0.8607807755470276,0.019083335995674133
2720,2,0.09402120113372803,0.8921023607254028,0.013876442797482014
2721,0,0.06147568300366402,0.048030149191617966,0.890494167804718
2721,1,0.10579803586006165,0.18228648602962494,0.7119154334068298
2721,2,0.10537606477737427,0.8816549181938171,0.012968994677066803
2722,0,0.06147568300366402,0.048030149191617966,0.890494167804718
2722,1,0.12013637274503708,0.8607799410820007,0.019083695486187935
2722,2,0.09402133524417877,0.892102062702179,0.01387658342719078
2723,0,0.06147568300366402,0.048030149191617966,0.890494167804718
2723,1,0.12014210224151611,0.860770046710968,0.019087854772806168
2723,2,0.09402261674404144,0.892099142074585,0.013878199271857738
2724,0,0.06147568300366402,0.048030149191617966,0.890494167804718
2724,1,0.12013585865497589,0.8607807755470276,0.019083335995674133
2724,2,0.09402120113372803,0.8921023607254028,0.013876442797482014
2725,0,0.06147568300366402,0.048030149191617966,0.890494167804718
2725,1,0.12013585865497589,0.8607807755470276,0.019083335995674133
2725,2,0.09402120113372803,0.8921023607254028,0.013876442797482014
2726,0,0.06147568300366402,0.048030149191617966,0.890494167804718
2726,1,0.12013843655586243,0.8607763648033142,0.019085194915533066
2726,2,0.09402178227901459,0.8921010494232178,0.013877163641154766
2727,0,0.06147568300366402,0.048030149191617966,0.890494167804718
2727,1,0.12013585865497589,0.8607807755470276,0.019083335995674133
2727,2,0.09402120113372803,0.8921023607254028,0.013876442797482014
2728,0,0.06147568300366402,0.048030149191617966,0.890494167804718
2728,1,0.12013585865497589,0.8607807755470276,0.019083335995674133
2728,2,0.09402120113372803,0.8921023607254028,0.013876442797482014
2729,0,0.06147568300366402,0.048030149191617966,0.890494167804718
2729,1,0.12013765424489975,0.860777735710144,0.0190846249461174
2729,2,0.09190180152654648,0.8886170387268066,0.019481122493743896
2730,0,0.06147568300366402,0.048030149191617966,0.890494167804718
2730,1,0.12013585865497589,0.8607807755470276,0.019083335995674133
