timesteps,episode_reward
10,22.0
20,16.0
30,13.0
31,0.0
38,16.0
43,15.0
53,16.0
63,18.0
73,18.0
83,16.0
93,25.0
103,0.0
113,19.0
123,0.0
133,17.0
136,15.0
146,16.0
156,19.0
157,0.0
160,17.0
170,35.0
180,18.0
190,17.0
200,17.0
210,16.0
220,18.0
230,16.0
235,17.0
245,14.0
255,19.0
265,14.0
275,17.0
285,17.0
295,19.0
305,17.0
315,18.0
325,34.0
335,22.0
339,0.0
349,19.0
359,17.0
369,18.0
379,0.0
389,17.0
399,16.0
409,16.0
419,18.0
429,17.0
439,16.0
449,24.0
459,17.0
468,0.0
478,17.0
488,14.0
498,15.0
503,16.0
509,17.0
519,17.0
529,17.0
533,0.0
538,16.0
548,20.0
558,17.0
568,16.0
578,17.0
588,17.0
598,15.0
608,22.0
618,23.0
628,17.0
638,16.0
645,19.0
655,18.0
665,15.0
675,18.0
685,21.0
693,16.0
703,19.0
704,0.0
714,17.0
724,19.0
734,16.0
740,18.0
750,28.0
760,18.0
768,16.0
778,22.0
788,20.0
798,17.0
804,16.0
806,0.0
816,16.0
826,17.0
829,0.0
833,16.0
843,14.0
847,16.0
857,22.0
861,0.0
871,17.0
881,16.0
890,17.0
897,16.0
907,14.0
915,16.0
923,17.0
924,0.0
932,18.0
937,18.0
947,15.0
957,15.0
967,19.0
976,17.0
986,24.0
996,16.0
997,0.0
1007,19.0
1017,18.0
1027,18.0
1037,19.0
1047,18.0
1057,15.0
1067,19.0
1077,16.0
1087,18.0
1091,17.0
1101,15.0
1111,18.0
1121,23.0
1131,18.0
1141,18.0
1146,18.0
1156,18.0
1161,15.0
1171,16.0
1181,15.0
1185,16.0
1194,18.0
1204,18.0
1214,15.0
1224,16.0
1234,15.0
1244,17.0
1251,17.0
1261,17.0
1264,17.0
1274,17.0
1284,0.0
1294,25.0
1304,18.0
1308,0.0
1318,16.0
1328,16.0
1338,15.0
1348,19.0
1351,0.0
1361,17.0
1371,30.0
1381,16.0
1388,0.0
1398,18.0
1408,15.0
1418,18.0
1428,20.0
1438,16.0
1444,18.0
1454,16.0
1456,19.0
1460,16.0
1470,17.0
1475,15.0
1479,0.0
1489,19.0
1499,18.0
1506,18.0
1507,0.0
1517,27.0
1527,15.0
1537,25.0
1547,33.0
1549,17.0
1559,17.0
1569,16.0
1579,16.0
1585,16.0
1592,15.0
1602,17.0
1611,18.0
1613,0.0
1623,22.0
1629,18.0
1639,16.0
1649,17.0
1659,18.0
1669,18.0
1672,16.0
1682,18.0
1692,16.0
1702,16.0
1712,15.0
1717,17.0
1727,17.0
1737,16.0
1741,11.0
1750,16.0
1759,18.0
1764,19.0
1774,0.0
1784,16.0
1789,16.0
1799,16.0
1809,36.0
1818,18.0
1828,18.0
1838,17.0
1848,17.0
1852,18.0
1862,19.0
1872,17.0
1882,30.0
1892,0.0
1902,16.0
1912,0.0
1921,18.0
1931,13.0
1941,15.0
1951,19.0
1961,16.0
1965,17.0
1975,16.0
1984,15.0
1986,18.0
1994,16.0
2004,14.0
2014,13.0
2024,14.0
2034,16.0
2044,15.0
2051,16.0
2053,16.0
2063,18.0
2073,17.0
2083,15.0
2093,17.0
2099,20.0
2106,16.0
2116,17.0
2119,15.0
2122,19.0
2132,17.0
2140,0.0
2150,24.0
2160,17.0
2170,17.0
2178,17.0
2184,16.0
2194,17.0
2204,18.0
2207,0.0
2217,17.0
2227,15.0
2229,17.0
2239,16.0
2249,16.0
2259,15.0
2269,15.0
2279,18.0
2289,18.0
2299,17.0
2309,26.0
2319,19.0
2329,0.0
2331,0.0
2341,18.0
2351,18.0
2361,15.0
2371,18.0
2377,0.0
2379,0.0
2389,18.0
2399,18.0
2409,16.0
2419,17.0
2424,0.0
2434,17.0
2444,0.0
2454,29.0
2457,0.0
2467,18.0
2474,0.0
2479,18.0
2489,16.0
2492,18.0
2502,18.0
2512,17.0
2522,17.0
2525,17.0
2535,18.0
2545,16.0
2555,18.0
2565,17.0
2575,16.0
2580,23.0
2590,18.0
2594,16.0
2604,27.0
2609,17.0
2612,19.0
2622,14.0
2632,15.0
2642,16.0
2644,19.0
2654,16.0
2664,18.0
2674,19.0
2680,17.0
2684,19.0
2694,36.0
2700,0.0
2710,24.0
2720,15.0
2730,17.0
2738,16.0
2748,17.0
2758,16.0
2764,0.0
2774,16.0
2784,0.0
2791,18.0
2795,16.0
2796,0.0
2799,0.0
2806,17.0
2815,27.0
2825,34.0
2835,17.0
2845,17.0
2846,0.0
2856,13.0
2858,17.0
2868,17.0
2873,15.0
2883,17.0
2889,16.0
2899,16.0
2909,16.0
2919,15.0
2921,0.0
2931,16.0
2941,17.0
2951,34.0
2952,0.0
2960,16.0
2965,17.0
2973,17.0
2977,17.0
2987,22.0
2988,0.0
2998,16.0
3008,19.0
3018,16.0
3028,0.0
3036,18.0
3046,16.0
3056,15.0
3066,16.0
3076,16.0
3083,17.0
3085,14.0
3086,0.0
3096,18.0
3106,16.0
3115,16.0
3125,17.0
3135,16.0
3136,0.0
3137,0.0
3138,0.0
3148,17.0
3158,15.0
3162,18.0
3172,17.0
3182,18.0
3192,16.0
3196,16.0
3202,14.0
3212,13.0
3222,0.0
3226,16.0
3236,17.0
3246,17.0
3255,20.0
3265,19.0
3275,14.0
3284,20.0
3289,0.0
3298,19.0
3299,0.0
3309,16.0
3319,17.0
3329,16.0
3339,16.0
3349,29.0
3359,0.0
3369,16.0
3379,16.0
3389,16.0
3399,17.0
3409,16.0
3416,17.0
3420,0.0
3426,16.0
3436,17.0
3439,0.0
3449,20.0
3459,14.0
3469,17.0
3473,0.0
3483,17.0
3485,18.0
3495,18.0
3505,18.0
3515,18.0
3518,0.0
3528,18.0
3532,16.0
3539,22.0
3547,17.0
3551,0.0
3561,17.0
3565,15.0
3566,0.0
3576,15.0
3579,0.0
3584,18.0
3594,18.0
3603,13.0
3613,16.0
3617,17.0
3627,15.0
3637,19.0
3647,16.0
3657,15.0
3667,27.0
3677,16.0
3684,0.0
3692,19.0
3702,16.0
3705,16.0
3715,19.0
3725,16.0
3735,22.0
3738,17.0
3748,16.0
3758,16.0
3762,18.0
3772,17.0
3775,18.0
3785,17.0
3795,19.0
3805,16.0
3815,18.0
3825,15.0
3835,15.0
3845,15.0
3855,19.0
3865,28.0
3866,19.0
3876,16.0
3879,18.0
3889,19.0
3899,0.0
3907,27.0
3917,16.0
3920,0.0
3930,17.0
3940,16.0
3947,16.0
3951,0.0
3961,0.0
3971,17.0
3981,18.0
3991,17.0
3995,0.0
4003,0.0
4013,0.0
4023,17.0
4028,17.0
4038,16.0
4047,17.0
4057,16.0
4067,16.0
4077,15.0
4087,0.0
4095,18.0
4105,18.0
4115,17.0
4125,17.0
4135,17.0
4137,0.0
4138,0.0
4148,19.0
4158,16.0
4168,13.0
4175,14.0
4185,17.0
4191,15.0
4201,28.0
4211,19.0
4221,17.0
4231,19.0
4241,17.0
4246,18.0
4249,0.0
4259,15.0
4269,19.0
4279,16.0
4289,0.0
4290,0.0
4300,16.0
4310,33.0
4320,16.0
4330,17.0
4331,0.0
4339,17.0
4349,15.0
4358,16.0
4367,17.0
4377,17.0
4387,18.0
4397,18.0
4406,15.0
4416,17.0
4426,26.0
4436,19.0
4446,17.0
4455,17.0
4465,0.0
4467,0.0
4473,18.0
4479,15.0
4480,0.0
4490,17.0
4500,28.0
4510,19.0
4520,26.0
4530,21.0
4540,18.0
4547,19.0
4557,16.0
4559,0.0
4569,16.0
4579,18.0
4589,14.0
4597,16.0
4598,0.0
4608,17.0
4618,18.0
4619,0.0
4629,15.0
4639,16.0
4645,16.0
4655,17.0
4663,18.0
4673,16.0
4683,17.0
4689,17.0
4699,18.0
4705,16.0
4709,18.0
4719,16.0
4729,18.0
4739,15.0
4744,18.0
4745,0.0
4755,16.0
4765,17.0
4772,0.0
4782,18.0
4792,17.0
4799,19.0
4806,15.0
4812,19.0
4819,27.0
4827,18.0
4835,18.0
4842,16.0
4844,0.0
4852,0.0
4855,17.0
4865,16.0
4875,27.0
4885,16.0
4895,31.0
4896,0.0
4906,17.0
4916,17.0
4926,17.0
4936,17.0
4946,21.0
4956,27.0
4963,17.0
4973,19.0
4975,0.0
4985,17.0
4991,18.0
5001,29.0
5006,18.0
5016,17.0
5026,18.0
5036,18.0
5046,18.0
5053,17.0
5056,16.0
5066,13.0
5076,16.0
5086,22.0
5096,18.0
5106,18.0
5116,15.0
5117,0.0
5127,17.0
5137,22.0
5147,13.0
5157,15.0
5167,17.0
5177,15.0
5187,19.0
5192,16.0
5202,17.0
5203,17.0
5213,26.0
5223,18.0
5230,21.0
5239,27.0
5249,17.0
5259,18.0
5269,16.0
5279,18.0
5289,15.0
5299,17.0
5309,17.0
5319,16.0
5329,15.0
5339,23.0
5349,19.0
5352,16.0
5362,19.0
5372,17.0
5382,26.0
5383,17.0
5385,16.0
5392,0.0
5402,18.0
5412,17.0
5419,18.0
5429,17.0
5439,17.0
5446,19.0
5456,17.0
5462,16.0
5467,0.0
5477,19.0
5487,17.0
5497,15.0
5507,18.0
5509,14.0
5519,18.0
5529,27.0
5539,15.0
5543,17.0
5553,21.0
5563,18.0
5564,0.0
5574,17.0
5584,15.0
5594,22.0
5603,19.0
5604,0.0
5614,17.0
5616,0.0
5619,17.0
5622,0.0
5632,14.0
5642,17.0
5652,19.0
5662,18.0
5672,26.0
5674,15.0
5682,16.0
5683,0.0
5693,17.0
5703,15.0
5713,15.0
5719,16.0
5729,17.0
5731,0.0
5735,0.0
5745,30.0
5752,18.0
5762,0.0
5772,21.0
5782,15.0
5789,17.0
5798,19.0
5808,0.0
5818,17.0
5828,19.0
5835,15.0
5845,15.0
5847,0.0
5857,16.0
5862,16.0
5872,18.0
5882,16.0
5884,0.0
5885,14.0
5890,17.0
5900,14.0
5910,14.0
5920,17.0
5922,17.0
5932,18.0
5939,0.0
5949,18.0
5955,18.0
5965,16.0
5975,17.0
5978,15.0
5988,18.0
5998,21.0
6008,18.0
6009,0.0
6019,19.0
6029,18.0
6030,0.0
6040,14.0
6045,14.0
6050,16.0
6060,17.0
6067,17.0
6072,17.0
6082,15.0
6083,0.0
6084,0.0
6094,19.0
6098,16.0
6108,21.0
6118,25.0
6128,19.0
6138,17.0
6148,17.0
6155,14.0
6159,18.0
6164,18.0
6174,18.0
6175,16.0
6185,17.0
6195,22.0
6198,0.0
6206,14.0
6209,0.0
6219,19.0
6229,18.0
6239,20.0
6249,15.0
6259,0.0
6267,19.0
6268,0.0
6272,16.0
6282,18.0
6292,14.0
6295,0.0
6305,18.0
6315,18.0
6325,17.0
6327,0.0
6331,19.0
6341,19.0
6347,17.0
6357,17.0
6367,14.0
6377,18.0
6387,18.0
6397,17.0
6407,16.0
6411,16.0
6420,18.0
6430,36.0
6440,14.0
6450,16.0
6453,0.0
6463,18.0
6473,18.0
6474,0.0
6480,18.0
6484,15.0
6485,0.0
6495,19.0
6500,0.0
6510,16.0
6520,25.0
6530,18.0
6540,16.0
6550,18.0
6558,18.0
6562,0.0
6568,18.0
6578,17.0
6588,14.0
6591,16.0
6601,18.0
6606,16.0
6612,16.0
6622,18.0
6632,18.0
6642,18.0
6652,16.0
6662,16.0
6669,14.0
6675,0.0
6685,18.0
6695,17.0
6705,18.0
6715,16.0
6725,19.0
6735,17.0
6742,18.0
6752,0.0
6762,18.0
6772,24.0
6775,18.0
6785,24.0
6795,16.0
6805,16.0
6815,16.0
6825,15.0
6835,16.0
6842,15.0
6845,0.0
6846,0.0
6856,19.0
6862,0.0
6872,15.0
6882,16.0
6884,0.0
6894,19.0
6904,16.0
6914,18.0
6924,17.0
6934,16.0
6935,0.0
6945,31.0
6955,18.0
6957,0.0
6965,0.0
6975,13.0
6985,17.0
6992,17.0
6994,0.0
7004,30.0
7014,18.0
7024,17.0
7026,0.0
7036,15.0
7042,20.0
7052,18.0
7062,19.0
7071,16.0
7081,16.0
7091,16.0
7095,18.0
7105,18.0
7109,0.0
7119,18.0
7129,18.0
7139,16.0
7149,19.0
7153,17.0
7163,36.0
7164,17.0
7174,31.0
7183,17.0
7184,16.0
7194,19.0
7204,15.0
7210,17.0
7220,16.0
7228,15.0
7238,17.0
7243,17.0
7253,17.0
7263,16.0
7273,17.0
7279,18.0
7289,17.0
7299,15.0
7309,18.0
7313,19.0
7323,16.0
7333,21.0
7334,0.0
7344,20.0
7346,17.0
7352,17.0
7358,17.0
7368,16.0
7378,31.0
7388,16.0
7398,16.0
7407,16.0
7417,15.0
7427,15.0
7437,17.0
7447,18.0
7457,17.0
7461,15.0
7465,0.0
7475,15.0
7485,17.0
7495,26.0
7505,16.0
7515,18.0
7523,17.0
7533,29.0
7537,18.0
7547,30.0
7557,15.0
7567,15.0
7577,16.0
7587,31.0
7597,18.0
7603,19.0
7613,0.0
7623,17.0
7630,16.0
7631,0.0
7641,15.0
7651,18.0
7661,15.0
7662,0.0
7672,16.0
7682,15.0
7692,15.0
7696,0.0
7701,17.0
7711,16.0
7721,32.0
7731,15.0
7733,0.0
7743,17.0
7753,17.0
7758,0.0
7766,31.0
7776,18.0
7785,14.0
7787,0.0
7797,15.0
7807,17.0
7817,18.0
7822,15.0
7832,16.0
7842,15.0
7852,17.0
7854,0.0
7861,16.0
7871,18.0
7881,14.0
7891,20.0
7893,14.0
7903,17.0
7913,17.0
7918,19.0
7928,34.0
7929,0.0
7933,17.0
7943,29.0
7947,0.0
7954,18.0
7964,28.0
7974,20.0
7979,16.0
7982,0.0
7986,16.0
7993,14.0
8003,15.0
8007,0.0
8016,16.0
8020,14.0
8030,18.0
8035,15.0
8045,16.0
8048,19.0
8056,16.0
8057,0.0
8060,0.0
8070,17.0
8080,17.0
8090,19.0
8100,15.0
8108,15.0
8114,16.0
8122,17.0
8126,17.0
8136,14.0
8138,17.0
8141,0.0
8143,0.0
8150,19.0
8155,17.0
8161,17.0
8169,14.0
8179,23.0
8189,18.0
8199,25.0
8206,17.0
8216,17.0
8226,15.0
8228,0.0
8238,23.0
8246,15.0
8256,18.0
8266,15.0
8272,16.0
8282,14.0
8287,16.0
8297,17.0
8304,18.0
8314,14.0
8324,22.0
8334,18.0
8344,14.0
8354,17.0
8364,16.0
8374,18.0
8384,17.0
8394,16.0
8404,18.0
8414,16.0
8418,16.0
8425,0.0
8435,18.0
8445,17.0
8455,17.0
8460,18.0
8470,19.0
8480,16.0
8490,15.0
8500,19.0
8510,31.0
8513,19.0
8514,0.0
8515,12.0
8519,0.0
8527,18.0
8537,18.0
8539,16.0
8544,15.0
8554,18.0
8564,27.0
8574,25.0
8576,16.0
8579,19.0
8587,18.0
8597,36.0
8607,17.0
8617,26.0
8627,18.0
8630,0.0
8633,17.0
8643,17.0
8649,17.0
8659,27.0
8669,17.0
8677,18.0
8687,35.0
8696,23.0
8706,16.0
8709,18.0
8719,22.0
8729,15.0
8739,18.0
8746,17.0
8756,17.0
8766,17.0
8776,16.0
8777,0.0
8787,15.0
8789,18.0
8798,17.0
8808,18.0
8811,16.0
8821,18.0
8831,23.0
8834,14.0
8839,15.0
8844,18.0
8845,18.0
8850,18.0
8860,16.0
8863,16.0
8873,15.0
8877,0.0
8878,0.0
8888,16.0
8898,17.0
8900,0.0
8904,0.0
8914,16.0
8924,24.0
8934,17.0
8936,16.0
8946,17.0
8953,16.0
8963,15.0
8966,0.0
8976,27.0
8986,17.0
8996,24.0
9006,16.0
9016,21.0
9021,15.0
9031,32.0
9041,29.0
9051,18.0
9061,32.0
9071,16.0
9081,15.0
9086,19.0
9096,17.0
9104,17.0
9114,18.0
9115,0.0
9125,18.0
9126,17.0
9136,17.0
9146,29.0
9156,17.0
9163,18.0
9166,18.0
9176,22.0
9186,17.0
9187,0.0
9190,17.0
9200,16.0
9208,18.0
9218,18.0
9228,18.0
9233,15.0
9243,16.0
9248,17.0
9258,19.0
9268,28.0
9278,17.0
9288,18.0
9298,18.0
9308,33.0
9317,16.0
9327,17.0
9337,23.0
9346,17.0
9354,15.0
9359,17.0
9369,17.0
9379,17.0
9383,16.0
9393,16.0
9403,17.0
9413,16.0
9414,0.0
9417,16.0
9427,22.0
9430,16.0
9433,17.0
9441,17.0
9451,19.0
9460,33.0
9470,28.0
9480,24.0
9486,14.0
9496,18.0
9506,16.0
9511,0.0
9521,0.0
9531,22.0
9534,17.0
9536,0.0
9541,19.0
9547,17.0
9557,17.0
9561,16.0
9566,17.0
9576,15.0
9586,0.0
9596,17.0
9606,23.0
9616,16.0
9626,16.0
9629,18.0
9639,16.0
9649,19.0
9659,15.0
9669,16.0
9679,18.0
9685,13.0
9695,19.0
9705,28.0
9715,18.0
9725,16.0
9735,27.0
9736,0.0
9742,14.0
9743,14.0
9750,19.0
9753,16.0
9763,37.0
9764,0.0
9774,24.0
9782,19.0
9787,0.0
9797,17.0
9807,27.0
9808,0.0
9809,0.0
9812,16.0
9822,18.0
9832,19.0
9842,16.0
9852,17.0
9862,16.0
9867,16.0
9873,17.0
9875,0.0
9885,17.0
9895,20.0
9905,16.0
9912,18.0
9922,26.0
9932,18.0
9942,19.0
9948,17.0
9958,18.0
9960,0.0
9970,16.0
9980,16.0
9981,17.0
9986,0.0
9996,15.0
9998,16.0
10008,28.0
10018,15.0
10028,18.0
10038,16.0
10039,0.0
10049,14.0
10057,17.0
10062,17.0
10072,15.0
10077,18.0
10087,15.0
10097,16.0
10107,15.0
10117,18.0
10123,19.0
10133,17.0
10143,14.0
10153,17.0
10156,0.0
10165,18.0
10175,17.0
10179,14.0
10189,16.0
10191,18.0
10201,17.0
10211,22.0
10221,17.0
10231,14.0
10241,16.0
10251,16.0
10259,15.0
10269,17.0
10279,17.0
10280,0.0
10290,15.0
10300,17.0
10310,18.0
10316,16.0
10326,14.0
10336,14.0
10346,26.0
10356,16.0
10365,15.0
10375,17.0
10385,16.0
10395,21.0
10397,0.0
10407,16.0
10417,17.0
10427,15.0
10436,31.0
10445,15.0
10455,18.0
10465,26.0
10475,17.0
10485,15.0
10488,18.0
10498,28.0
10508,16.0
10516,15.0
10520,17.0
10523,17.0
10533,19.0
10543,34.0
10545,14.0
10555,18.0
10565,18.0
10575,17.0
10585,17.0
10588,0.0
10598,15.0
10608,15.0
10618,14.0
10628,17.0
10637,18.0
10640,0.0
10650,19.0
10660,17.0
10670,13.0
10680,19.0
10686,16.0
10688,0.0
10698,18.0
10708,15.0
10718,18.0
10720,0.0
10727,16.0
10737,25.0
10747,16.0
10757,16.0
10767,16.0
10777,19.0
10787,18.0
10797,16.0
10807,17.0
10817,17.0
10827,17.0
10837,13.0
10847,18.0
10850,16.0
10860,18.0
10863,18.0
10871,17.0
10875,17.0
10877,18.0
10887,16.0
10897,16.0
10900,17.0
10910,23.0
10920,0.0
10930,15.0
10933,18.0
10935,16.0
10945,15.0
10955,20.0
10965,34.0
10968,18.0
10978,18.0
10988,18.0
10995,16.0
11003,17.0
11013,16.0
11023,23.0
11030,16.0
11040,17.0
11042,0.0
11052,16.0
11062,16.0
11067,17.0
11077,17.0
11087,25.0
11097,16.0
11107,19.0
11117,16.0
11127,16.0
11137,16.0
11147,18.0
11157,18.0
11167,26.0
11172,18.0
11182,16.0
11192,14.0
11202,14.0
11212,18.0
11222,17.0
11232,17.0
11241,16.0
11251,18.0
11261,25.0
11265,14.0
11266,0.0
11276,23.0
11282,17.0
11292,17.0
11302,26.0
11312,17.0
11322,17.0
11332,16.0
11342,19.0
11345,0.0
11348,15.0
11354,15.0
11364,28.0
11374,16.0
11384,16.0
11389,17.0
11399,17.0
11401,0.0
11411,26.0
11421,19.0
11431,19.0
11440,19.0
11448,14.0
11449,0.0
11458,17.0
11459,0.0
11468,15.0
11474,30.0
11484,17.0
11494,16.0
11504,25.0
11514,25.0
11521,19.0
11531,29.0
11541,35.0
11542,0.0
11544,0.0
11549,17.0
11559,24.0
11563,16.0
11573,18.0
11583,16.0
11593,27.0
11603,16.0
11608,17.0
11609,0.0
11619,18.0
11629,17.0
11636,16.0
11637,0.0
11647,17.0
11649,0.0
11659,17.0
11669,17.0
11679,16.0
11689,15.0
11699,18.0
11709,17.0
11719,29.0
11729,25.0
11739,17.0
11749,20.0
11753,19.0
11763,17.0
11765,19.0
11775,14.0
11785,17.0
11795,17.0
11798,18.0
11808,32.0
11813,17.0
11814,0.0
11823,14.0
11830,15.0
11840,17.0
11843,15.0
11853,16.0
11863,17.0
11873,28.0
11879,17.0
11889,28.0
11899,17.0
11909,15.0
11919,27.0
11923,0.0
11933,14.0
11934,0.0
11943,17.0
11953,19.0
11963,18.0
11973,19.0
11983,19.0
11993,26.0
12003,29.0
12004,16.0
12010,18.0
12017,17.0
12027,19.0
12037,18.0
12040,16.0
12050,18.0
12057,14.0
12058,0.0
12068,18.0
12078,17.0
12079,0.0
12081,15.0
12091,14.0
12093,15.0
12103,17.0
12113,28.0
12123,18.0
12126,16.0
12136,28.0
12146,28.0
12156,23.0
12160,15.0
12165,17.0
12175,27.0
12185,14.0
12192,17.0
12202,29.0
12203,0.0
12205,0.0
12215,20.0
12225,17.0
12235,15.0
12244,18.0
12254,31.0
12259,18.0
12269,15.0
12273,20.0
12276,16.0
12284,18.0
12285,0.0
12288,0.0
12298,18.0
12308,17.0
12318,23.0
12328,30.0
12338,15.0
12348,15.0
12350,18.0
12360,18.0
12361,0.0
12363,16.0
12373,15.0
12376,16.0
12377,0.0
12385,28.0
12395,18.0
12405,26.0
12415,23.0
12425,17.0
12426,0.0
12436,16.0
12446,26.0
12448,17.0
12451,17.0
12459,19.0
12461,0.0
12471,16.0
12481,22.0
12491,18.0
12492,17.0
12495,17.0
12497,16.0
12505,16.0
12515,37.0
12524,17.0
12530,18.0
12540,20.0
12545,19.0
12555,18.0
12565,26.0
12575,27.0
12585,23.0
12595,17.0
12598,18.0
12608,18.0
12618,26.0
12623,18.0
12627,16.0
12634,16.0
12635,17.0
12643,30.0
12653,16.0
12663,18.0
12673,18.0
12678,0.0
12688,28.0
12693,16.0
12703,15.0
12713,18.0
12723,15.0
12733,30.0
12743,19.0
12747,17.0
12757,17.0
12767,18.0
12768,0.0
12778,17.0
12788,16.0
12792,0.0
12802,18.0
12812,17.0
12822,22.0
12827,18.0
12837,17.0
12847,19.0
12857,17.0
12858,16.0
12865,15.0
12875,18.0
12885,14.0
12895,17.0
12905,17.0
12913,18.0
12923,17.0
12928,17.0
12932,16.0
12942,21.0
12952,17.0
12953,0.0
12963,15.0
12973,19.0
12983,15.0
12988,15.0
12998,15.0
12999,0.0
13009,17.0
13019,26.0
13029,16.0
13039,28.0
13049,37.0
13054,19.0
13057,18.0
13067,15.0
13077,15.0
13087,16.0
13097,26.0
13107,25.0
13117,14.0
13127,18.0
13134,16.0
13138,16.0
13148,19.0
13157,17.0
13167,26.0
13175,17.0
13181,16.0
13191,22.0
13201,20.0
13211,17.0
13215,17.0
13225,30.0
13235,17.0
13245,16.0
13255,21.0
13265,18.0
13271,17.0
13281,29.0
13289,17.0
13292,19.0
13293,0.0
13303,17.0
13313,16.0
13323,18.0
13333,29.0
13339,18.0
13347,17.0
13350,0.0
13360,18.0
13370,18.0
13378,17.0
13387,17.0
13397,16.0
13407,18.0
13417,18.0
13425,19.0
13432,17.0
13442,17.0
13452,25.0
13462,22.0
13468,18.0
13476,19.0
13486,16.0
13496,26.0
13502,16.0
13505,18.0
13515,25.0
13525,19.0
13535,18.0
13538,16.0
13548,27.0
13558,27.0
13568,15.0
13569,18.0
13579,16.0
13589,17.0
13593,17.0
13603,17.0
13613,28.0
13623,20.0
13628,17.0
13638,17.0
13641,18.0
13644,16.0
13649,17.0
13659,15.0
13660,17.0
13670,15.0
13680,18.0
13690,16.0
13700,18.0
13710,27.0
13715,18.0
13725,17.0
13735,32.0
13745,16.0
13751,17.0
13759,18.0
13769,16.0
13771,18.0
13781,29.0
13786,19.0
13793,32.0
13794,0.0
13804,20.0
13813,16.0
13823,28.0
13824,18.0
13834,14.0
13841,15.0
13851,29.0
13861,19.0
13865,17.0
13870,16.0
13880,26.0
13889,20.0
13892,0.0
13899,18.0
13909,29.0
13919,18.0
13929,16.0
13939,36.0
13948,18.0
13958,16.0
13968,16.0
13974,16.0
13976,18.0
13986,23.0
13991,17.0
13992,0.0
14002,15.0
14012,18.0
14014,15.0
14024,32.0
14034,16.0
14044,16.0
14054,17.0
14062,18.0
14072,16.0
14074,17.0
14084,19.0
14094,18.0
14096,17.0
14106,27.0
14116,16.0
14126,16.0
14134,26.0
14144,18.0
14154,18.0
14158,16.0
14168,15.0
14175,16.0
14185,17.0
14195,30.0
14198,0.0
14208,16.0
14218,28.0
14219,17.0
14229,17.0
14239,17.0
14249,17.0
14259,18.0
14261,18.0
14268,18.0
14277,15.0
14287,15.0
14297,26.0
14301,19.0
14311,26.0
14321,18.0
14331,26.0
14341,17.0
14351,26.0
14353,19.0
14363,27.0
14369,0.0
14373,16.0
14381,31.0
14391,19.0
14395,18.0
14405,15.0
14415,26.0
14423,18.0
14433,17.0
14443,23.0
14453,15.0
14456,16.0
14466,23.0
14469,18.0
14479,16.0
14488,19.0
14493,17.0
14503,17.0
14513,17.0
14523,29.0
14526,17.0
14535,17.0
14545,18.0
14555,31.0
14565,15.0
14575,16.0
14580,16.0
14587,24.0
14588,17.0
14598,17.0
14608,16.0
14615,30.0
14625,17.0
14635,17.0
14639,17.0
14649,17.0
14659,23.0
14669,25.0
14672,0.0
14677,0.0
14682,19.0
14692,31.0
14702,24.0
14712,24.0
14722,17.0
14727,15.0
14729,16.0
14739,17.0
14742,15.0
14752,33.0
14754,19.0
14756,16.0
14766,17.0
14776,27.0
14786,24.0
14792,16.0
14802,20.0
14812,18.0
14820,19.0
14830,18.0
14840,19.0
14850,17.0
14860,29.0
14870,21.0
14872,16.0
14882,17.0
14892,31.0
14902,16.0
14912,30.0
14922,14.0
14930,31.0
14939,17.0
14949,30.0
14950,0.0
14954,17.0
14962,19.0
14964,16.0
14974,17.0
14984,19.0
14994,17.0
15004,17.0
15014,17.0
15024,17.0
15031,16.0
15041,18.0
15050,21.0
15057,17.0
15064,15.0
15068,15.0
15078,18.0
15080,0.0
15089,30.0
15091,0.0
15101,15.0
15111,29.0
15116,19.0
15126,16.0
15128,0.0
15132,18.0
15142,15.0
15152,19.0
15162,27.0
15172,26.0
15179,18.0
15189,24.0
15199,17.0
15209,14.0
15211,0.0
15221,14.0
15231,17.0
15235,15.0
15245,18.0
15255,32.0
15259,16.0
15261,17.0
15264,0.0
15274,18.0
15284,16.0
15294,16.0
15301,25.0
15311,27.0
15321,17.0
15331,19.0
15341,24.0
15351,33.0
15361,26.0
15371,27.0
15374,17.0
15375,0.0
15385,24.0
15388,16.0
15398,27.0
15399,0.0
15409,34.0
15419,16.0
15423,17.0
15427,16.0
15437,25.0
15447,29.0
15457,27.0
15467,31.0
15470,16.0
15480,27.0
15490,30.0
15500,26.0
15506,15.0
15516,26.0
15520,17.0
15530,15.0
15539,17.0
15549,31.0
15559,30.0
15564,17.0
15574,32.0
15579,16.0
15587,32.0
15597,16.0
15607,27.0
15617,16.0
15627,19.0
15637,25.0
15647,20.0
15649,17.0
15659,27.0
15666,16.0
15668,18.0
15678,15.0
15688,25.0
15692,18.0
15702,14.0
15704,0.0
15709,16.0
15710,16.0
15720,24.0
15722,15.0
15732,28.0
15733,0.0
15741,18.0
15751,32.0
15761,20.0
15771,31.0
15781,38.0
15786,16.0
15796,27.0
15806,22.0
15816,30.0
15824,19.0
15834,19.0
15836,15.0
15843,18.0
15848,16.0
15858,16.0
15868,25.0
15878,35.0
15888,30.0
15898,23.0
15899,17.0
15909,17.0
15919,24.0
15929,27.0
15939,19.0
15947,33.0
15957,16.0
15967,16.0
15976,16.0
15979,15.0
15981,0.0
15991,30.0
15993,16.0
16003,30.0
16005,15.0
16015,17.0
16025,17.0
16030,16.0
16040,16.0
16050,31.0
16060,30.0
16070,29.0
16080,19.0
16090,28.0
16100,24.0
16106,14.0
16116,18.0
16126,24.0
16136,17.0
16143,17.0
16153,18.0
16163,26.0
16173,17.0
16175,0.0
16185,14.0
16195,15.0
16205,18.0
16215,18.0
16216,0.0
16226,17.0
16233,16.0
16243,31.0
16253,15.0
16254,0.0
16258,19.0
16268,36.0
16278,27.0
16288,26.0
16298,19.0
16308,16.0
16318,28.0
16328,17.0
16332,13.0
16342,41.0
16352,16.0
16362,16.0
16372,31.0
16373,0.0
16383,33.0
16393,15.0
16403,28.0
16413,23.0
16418,17.0
16428,19.0
16438,29.0
16448,20.0
16454,18.0
16457,17.0
16467,31.0
16477,15.0
16487,13.0
16497,18.0
16505,24.0
16515,17.0
16523,19.0
16528,17.0
16537,17.0
16547,18.0
16548,0.0
16552,16.0
16558,17.0
16568,16.0
16578,16.0
16588,27.0
16598,24.0
16608,17.0
16618,17.0
16623,18.0
16633,22.0
16634,17.0
16638,16.0
16648,30.0
16658,15.0
16668,25.0
16678,26.0
16688,14.0
16698,27.0
16702,0.0
16712,16.0
16722,27.0
16724,0.0
16732,27.0
16742,17.0
16752,30.0
16762,16.0
16767,17.0
16777,34.0
16783,17.0
16788,16.0
16798,15.0
16800,14.0
16810,26.0
16820,16.0
16822,0.0
16832,27.0
16834,0.0
16838,16.0
16839,0.0
16846,30.0
16850,17.0
16860,25.0
16869,17.0
16879,26.0
16886,17.0
16896,16.0
16903,17.0
16910,26.0
16920,30.0
16930,24.0
16940,25.0
16950,17.0
16960,19.0
16970,29.0
16980,16.0
16990,19.0
16992,0.0
17002,19.0
17004,20.0
17014,17.0
17021,16.0
17031,25.0
17036,27.0
17046,30.0
17056,24.0
17059,18.0
17069,22.0
17079,31.0
17082,0.0
17085,17.0
17095,25.0
17100,13.0
17104,16.0
17114,26.0
17124,36.0
17128,17.0
17137,16.0
17147,19.0
17157,15.0
17161,15.0
17168,17.0
17178,22.0
17186,18.0
17196,22.0
17206,18.0
17216,27.0
17220,19.0
17230,30.0
17238,19.0
17248,15.0
17258,33.0
17268,16.0
17272,17.0
17282,21.0
17292,33.0
17302,17.0
17312,22.0
17322,16.0
17332,18.0
17335,19.0
17337,0.0
17338,18.0
17339,18.0
17349,14.0
17351,16.0
17353,16.0
17362,19.0
17365,16.0
17375,32.0
17385,16.0
17395,17.0
17405,19.0
17415,17.0
17418,17.0
17427,17.0
17434,17.0
17444,15.0
17454,15.0
17462,29.0
17468,16.0
17478,33.0
17482,19.0
17487,17.0
17497,29.0
17507,15.0
17517,29.0
17527,30.0
17537,17.0
17547,24.0
17557,23.0
17558,18.0
17562,19.0
17572,34.0
17582,29.0
17592,20.0
17599,23.0
17602,16.0
17605,18.0
17608,17.0
17618,17.0
17628,18.0
17638,25.0
17646,19.0
17656,17.0
17660,17.0
17670,30.0
17674,19.0
17684,23.0
17691,25.0
17701,16.0
17711,46.0
17721,25.0
17731,32.0
17741,35.0
17749,17.0
17759,27.0
17769,34.0
17779,16.0
17789,21.0
17799,14.0
17809,25.0
17815,16.0
17822,30.0
17830,17.0
17837,19.0
17843,16.0
17853,27.0
17863,16.0
17873,18.0
17877,18.0
17883,0.0
17893,34.0
17903,28.0
17908,15.0
17911,18.0
17914,16.0
17924,16.0
17934,18.0
17944,31.0
17954,16.0
17958,17.0
17968,18.0
17978,14.0
17984,28.0
17985,0.0
17986,0.0
17989,18.0
17999,37.0
18009,30.0
18019,38.0
18029,16.0
18039,31.0
18045,18.0
18052,17.0
18057,18.0
18067,17.0
18077,17.0
18079,18.0
18089,27.0
18093,16.0
18103,27.0
18113,18.0
18123,17.0
18133,23.0
18143,27.0
18153,16.0
18162,19.0
18167,18.0
18175,27.0
18176,18.0
18186,38.0
18196,13.0
18206,16.0
18215,36.0
18225,17.0
18235,35.0
18237,17.0
18247,25.0
18257,17.0
18267,18.0
18277,26.0
18279,0.0
18289,23.0
18299,25.0
18303,16.0
18313,28.0
18318,19.0
18321,15.0
18331,25.0
18341,15.0
18351,19.0
18361,38.0
18371,18.0
18372,0.0
18382,27.0
18386,16.0
18396,26.0
18399,17.0
18409,21.0
18419,27.0
18429,15.0
18439,27.0
18442,16.0
18452,36.0
18457,17.0
18467,27.0
18477,19.0
18487,20.0
18489,18.0
18497,30.0
18498,0.0
18502,19.0
18512,16.0
18522,25.0
18532,32.0
18542,18.0
18545,14.0
18555,31.0
18565,17.0
18575,16.0
18579,17.0
18589,17.0
18599,17.0
18604,18.0
18614,30.0
18624,19.0
18627,14.0
18634,14.0
18638,18.0
18647,17.0
18657,15.0
18667,25.0
18668,0.0
18678,19.0
18688,23.0
18698,17.0
18703,17.0
18712,24.0
18722,15.0
18730,31.0
18733,16.0
18739,18.0
18749,27.0
18759,26.0
18761,0.0
18766,18.0
18770,17.0
18780,33.0
18790,17.0
18791,19.0
18801,17.0
18805,18.0
18815,28.0
18825,18.0
18826,16.0
18830,17.0
18840,24.0
18850,20.0
18860,15.0
18870,20.0
18872,17.0
18882,17.0
18892,28.0
18898,17.0
18908,44.0
18918,19.0
18928,26.0
18938,16.0
18943,17.0
18953,26.0
18954,0.0
18955,17.0
18965,29.0
18967,0.0
18977,15.0
18987,14.0
18997,26.0
18999,16.0
19001,19.0
19011,19.0
19021,18.0
19031,26.0
19035,17.0
19039,16.0
19049,23.0
19059,33.0
19069,23.0
19079,28.0
19089,31.0
19099,25.0
19100,15.0
19109,27.0
19111,18.0
19121,23.0
19131,23.0
19134,16.0
19137,17.0
19147,16.0
19157,39.0
19160,18.0
19166,17.0
19176,16.0
19186,18.0
19195,19.0
19202,17.0
19204,17.0
19214,34.0
19224,20.0
19227,16.0
19237,14.0
19247,18.0
19257,17.0
19267,18.0
19277,38.0
19287,19.0
19297,16.0
19307,26.0
19314,19.0
19316,18.0
19323,23.0
19333,17.0
19340,30.0
19342,16.0
19352,16.0
19362,29.0
19367,17.0
19377,19.0
19387,28.0
19397,35.0
19407,26.0
19417,25.0
19427,31.0
19437,17.0
19440,15.0
19450,26.0
19460,18.0
19470,32.0
19471,16.0
19481,27.0
19491,25.0
19492,0.0
19502,19.0
19509,14.0
19512,17.0
19520,21.0
19530,25.0
19540,21.0
19550,23.0
19557,17.0
19567,22.0
19577,23.0
19587,26.0
19597,22.0
19607,17.0
19608,19.0
19614,16.0
19621,15.0
19631,30.0
19634,18.0
19644,15.0
19646,17.0
19656,19.0
19664,16.0
19669,16.0
19679,21.0
19689,30.0
19699,25.0
19709,31.0
19718,15.0
19728,29.0
19735,16.0
19745,22.0
19747,15.0
19757,17.0
19767,36.0
19777,18.0
19787,26.0
19797,19.0
19807,17.0
19809,15.0
19813,17.0
19823,28.0
19833,17.0
19840,17.0
19850,28.0
19860,24.0
19870,24.0
19872,17.0
19882,28.0
19888,19.0
19896,17.0
19901,15.0
19903,17.0
19913,19.0
19923,25.0
19933,30.0
19943,26.0
19953,24.0
19963,17.0
19973,16.0
19983,22.0
19993,17.0
20003,20.0
20013,17.0
20023,16.0
20033,21.0
20034,19.0
20040,16.0
20042,15.0
20049,16.0
20053,17.0
20060,18.0
20070,29.0
20080,28.0
20086,18.0
20093,15.0
20103,37.0
20113,17.0
20118,15.0
20128,23.0
20131,16.0
20141,15.0
20151,27.0
20153,17.0
20163,26.0
20166,17.0
20170,17.0
20172,16.0
20182,17.0
20183,16.0
20193,21.0
20203,17.0
20208,16.0
20213,19.0
20223,19.0
20227,18.0
20236,19.0
20246,16.0
20253,16.0
20263,31.0
20273,23.0
20283,16.0
20291,15.0
20301,16.0
20311,15.0
20321,19.0
20331,17.0
20333,19.0
20343,14.0
20353,30.0
20363,41.0
20373,22.0
20374,0.0
20379,15.0
20383,17.0
20393,25.0
20396,18.0
20406,17.0
20416,16.0
20417,18.0
20427,17.0
20437,21.0
20444,17.0
20454,26.0
20464,16.0
20474,14.0
20484,25.0
20494,33.0
20504,18.0
20514,19.0
20521,17.0
20531,26.0
20541,28.0
20545,16.0
20555,31.0
20565,25.0
20571,16.0
20579,26.0
20589,36.0
20599,16.0
20609,24.0
20615,30.0
20625,27.0
20635,34.0
20640,14.0
20650,27.0
20660,16.0
20670,18.0
20680,36.0
20690,17.0
20695,15.0
20705,18.0
20715,37.0
20725,17.0
20735,35.0
20738,16.0
20739,0.0
20749,16.0
20757,17.0
20759,15.0
20761,17.0
20771,21.0
20781,22.0
20791,26.0
20801,21.0
20811,37.0
20812,18.0
20822,30.0
20824,16.0
20831,25.0
20835,16.0
20845,24.0
20855,16.0
20858,17.0
20868,23.0
20873,17.0
20883,26.0
20885,17.0
20895,23.0
20905,24.0
20911,18.0
20921,18.0
20923,15.0
20933,22.0
20941,26.0
20945,15.0
20955,22.0
20965,35.0
20975,21.0
20985,25.0
20989,19.0
20999,20.0
21009,22.0
21014,17.0
21022,17.0
21032,19.0
21042,18.0
21052,15.0
21060,17.0
21070,30.0
21079,16.0
21089,16.0
21099,34.0
21107,19.0
21117,19.0
21127,24.0
21137,17.0
21147,17.0
21151,18.0
21152,0.0
21162,28.0
21165,19.0
21170,17.0
21180,18.0
21190,26.0
21200,20.0
21210,26.0
21217,16.0
21227,24.0
21237,17.0
21247,16.0
21257,23.0
21267,25.0
21277,22.0
21280,0.0
21290,29.0
21300,24.0
21306,15.0
21316,25.0
21326,20.0
21336,28.0
21346,21.0
21351,16.0
21355,16.0
21360,18.0
21365,17.0
21375,27.0
21379,18.0
21389,27.0
21399,17.0
21409,21.0
21419,25.0
21426,17.0
21436,35.0
21446,28.0
21456,25.0
21466,26.0
21476,23.0
21486,28.0
21496,32.0
21506,15.0
21509,17.0
21512,15.0
21521,18.0
21531,25.0
21538,17.0
21548,15.0
21549,0.0
21559,23.0
21569,18.0
21579,25.0
21589,18.0
21599,20.0
21609,17.0
21619,36.0
21627,25.0
21637,30.0
21647,15.0
21657,25.0
21660,18.0
21670,22.0
21680,27.0
21690,44.0
21700,29.0
21710,16.0
21718,19.0
21728,22.0
21732,14.0
21742,30.0
21744,16.0
21748,17.0
21758,26.0
21768,30.0
21778,29.0
21788,23.0
21793,15.0
21800,33.0
21801,17.0
21811,33.0
21821,17.0
21831,26.0
21841,29.0
21851,35.0
21860,29.0
21870,32.0
21880,18.0
21890,24.0
21900,33.0
21910,31.0
21919,16.0
21926,18.0
21936,31.0
21937,0.0
21947,29.0
21957,28.0
21961,15.0
21971,31.0
21973,18.0
21982,16.0
21985,16.0
21995,25.0
22005,32.0
22015,24.0
22020,17.0
22021,16.0
22031,18.0
22034,17.0
22044,30.0
22054,39.0
22064,41.0
22074,17.0
22075,14.0
22080,18.0
22089,34.0
22099,30.0
22107,21.0
22117,20.0
22127,19.0
22133,27.0
22143,22.0
22153,15.0
22163,21.0
22173,29.0
22183,18.0
22193,31.0
22202,16.0
22210,30.0
22220,19.0
22230,29.0
22237,16.0
22247,35.0
22257,16.0
22267,20.0
22277,28.0
22287,24.0
22297,30.0
22301,18.0
22305,16.0
22315,33.0
22316,18.0
22324,19.0
22332,28.0
22342,16.0
22352,26.0
22362,16.0
22365,16.0
22375,20.0
22385,24.0
22395,19.0
22405,30.0
22415,24.0
22418,16.0
22428,19.0
22435,19.0
22438,15.0
22448,28.0
22458,23.0
22463,17.0
22473,17.0
22483,28.0
22486,16.0
22492,17.0
22502,29.0
22509,21.0
22519,39.0
22529,25.0
22532,17.0
22542,28.0
22545,17.0
22555,35.0
22565,26.0
22566,18.0
22576,23.0
22586,33.0
22589,19.0
22599,34.0
22609,29.0
22615,30.0
22624,16.0
22634,25.0
22639,17.0
22649,27.0
22659,33.0
22669,15.0
22679,36.0
22680,15.0
22688,18.0
22695,14.0
22705,34.0
22706,0.0
22716,15.0
22719,17.0
22729,32.0
22739,41.0
22749,31.0
22759,27.0
22761,18.0
22771,28.0
22781,17.0
22791,33.0
22801,20.0
22811,24.0
22821,16.0
22831,24.0
22841,24.0
22851,38.0
22858,19.0
22868,17.0
22873,15.0
22877,17.0
22884,23.0
22894,25.0
22904,22.0
22906,0.0
22916,20.0
22926,36.0
22932,16.0
22942,16.0
22952,16.0
22962,23.0
22972,22.0
22982,18.0
22984,14.0
22994,16.0
22996,17.0
23006,23.0
23016,17.0
23026,25.0
23031,16.0
23034,17.0
23037,17.0
23047,32.0
23057,17.0
23067,17.0
23077,24.0
23084,19.0
23094,26.0
23104,32.0
23114,23.0
23124,22.0
23132,20.0
23135,16.0
23144,19.0
23154,30.0
23164,26.0
23169,18.0
23179,28.0
23180,0.0
23190,27.0
23191,16.0
23201,13.0
23211,24.0
23212,16.0
23222,20.0
23223,0.0
23227,15.0
23237,38.0
23247,16.0
23248,16.0
23251,14.0
23261,27.0
23268,24.0
23278,17.0
23288,32.0
23298,28.0
23301,15.0
23311,22.0
23315,18.0
23320,16.0
23330,34.0
23340,30.0
23350,28.0
23356,19.0
23366,26.0
23376,25.0
23378,0.0
23383,17.0
23393,28.0
23403,18.0
23413,40.0
23423,17.0
23430,16.0
23440,29.0
23450,25.0
23460,32.0
23468,26.0
23478,22.0
23482,17.0
23492,30.0
23501,27.0
23503,15.0
23513,32.0
23522,31.0
23532,28.0
23542,37.0
23545,18.0
23555,27.0
23560,19.0
23570,30.0
23580,20.0
23590,16.0
23600,15.0
23610,24.0
23612,17.0
23622,29.0
23632,28.0
23642,34.0
23648,27.0
23658,27.0
23668,24.0
23678,31.0
23688,25.0
23693,16.0
23699,32.0
23705,16.0
23715,28.0
23722,16.0
23732,26.0
23742,28.0
23752,26.0
23760,18.0
23761,0.0
23771,18.0
23781,25.0
23791,27.0
23801,22.0
23811,26.0
23821,18.0
23829,27.0
23831,15.0
23835,14.0
23836,18.0
23846,28.0
23853,17.0
23857,18.0
23862,18.0
23869,21.0
23879,32.0
23889,35.0
23899,34.0
23901,17.0
23909,17.0
23910,17.0
23920,27.0
23930,26.0
23932,14.0
23942,27.0
23952,30.0
23962,29.0
23972,21.0
23982,30.0
23986,14.0
23987,18.0
23993,18.0
23995,0.0
24005,22.0
24015,32.0
24025,28.0
24028,15.0
24032,19.0
24042,26.0
24052,27.0
24062,17.0
24072,27.0
24077,16.0
24087,16.0
24097,31.0
24107,33.0
24112,15.0
24117,16.0
24127,17.0
24137,22.0
24142,19.0
24152,30.0
24162,15.0
24172,26.0
24182,16.0
24192,22.0
24201,16.0
24211,20.0
24221,18.0
24231,30.0
24241,30.0
24244,17.0
24254,23.0
24264,29.0
24274,20.0
24284,26.0
24294,23.0
24303,21.0
24313,29.0
24323,26.0
24333,21.0
24343,18.0
24345,18.0
24355,22.0
24365,19.0
24374,28.0
24377,14.0
24387,23.0
24397,29.0
24407,21.0
24413,16.0
24418,17.0
24428,27.0
24438,37.0
24448,36.0
24455,17.0
24465,30.0
24475,16.0
24482,17.0
24492,29.0
24502,18.0
24504,16.0
24513,17.0
24523,27.0
24533,28.0
24543,26.0
24547,18.0
24557,19.0
24567,22.0
24571,17.0
24581,23.0
24591,24.0
24601,30.0
24611,16.0
24615,16.0
24621,29.0
24631,25.0
24641,36.0
24643,16.0
24647,15.0
24657,26.0
24667,28.0
24673,16.0
24682,14.0
24692,23.0
24696,15.0
24706,30.0
24707,0.0
24717,24.0
24727,24.0
24737,18.0
24738,17.0
24745,15.0
24755,33.0
24765,24.0
24769,17.0
24779,31.0
24786,25.0
24796,28.0
24799,18.0
24807,17.0
24817,17.0
24827,23.0
24837,28.0
24839,18.0
24849,22.0
24859,26.0
24869,26.0
24879,27.0
24889,29.0
24896,16.0
24906,19.0
24916,32.0
24926,19.0
24932,16.0
24942,18.0
24952,19.0
24958,17.0
24966,16.0
24976,28.0
24986,16.0
24989,17.0
24999,15.0
25003,14.0
25013,21.0
25023,22.0
25033,17.0
25041,18.0
25044,15.0
25046,14.0
25052,18.0
25062,18.0
25072,24.0
25078,16.0
25088,26.0
25098,29.0
25104,24.0
25106,16.0
25116,18.0
25126,18.0
25136,33.0
25146,18.0
25156,31.0
25166,26.0
25169,14.0
25179,29.0
25180,0.0
25184,15.0
25194,21.0
25204,27.0
25214,25.0
25224,27.0
25234,30.0
25235,0.0
25245,29.0
25255,16.0
25265,18.0
25275,31.0
25285,31.0
25295,18.0
25305,37.0
25306,15.0
25316,24.0
25326,19.0
25328,19.0
25338,17.0
25345,29.0
25346,18.0
25356,37.0
25366,26.0
25376,24.0
25386,33.0
25387,0.0
25397,30.0
25407,17.0
25417,22.0
25427,29.0
25436,16.0
25442,17.0
25450,24.0
25451,17.0
25461,24.0
25471,31.0
25481,30.0
25491,15.0
25501,27.0
25511,14.0
25521,31.0
25529,25.0
25539,22.0
25549,22.0
25550,17.0
25560,23.0
25568,39.0
25578,33.0
25583,20.0
25584,18.0
25594,17.0
25604,23.0
25605,0.0
25615,18.0
25621,18.0
25631,27.0
25641,14.0
25651,23.0
25661,23.0
25669,25.0
25674,17.0
25684,21.0
25694,23.0
25704,26.0
25712,15.0
25722,30.0
25732,14.0
25740,19.0
25750,21.0
25760,24.0
25761,0.0
25769,28.0
25779,19.0
25783,18.0
25793,27.0
25803,17.0
25805,16.0
25811,26.0
25818,16.0
25828,16.0
25831,18.0
25834,0.0
25844,31.0
25847,14.0
25849,17.0
25859,19.0
25863,18.0
25867,16.0
25877,25.0
25887,18.0
25897,28.0
25907,34.0
25908,0.0
25909,0.0
25917,25.0
25919,15.0
25929,33.0
25936,33.0
25946,22.0
25956,30.0
25966,17.0
25974,25.0
25976,16.0
25986,32.0
25996,33.0
26002,19.0
26009,26.0
26019,39.0
26022,19.0
26026,18.0
26029,19.0
26036,18.0
26040,16.0
26050,27.0
26060,20.0
26070,38.0
26080,17.0
26088,23.0
26098,19.0
26108,24.0
26118,16.0
26128,18.0
26131,16.0
26141,22.0
26148,23.0
26156,17.0
26159,19.0
26169,16.0
26179,31.0
26189,23.0
26199,17.0
26209,29.0
26213,16.0
26223,32.0
26233,29.0
26243,31.0
26244,18.0
26246,16.0
26256,24.0
26266,32.0
26276,16.0
26286,31.0
26287,0.0
26297,23.0
26307,25.0
26317,29.0
26321,18.0
26326,15.0
26336,26.0
26340,15.0
26342,15.0
26352,23.0
26362,35.0
26372,22.0
26382,26.0
26392,30.0
26401,25.0
26402,0.0
26412,24.0
26419,23.0
26429,21.0
26434,17.0
26444,21.0
26452,27.0
26462,21.0
26472,17.0
26476,16.0
26486,23.0
26491,17.0
26501,30.0
26511,22.0
26520,27.0
26530,25.0
26533,18.0
26543,23.0
26553,39.0
26556,18.0
26560,18.0
26570,25.0
26578,21.0
26588,29.0
26590,18.0
26600,27.0
26610,21.0
26620,16.0
26622,17.0
26626,15.0
26636,27.0
26646,24.0
26650,16.0
26651,0.0
26653,17.0
26663,26.0
26673,16.0
26683,22.0
26690,22.0
26697,22.0
26707,37.0
26717,27.0
26720,16.0
26730,25.0
26740,31.0
26750,38.0
26760,23.0
26770,26.0
26780,21.0
26790,25.0
26800,32.0
26810,33.0
26820,34.0
26822,16.0
26832,28.0
26842,28.0
26852,28.0
26862,15.0
26872,25.0
26882,23.0
26892,26.0
26897,18.0
26907,23.0
26917,38.0
26927,23.0
26937,28.0
26944,18.0
26954,22.0
26963,14.0
26973,22.0
26981,26.0
26986,17.0
26996,23.0
27000,19.0
27010,27.0
27019,25.0
27029,36.0
27036,17.0
27046,30.0
27048,18.0
27054,16.0
27064,29.0
27070,14.0
27080,31.0
27090,20.0
27096,29.0
27106,33.0
27116,29.0
27119,16.0
27129,14.0
27139,15.0
27149,19.0
27157,19.0
27159,19.0
27169,18.0
27179,28.0
27189,16.0
27199,30.0
27209,28.0
27214,18.0
27224,31.0
27233,17.0
27238,18.0
27239,0.0
27249,35.0
27253,19.0
27254,0.0
27264,30.0
27274,29.0
27284,30.0
27294,16.0
27304,23.0
27314,25.0
27324,14.0
27333,28.0
27342,26.0
27352,26.0
27361,29.0
27371,30.0
27381,26.0
27391,26.0
27401,31.0
27406,31.0
27416,37.0
27426,29.0
27430,16.0
27440,17.0
27450,21.0
27454,16.0
27464,21.0
27471,30.0
27481,32.0
27489,24.0
27499,15.0
27502,17.0
27512,25.0
27522,36.0
27524,16.0
27534,17.0
27544,18.0
27546,16.0
27556,29.0
27563,36.0
27573,32.0
27583,16.0
27593,31.0
27602,17.0
27612,33.0
27619,17.0
27629,25.0
27639,28.0
27646,23.0
27656,21.0
27666,21.0
27667,0.0
27671,19.0
27672,17.0
27682,26.0
27689,30.0
27697,23.0
27707,16.0
27713,17.0
27723,35.0
27726,17.0
27736,16.0
27746,35.0
27756,30.0
27759,16.0
27769,26.0
27779,29.0
27786,15.0
27796,30.0
27806,33.0
27807,0.0
27817,30.0
27827,19.0
27837,22.0
27840,17.0
27847,15.0
27854,27.0
27864,27.0
27874,22.0
27884,23.0
27894,29.0
27904,24.0
27912,19.0
27922,30.0
27932,23.0
27942,28.0
27944,17.0
27949,19.0
27954,16.0
27964,27.0
27972,17.0
27981,29.0
27991,17.0
28001,21.0
28005,17.0
28013,27.0
28022,28.0
28030,17.0
28040,23.0
28050,25.0
28060,15.0
28070,25.0
28080,20.0
28090,22.0
28100,33.0
28110,30.0
28114,18.0
28122,27.0
28132,26.0
28135,17.0
28145,28.0
28150,24.0
28160,18.0
28161,18.0
28171,21.0
28177,17.0
28184,33.0
28194,27.0
28204,21.0
28210,15.0
28220,36.0
28230,30.0
28240,26.0
28250,31.0
28257,14.0
28267,28.0
28277,32.0
28286,23.0
28296,25.0
28306,28.0
28316,22.0
28326,26.0
28336,24.0
28337,19.0
28347,23.0
28357,31.0
28363,18.0
28365,19.0
28369,18.0
28375,17.0
28385,33.0
28395,22.0
28404,22.0
28412,20.0
28422,33.0
28432,27.0
28442,25.0
28452,20.0
28462,17.0
28472,23.0
28478,30.0
28488,31.0
28498,36.0
28503,20.0
28506,20.0
28516,17.0
28526,21.0
28536,35.0
28546,23.0
28556,25.0
28557,17.0
28567,27.0
28572,15.0
28582,26.0
28590,26.0
28600,33.0
28605,17.0
28611,15.0
28621,23.0
28631,16.0
28637,18.0
28647,30.0
28657,26.0
28667,27.0
28672,19.0
28682,34.0
28683,18.0
28693,41.0
28703,18.0
28712,21.0
28720,32.0
28723,17.0
28733,16.0
28743,34.0
28753,22.0
28761,16.0
28771,25.0
28773,16.0
28777,16.0
28787,25.0
28789,0.0
28799,29.0
28809,24.0
28815,31.0
28825,29.0
28835,15.0
28845,28.0
28855,33.0
28865,28.0
28875,27.0
28885,26.0
28895,27.0
28900,15.0
28910,27.0
28918,26.0
28928,22.0
28938,28.0
28948,18.0
28958,22.0
28959,18.0
28969,23.0
28979,29.0
28989,33.0
28999,25.0
29000,17.0
29010,33.0
29017,25.0
29020,17.0
29026,18.0
29036,29.0
29046,24.0
29056,20.0
29066,40.0
29076,23.0
29086,26.0
29088,18.0
29091,15.0
29101,29.0
29111,25.0
29121,21.0
29124,17.0
29134,28.0
29144,18.0
29154,29.0
29164,20.0
29174,29.0
29184,25.0
29190,14.0
29194,17.0
29200,22.0
29210,18.0
29220,34.0
29230,32.0
29240,13.0
29250,24.0
29260,37.0
29270,24.0
29280,22.0
29290,17.0
29300,31.0
29306,29.0
29316,18.0
29326,30.0
29336,16.0
29346,20.0
29356,35.0
29361,20.0
29363,18.0
29373,24.0
29383,25.0
29393,17.0
29403,36.0
29413,34.0
29423,26.0
29425,18.0
29435,20.0
29445,32.0
29455,28.0
29461,16.0
29467,14.0
29477,23.0
29481,16.0
29491,31.0
29497,26.0
29499,18.0
29506,19.0
29516,25.0
29519,16.0
29526,22.0
29536,22.0
29546,29.0
29552,15.0
29558,17.0
29563,17.0
29573,32.0
29583,29.0
29592,31.0
29600,33.0
29601,0.0
29607,18.0
29617,31.0
29620,19.0
29630,31.0
29640,21.0
29645,17.0
29655,21.0
29662,23.0
29667,33.0
29671,17.0
29676,16.0
29683,16.0
29686,17.0
29696,30.0
29706,26.0
29715,24.0
29725,25.0
29735,31.0
29745,25.0
29749,17.0
29759,24.0
29769,16.0
29779,19.0
29788,36.0
29798,26.0
29808,31.0
29818,26.0
29828,26.0
29833,16.0
29843,40.0
29848,18.0
29853,17.0
29863,25.0
29873,25.0
29883,34.0
29888,18.0
29890,18.0
29895,18.0
29905,18.0
29910,15.0
29920,20.0
29922,15.0
29928,18.0
29936,16.0
29938,18.0
29943,17.0
29953,34.0
29954,17.0
29962,22.0
29966,17.0
29971,22.0
29981,22.0
29991,31.0
30001,20.0
30011,25.0
30018,18.0
30019,18.0
30029,32.0
30037,34.0
30047,16.0
30057,26.0
30061,14.0
30071,18.0
30080,31.0
30090,24.0
30100,30.0
30110,23.0
30120,26.0
30130,29.0
30140,19.0
30150,40.0
30158,17.0
30168,31.0
30178,28.0
30188,30.0
30198,23.0
30208,32.0
30218,30.0
30228,27.0
30229,16.0
30239,17.0
30249,31.0
30253,17.0
30263,19.0
30269,28.0
30279,21.0
30289,30.0
30299,26.0
30307,26.0
30317,29.0
30322,17.0
30332,31.0
30340,30.0
30350,31.0
30360,23.0
30370,26.0
30380,17.0
30390,30.0
30400,17.0
30410,25.0
30413,17.0
30421,25.0
30427,28.0
30437,23.0
30440,17.0
30447,15.0
30457,34.0
30467,32.0
30473,19.0
30483,32.0
30493,26.0
30503,34.0
30505,17.0
30515,24.0
30520,16.0
30530,27.0
30533,15.0
30538,15.0
30548,26.0
30558,39.0
30568,22.0
30578,30.0
30588,23.0
30594,26.0
30596,19.0
30606,32.0
30616,20.0
30623,30.0
30630,27.0
30640,26.0
30650,24.0
30658,27.0
30668,32.0
30678,23.0
30682,17.0
30692,28.0
30694,18.0
30697,16.0
30707,34.0
30717,27.0
30721,17.0
30731,34.0
30737,20.0
30747,37.0
30755,15.0
30765,29.0
30774,19.0
30775,14.0
30785,22.0
30787,18.0
30797,26.0
30807,23.0
30817,26.0
30818,17.0
30828,27.0
30838,40.0
30840,18.0
30848,29.0
30858,26.0
30868,16.0
30874,29.0
30884,31.0
30885,17.0
30895,27.0
30904,15.0
30914,24.0
30924,30.0
30934,27.0
30938,18.0
30948,27.0
30958,34.0
30964,16.0
30974,19.0
30984,29.0
30994,24.0
31004,41.0
31014,23.0
31024,33.0
31027,16.0
31037,17.0
31039,18.0
31049,27.0
31059,32.0
31069,16.0
31079,28.0
31089,27.0
31094,17.0
31104,22.0
31114,17.0
31124,30.0
31134,22.0
31137,18.0
31141,17.0
31151,33.0
31161,32.0
31164,16.0
31174,37.0
31182,16.0
31187,14.0
31193,28.0
31203,24.0
31213,25.0
31223,28.0
31230,27.0
31237,19.0
31247,23.0
31256,27.0
31266,30.0
31276,15.0
31282,23.0
31292,30.0
31300,32.0
31302,15.0
31312,26.0
31322,31.0
31332,40.0
31342,37.0
31345,19.0
31348,20.0
31358,29.0
31362,17.0
31372,24.0
31382,16.0
31392,34.0
31402,25.0
31404,16.0
31413,15.0
31423,25.0
31433,26.0
31443,31.0
31453,32.0
31461,30.0
31466,16.0
31470,18.0
31480,25.0
31487,15.0
31494,28.0
31502,17.0
31504,18.0
31509,14.0
31516,25.0
31521,15.0
31531,25.0
31539,26.0
31549,40.0
31557,23.0
31567,17.0
31577,25.0
31580,15.0
31590,26.0
31600,37.0
31610,30.0
31620,24.0
31630,30.0
31636,22.0
31643,34.0
31650,18.0
31660,18.0
31670,36.0
31680,28.0
31690,34.0
31697,17.0
31702,18.0
31712,34.0
31713,17.0
31719,23.0
31729,27.0
31739,29.0
31743,19.0
31750,15.0
31760,21.0
31770,25.0
31780,27.0
31789,18.0
31799,13.0
31809,21.0
31819,25.0
31826,28.0
31828,18.0
31838,26.0
31848,24.0
31858,32.0
31868,31.0
31878,30.0
31888,35.0
31898,25.0
31908,27.0
31918,18.0
31923,16.0
31926,17.0
31936,28.0
31939,16.0
31948,24.0
31958,22.0
31968,44.0
31978,25.0
31982,19.0
31992,17.0
32002,31.0
32008,21.0
32017,37.0
32019,19.0
32025,16.0
32035,27.0
32045,19.0
32047,16.0
32049,18.0
32059,28.0
32068,25.0
32078,21.0
32088,17.0
32093,16.0
32099,16.0
32109,20.0
32119,27.0
32124,21.0
32134,29.0
32144,26.0
32153,27.0
32163,15.0
32173,31.0
32183,27.0
32184,0.0
32185,18.0
32195,19.0
32205,23.0
32206,0.0
32208,18.0
32209,15.0
32219,26.0
32229,22.0
32239,31.0
32240,16.0
32250,28.0
32260,31.0
32270,25.0
32280,29.0
32290,18.0
32298,26.0
32308,29.0
32318,42.0
32328,25.0
32338,31.0
32348,14.0
32358,28.0
32363,18.0
32371,18.0
32381,35.0
32391,28.0
32401,24.0
32402,16.0
32412,33.0
32422,14.0
32432,20.0
32442,25.0
32452,35.0
32453,18.0
32463,25.0
32470,17.0
32480,25.0
32490,34.0
32500,35.0
32510,38.0
32520,17.0
32530,16.0
32535,17.0
32543,27.0
32544,13.0
32554,37.0
32564,22.0
32574,26.0
32584,16.0
32588,15.0
32598,23.0
32608,20.0
32618,33.0
32621,16.0
32631,22.0
32641,29.0
32642,18.0
32652,17.0
32662,27.0
32672,28.0
32682,22.0
32692,31.0
32702,33.0
32712,36.0
32722,43.0
32732,41.0
32738,29.0
32748,22.0
32758,24.0
32768,23.0
32778,22.0
32785,23.0
32795,29.0
32800,24.0
32810,23.0
32815,19.0
32825,29.0
32835,31.0
32845,25.0
32855,31.0
32865,31.0
32875,21.0
32885,27.0
32886,14.0
32891,28.0
32892,17.0
32902,28.0
32908,37.0
32918,22.0
32920,16.0
32930,16.0
32940,22.0
32950,30.0
32960,29.0
32965,15.0
32966,18.0
32976,30.0
32986,30.0
32996,23.0
33006,22.0
33016,27.0
33026,37.0
33028,17.0
33038,23.0
33041,18.0
33045,16.0
33055,26.0
33065,32.0
33075,16.0
33085,29.0
33095,30.0
33099,17.0
33109,32.0
33112,16.0
33121,27.0
33124,17.0
33128,17.0
33134,18.0
33144,21.0
33146,0.0
33156,19.0
33166,28.0
33176,34.0
33178,16.0
33188,30.0
33198,20.0
33200,16.0
33202,16.0
33212,22.0
33222,29.0
33232,22.0
33236,20.0
33239,17.0
33249,32.0
33254,16.0
33263,28.0
33273,17.0
33275,15.0
33281,18.0
33290,24.0
33300,24.0
33310,30.0
33312,19.0
33316,19.0
33326,27.0
33336,16.0
33346,32.0
33356,35.0
33358,15.0
33368,25.0
33378,32.0
33388,22.0
33398,27.0
33408,18.0
33418,26.0
33428,26.0
33438,16.0
33444,24.0
33454,23.0
33456,16.0
33457,17.0
33467,33.0
33471,19.0
33481,25.0
33484,17.0
33490,16.0
33493,18.0
33494,18.0
33504,39.0
33514,36.0
33524,24.0
33534,26.0
33539,16.0
33542,17.0
33544,17.0
33554,18.0
33564,39.0
33574,42.0
33584,20.0
33594,30.0
33604,32.0
33614,38.0
33624,29.0
33625,16.0
33635,19.0
33645,30.0
33655,32.0
33664,19.0
33674,25.0
33684,32.0
33690,15.0
33693,17.0
33696,17.0
33706,19.0
33716,30.0
33726,25.0
33736,25.0
33746,30.0
33748,17.0
33758,30.0
33767,26.0
33769,18.0
33779,27.0
33789,29.0
33792,15.0
33802,25.0
33803,18.0
33813,23.0
33814,17.0
33824,27.0
33834,25.0
33844,27.0
33854,24.0
33864,25.0
33866,16.0
33876,17.0
33886,31.0
33894,19.0
33900,18.0
33908,29.0
33915,18.0
33925,24.0
33930,31.0
33940,22.0
33950,21.0
33960,17.0
33970,21.0
33980,32.0
33987,21.0
33997,32.0
34002,17.0
34012,21.0
34022,33.0
34026,17.0
34036,22.0
34046,17.0
34056,18.0
34066,33.0
34076,23.0
34086,24.0
34096,31.0
34102,18.0
34105,17.0
34107,15.0
34110,15.0
34120,37.0
34130,31.0
34140,23.0
34149,25.0
34153,16.0
34163,36.0
34173,30.0
34183,22.0
34193,36.0
34203,34.0
34207,18.0
34216,22.0
34226,22.0
34236,31.0
34246,22.0
34256,23.0
34258,18.0
34265,24.0
34269,18.0
34270,18.0
34273,16.0
34283,41.0
34293,23.0
34298,18.0
34300,19.0
34303,18.0
34313,22.0
34323,25.0
34333,26.0
34343,17.0
34353,32.0
34356,16.0
34366,19.0
34376,29.0
34386,34.0
34396,21.0
34403,30.0
34408,26.0
34414,17.0
34424,15.0
34432,19.0
34442,23.0
34449,17.0
34459,26.0
34469,22.0
34479,19.0
34486,24.0
34496,27.0
34506,34.0
34516,31.0
34526,23.0
34528,15.0
34531,16.0
34541,16.0
34551,32.0
34561,22.0
34571,33.0
34581,43.0
34591,28.0
34601,19.0
34611,29.0
34617,16.0
34627,38.0
34630,17.0
34633,16.0
34635,17.0
34644,22.0
34654,30.0
34664,26.0
34674,32.0
34678,16.0
34688,21.0
34698,27.0
34701,15.0
34711,32.0
34721,32.0
34722,0.0
34732,17.0
34742,27.0
34752,31.0
34762,34.0
34771,19.0
34779,25.0
34789,22.0
34799,34.0
34806,25.0
34816,20.0
34826,25.0
34836,25.0
34841,16.0
34851,22.0
34861,23.0
34871,33.0
34881,18.0
34891,30.0
34896,16.0
34906,24.0
34916,25.0
34926,26.0
34936,16.0
34946,24.0
34951,18.0
34961,26.0
34971,15.0
34981,32.0
34985,14.0
34995,25.0
35005,33.0
35012,27.0
35013,0.0
35023,24.0
35033,21.0
35043,16.0
35053,29.0
35063,30.0
35069,29.0
35074,16.0
35084,29.0
35094,20.0
35104,39.0
35114,30.0
35118,18.0
35128,17.0
35138,23.0
35144,31.0
35154,27.0
35164,17.0
35174,31.0
35184,31.0
35194,28.0
35204,28.0
35214,22.0
35216,17.0
35217,18.0
35221,14.0
35231,22.0
35239,30.0
35249,29.0
35259,30.0
35262,18.0
35272,30.0
35282,29.0
35292,27.0
35302,31.0
35312,15.0
35317,19.0
35326,33.0
35330,15.0
35333,19.0
35338,16.0
35348,18.0
35354,16.0
35364,21.0
35368,15.0
35378,21.0
35388,37.0
35398,26.0
35405,15.0
35412,21.0
35422,21.0
35432,17.0
35441,32.0
35451,28.0
35452,17.0
35461,23.0
35471,17.0
35475,19.0
35482,24.0
35492,26.0
35495,18.0
35505,31.0
35515,23.0
35516,0.0
35522,23.0
35532,31.0
35542,28.0
35552,27.0
35562,28.0
35566,17.0
35576,35.0
35586,35.0
35596,22.0
35601,16.0
35611,19.0
35616,17.0
35626,33.0
35636,28.0
35646,18.0
35656,16.0
35658,17.0
35659,17.0
35669,28.0
35679,27.0
35689,25.0
35697,29.0
35701,17.0
35711,19.0
35721,27.0
35731,23.0
35741,27.0
35742,16.0
35752,33.0
35762,32.0
35768,19.0
35778,31.0
35780,15.0
35790,28.0
35800,29.0
35810,21.0
35820,17.0
35830,32.0
35834,17.0
35843,26.0
35853,25.0
35857,17.0
35865,35.0
35875,24.0
35877,17.0
35886,19.0
35887,16.0
35897,31.0
35907,17.0
35917,16.0
35927,30.0
35937,32.0
35947,25.0
35957,28.0
35967,16.0
35969,17.0
35976,16.0
35982,18.0
35992,30.0
36002,26.0
36004,0.0
36014,41.0
36024,33.0
36034,29.0
36044,25.0
36052,28.0
36062,31.0
36072,26.0
36077,18.0
36087,23.0
36093,16.0
36103,16.0
36113,23.0
36123,28.0
36133,29.0
36143,29.0
36153,31.0
36157,16.0
36167,25.0
36177,25.0
36185,27.0
36187,15.0
36195,29.0
36200,15.0
36210,14.0
36220,24.0
36223,19.0
36226,19.0
36236,25.0
36246,30.0
36256,24.0
36266,31.0
36275,18.0
36277,18.0
36287,31.0
36297,29.0
36307,17.0
36317,20.0
36327,28.0
36337,27.0
36347,36.0
36357,27.0
36366,29.0
36372,31.0
36375,16.0
36385,22.0
36394,15.0
36395,18.0
36405,20.0
36408,15.0
36418,23.0
36422,16.0
36432,30.0
36441,27.0
36451,18.0
36461,24.0
36471,31.0
36481,32.0
36491,24.0
36501,33.0
36511,33.0
36521,15.0
36522,16.0
36532,25.0
36535,15.0
36545,25.0
36554,32.0
36564,25.0
36574,27.0
36584,29.0
36587,15.0
36597,29.0
36607,31.0
36617,27.0
36627,33.0
36637,28.0
36647,33.0
36657,17.0
36662,18.0
36672,33.0
36682,28.0
36690,23.0
36694,15.0
36704,31.0
36714,27.0
36717,16.0
36727,28.0
36737,24.0
36747,29.0
36755,28.0
36765,26.0
36772,16.0
36782,21.0
36792,26.0
36793,17.0
36803,34.0
36807,19.0
36817,23.0
36827,25.0
36832,17.0
36842,31.0
36850,33.0
36851,15.0
36861,21.0
36866,16.0
36869,19.0
36879,23.0
36889,34.0
36891,15.0
36901,18.0
36906,17.0
36914,26.0
36919,29.0
36925,17.0
36932,22.0
36938,20.0
36948,35.0
36958,24.0
36963,17.0
36973,19.0
36983,21.0
36993,20.0
37002,40.0
37012,31.0
37022,27.0
37032,21.0
37042,27.0
37052,27.0
37062,25.0
37068,16.0
37071,15.0
37081,22.0
37091,24.0
37101,29.0
37107,17.0
37117,20.0
37127,35.0
37137,19.0
37143,15.0
37151,17.0
37160,30.0
37170,23.0
37180,28.0
37190,32.0
37200,29.0
37210,26.0
37220,34.0
37230,24.0
37240,17.0
37250,31.0
37260,26.0
37270,20.0
37271,0.0
37281,29.0
37291,26.0
37296,16.0
37302,19.0
37303,17.0
37313,24.0
37323,30.0
37333,20.0
37343,31.0
37353,35.0
37362,29.0
37372,28.0
37374,17.0
37384,36.0
37394,28.0
37404,30.0
37407,16.0
37417,27.0
37419,17.0
37423,15.0
37430,17.0
37434,18.0
37440,17.0
37450,23.0
37460,27.0
37470,21.0
37480,28.0
37488,18.0
37498,29.0
37508,33.0
37518,28.0
37521,16.0
37531,25.0
37541,17.0
37546,15.0
37556,28.0
37557,20.0
37567,32.0
37577,25.0
37587,20.0
37597,30.0
37601,18.0
37611,16.0
37620,22.0
37630,24.0
37640,22.0
37650,31.0
37660,26.0
37670,29.0
37673,18.0
37683,24.0
37693,26.0
37695,18.0
37705,26.0
37709,17.0
37719,24.0
37721,20.0
37731,27.0
37734,18.0
37744,27.0
37754,32.0
37764,28.0
37774,32.0
37784,31.0
37794,27.0
37804,34.0
37814,35.0
37824,26.0
37834,22.0
37841,28.0
37851,29.0
37861,29.0
37871,26.0
37872,18.0
37882,38.0
37892,33.0
37894,17.0
37904,16.0
37913,25.0
37923,25.0
37933,30.0
37939,18.0
37943,15.0
37953,23.0
37963,29.0
37973,24.0
37983,27.0
37993,26.0
38003,29.0
38005,18.0
38014,32.0
38024,36.0
38026,18.0
38036,30.0
38046,28.0
38050,17.0
38060,25.0
38065,15.0
38070,15.0
38080,25.0
38090,23.0
38095,19.0
38105,29.0
38114,27.0
38117,18.0
38127,32.0
38137,23.0
38140,18.0
38150,23.0
38160,35.0
38170,32.0
38180,27.0
38187,15.0
38197,24.0
38207,31.0
38217,24.0
38227,31.0
38228,19.0
38229,0.0
38236,17.0
38245,21.0
38255,15.0
38257,18.0
38264,15.0
38269,18.0
38271,15.0
38281,23.0
38291,15.0
38301,30.0
38311,36.0
38312,15.0
38313,16.0
38323,28.0
38333,26.0
38339,16.0
38349,26.0
38359,27.0
38369,27.0
38379,16.0
38388,16.0
38398,34.0
38408,26.0
38418,28.0
38426,17.0
38436,28.0
38446,19.0
38456,19.0
38466,25.0
38476,32.0
38486,26.0
38496,26.0
38506,32.0
38516,36.0
38526,24.0
38536,30.0
38546,20.0
38550,14.0
38559,27.0
38569,31.0
38579,35.0
38589,41.0
38595,16.0
38605,21.0
38615,33.0
38625,25.0
38635,23.0
38645,31.0
38651,23.0
38654,16.0
38661,21.0
38671,25.0
38681,27.0
38684,18.0
38694,18.0
38704,27.0
38714,27.0
38724,16.0
38734,34.0
38737,18.0
38741,17.0
38751,38.0
38761,14.0
38771,25.0
38780,18.0
38790,25.0
38796,16.0
38806,33.0
38816,34.0
38826,33.0
38828,16.0
38834,11.0
38835,16.0
38845,34.0
38855,22.0
38865,34.0
38871,32.0
38878,25.0
38888,32.0
38897,29.0
38898,17.0
38908,33.0
38918,29.0
38922,17.0
38932,36.0
38942,29.0
38952,26.0
38962,18.0
38972,19.0
38982,37.0
38990,17.0
38999,35.0
39009,27.0
39019,28.0
39029,41.0
39039,23.0
39049,30.0
39057,19.0
39063,24.0
39069,26.0
39070,15.0
39080,18.0
39090,28.0
39099,29.0
39109,26.0
39119,26.0
39129,29.0
39139,26.0
39149,36.0
39159,23.0
39167,29.0
39177,36.0
39187,28.0
39192,18.0
39202,26.0
39212,27.0
39222,37.0
39232,22.0
39242,37.0
39252,22.0
39262,29.0
39272,25.0
39278,34.0
39288,27.0
39298,17.0
39308,23.0
39318,25.0
39328,20.0
39331,17.0
39341,27.0
39342,15.0
39345,16.0
39348,16.0
39355,27.0
39365,33.0
39375,22.0
39385,26.0
39389,18.0
39390,18.0
39400,37.0
39405,17.0
39414,21.0
39421,22.0
39431,26.0
39437,24.0
39444,25.0
39447,17.0
39455,30.0
39463,33.0
39473,26.0
39483,38.0
39493,26.0
39503,30.0
39513,31.0
39523,24.0
39533,33.0
39534,17.0
39544,34.0
39554,32.0
39564,23.0
39574,27.0
39582,21.0
39592,33.0
39600,17.0
39610,26.0
39620,35.0
39630,36.0
39640,27.0
39650,22.0
39651,15.0
39661,32.0
39671,24.0
39680,19.0
39690,21.0
39700,20.0
39701,16.0
39703,16.0
39713,35.0
39722,16.0
39732,29.0
39742,31.0
39752,33.0
39753,16.0
39763,34.0
39773,31.0
39783,25.0
39793,17.0
39803,29.0
39813,26.0
39822,25.0
39825,16.0
39835,32.0
39845,30.0
39855,35.0
39861,25.0
39864,16.0
39874,30.0
39879,28.0
39880,18.0
39890,27.0
39897,17.0
39898,17.0
39908,19.0
39918,22.0
39925,22.0
39930,17.0
39935,13.0
39945,24.0
39951,27.0
39961,30.0
39968,25.0
39978,21.0
39983,28.0
39993,25.0
40003,15.0
40013,31.0
40023,37.0
40025,17.0
40030,19.0
40031,19.0
40041,17.0
40044,19.0
40054,21.0
40064,25.0
40074,36.0
40084,23.0
40094,22.0
40104,31.0
40114,27.0
40117,14.0
40122,21.0
40126,17.0
40136,31.0
40137,18.0
40144,32.0
40154,32.0
40164,26.0
40174,21.0
40184,31.0
40187,16.0
40194,15.0
40202,27.0
40212,17.0
40213,14.0
40223,15.0
40233,24.0
40235,17.0
40245,27.0
40250,16.0
40260,33.0
40261,15.0
40271,17.0
40274,18.0
40284,22.0
40294,14.0
40304,23.0
40306,14.0
40307,19.0
40317,18.0
40327,22.0
40337,29.0
40347,28.0
40357,21.0
40367,26.0
40368,17.0
40378,30.0
40380,15.0
40390,33.0
40399,26.0
40409,26.0
40419,24.0
40426,18.0
40427,18.0
40437,25.0
40447,31.0
40457,27.0
40467,20.0
40477,37.0
40487,25.0
40497,32.0
40507,28.0
40510,18.0
40520,39.0
40530,28.0
40540,26.0
40550,33.0
40560,26.0
40570,26.0
40573,19.0
40583,22.0
40593,24.0
40603,28.0
40613,29.0
40623,24.0
40626,15.0
40636,25.0
40646,41.0
40656,26.0
40666,19.0
40670,14.0
40678,22.0
40680,15.0
40690,30.0
40699,17.0
40707,35.0
40717,29.0
40719,15.0
40729,28.0
40739,30.0
40749,20.0
40759,25.0
40765,17.0
40775,26.0
40778,16.0
40783,12.0
40793,22.0
40803,31.0
40813,27.0
40816,16.0
40826,27.0
40836,25.0
40846,27.0
40856,30.0
40859,16.0
40869,27.0
40878,29.0
40888,21.0
40898,36.0
40900,17.0
40909,16.0
40919,26.0
40929,22.0
40939,29.0
40945,16.0
40955,33.0
40965,18.0
40975,19.0
40985,22.0
40990,19.0
40992,18.0
40995,14.0
41005,23.0
41008,15.0
41018,20.0
41028,31.0
41038,27.0
41048,36.0
41054,16.0
41064,19.0
41074,20.0
41084,34.0
41093,32.0
41103,41.0
41112,28.0
41115,17.0
41125,15.0
41127,14.0
41131,16.0
41141,27.0
41151,22.0
41157,18.0
41166,28.0
41176,36.0
41186,23.0
41196,33.0
41206,27.0
41216,30.0
41226,19.0
41236,22.0
41239,17.0
41248,25.0
41257,29.0
41258,17.0
41260,19.0
41270,26.0
41275,16.0
41284,34.0
41287,14.0
41296,25.0
41301,15.0
41311,30.0
41321,29.0
41324,16.0
41334,36.0
41344,27.0
41354,25.0
41364,29.0
41374,22.0
41384,27.0
41394,23.0
41404,28.0
41414,34.0
41424,31.0
41434,32.0
41435,17.0
41436,17.0
41446,33.0
41450,18.0
41452,15.0
41462,36.0
41466,14.0
41473,29.0
41483,19.0
41489,15.0
41492,18.0
41502,31.0
41507,17.0
41517,34.0
41527,23.0
41533,18.0
41535,19.0
41542,19.0
41552,28.0
41562,28.0
41572,30.0
41578,14.0
41588,27.0
41598,22.0
41608,19.0
41618,22.0
41628,29.0
41638,37.0
41645,18.0
41655,28.0
41662,14.0
41672,27.0
41682,32.0
41692,19.0
41698,26.0
41708,30.0
41718,32.0
41728,18.0
41737,28.0
41741,18.0
41751,18.0
41761,25.0
41771,17.0
41773,18.0
41783,24.0
41789,18.0
41799,22.0
41809,32.0
41819,30.0
41829,38.0
41839,29.0
41849,29.0
41859,35.0
41869,28.0
41879,32.0
41883,16.0
41892,16.0
41902,22.0
41903,13.0
41913,31.0
41923,28.0
41933,32.0
41934,17.0
41944,22.0
41954,23.0
41964,31.0
41974,33.0
41984,27.0
41985,17.0
41995,18.0
42005,37.0
42009,19.0
42012,17.0
42022,30.0
42023,16.0
42033,30.0
42043,26.0
42051,27.0
42059,33.0
42069,22.0
42079,22.0
42089,26.0
42099,17.0
42101,19.0
42111,31.0
42119,32.0
42129,24.0
42139,15.0
42145,23.0
42152,28.0
42162,32.0
42168,16.0
42178,29.0
42188,21.0
42198,31.0
42208,22.0
42212,19.0
42221,29.0
42223,0.0
42233,29.0
42243,23.0
42253,24.0
42255,16.0
42265,25.0
42275,29.0
42285,40.0
42295,30.0
42305,14.0
42315,23.0
42325,33.0
42335,27.0
42344,29.0
42345,15.0
42355,24.0
42365,26.0
42374,23.0
42384,27.0
42394,17.0
42404,37.0
42414,32.0
42421,27.0
42431,23.0
42441,34.0
42451,15.0
42461,31.0
42464,16.0
42474,16.0
42484,21.0
42486,17.0
42496,23.0
42506,30.0
42508,19.0
42518,26.0
42528,16.0
42532,16.0
42541,29.0
42551,30.0
42553,16.0
42563,19.0
42573,25.0
42583,27.0
42592,27.0
42602,27.0
42612,24.0
42622,24.0
42632,29.0
42642,22.0
42645,17.0
42655,27.0
42658,14.0
42668,27.0
42669,18.0
42679,26.0
42681,14.0
42684,15.0
42694,27.0
42704,28.0
42706,17.0
42711,27.0
42721,16.0
42731,32.0
42741,28.0
42751,22.0
42761,29.0
42771,30.0
42781,22.0
42783,15.0
42793,23.0
42799,17.0
42809,35.0
42819,30.0
42829,27.0
42839,31.0
42849,18.0
42850,14.0
42860,21.0
42870,26.0
42880,24.0
42890,28.0
42900,32.0
42910,35.0
42920,31.0
42930,25.0
42940,28.0
42950,15.0
42953,16.0
42954,17.0
42964,24.0
42965,16.0
42975,16.0
42985,26.0
42995,28.0
43005,26.0
43015,29.0
43025,32.0
43034,33.0
43037,18.0
43044,25.0
43046,16.0
43054,15.0
43060,18.0
43063,17.0
43069,16.0
43079,27.0
43087,28.0
43093,22.0
43103,35.0
43113,34.0
43122,28.0
43132,17.0
43142,20.0
43152,19.0
43161,29.0
43171,19.0
43174,16.0
43184,20.0
43194,31.0
43204,24.0
43214,25.0
43224,21.0
43233,29.0
43243,27.0
43244,0.0
43254,28.0
43262,15.0
43272,26.0
43282,22.0
43292,29.0
43302,29.0
43312,21.0
43322,31.0
43325,17.0
43335,22.0
43345,22.0
43347,15.0
43357,34.0
43359,18.0
43369,24.0
43379,35.0
43388,27.0
43396,27.0
43406,28.0
43416,28.0
43426,33.0
43427,18.0
43429,17.0
43439,37.0
43443,16.0
43451,31.0
43461,33.0
43468,15.0
43478,17.0
43487,16.0
43489,16.0
43499,26.0
43509,42.0
43519,25.0
43529,21.0
43539,17.0
43549,27.0
43559,24.0
43569,26.0
43579,24.0
43585,17.0
43586,18.0
43588,18.0
43598,29.0
43600,18.0
43610,30.0
43620,44.0
43630,27.0
43640,26.0
43650,41.0
43660,29.0
43664,18.0
43674,26.0
43678,13.0
43688,33.0
43698,24.0
43708,15.0
43718,29.0
43724,26.0
43734,27.0
43736,18.0
43737,13.0
43743,16.0
43753,28.0
43763,15.0
43773,30.0
43783,23.0
43793,34.0
43803,26.0
43813,26.0
43814,17.0
43824,28.0
43834,25.0
43837,20.0
43847,18.0
43857,25.0
43862,19.0
43866,17.0
43876,20.0
43886,30.0
43889,17.0
43899,19.0
43909,21.0
43913,14.0
43923,26.0
43933,25.0
43943,25.0
43944,17.0
43946,17.0
43950,16.0
43960,27.0
43965,29.0
43975,29.0
43985,34.0
43995,26.0
44005,39.0
44015,26.0
44021,16.0
44030,36.0
44040,38.0
44050,39.0
44060,28.0
44066,23.0
44076,28.0
44086,29.0
44088,16.0
44093,17.0
44103,30.0
44105,18.0
44111,23.0
44121,30.0
44128,25.0
44138,23.0
44143,16.0
44153,30.0
44163,23.0
44173,25.0
44183,22.0
44193,22.0
44203,20.0
44204,19.0
44214,24.0
44224,24.0
44234,32.0
44236,15.0
44238,17.0
44248,29.0
44251,14.0
44261,30.0
44271,24.0
44276,17.0
44279,15.0
44289,24.0
44293,17.0
44303,24.0
44307,16.0
44317,28.0
44321,16.0
44331,26.0
44341,25.0
44351,27.0
44359,21.0
44369,20.0
44379,26.0
44389,34.0
44395,19.0
44397,16.0
44407,28.0
44417,28.0
44427,35.0
44431,16.0
44436,14.0
44446,31.0
44456,30.0
44466,31.0
44476,29.0
44486,32.0
44496,28.0
44506,26.0
44516,32.0
44523,24.0
44533,23.0
44538,18.0
44542,18.0
44552,33.0
44562,33.0
44572,21.0
44577,25.0
44587,31.0
44597,36.0
44607,30.0
44611,18.0
44616,16.0
44626,19.0
44630,18.0
44635,17.0
44645,25.0
44655,30.0
44664,36.0
44673,22.0
44677,15.0
44687,27.0
44689,15.0
44694,16.0
44704,34.0
44709,17.0
44719,27.0
44729,14.0
44736,16.0
44746,34.0
44753,31.0
44756,17.0
44766,22.0
44776,28.0
44780,16.0
44790,26.0
44800,29.0
44810,22.0
44816,15.0
44826,37.0
44836,26.0
44846,33.0
44852,31.0
44862,16.0
44868,25.0
44878,20.0
44888,23.0
44898,31.0
44908,25.0
44918,31.0
44928,26.0
44938,26.0
44948,29.0
44958,24.0
44968,32.0
44977,25.0
44987,27.0
44997,24.0
44998,16.0
44999,17.0
45009,24.0
45019,30.0
45029,33.0
45039,32.0
45046,25.0
45056,26.0
45066,26.0
45076,43.0
45086,22.0
45096,19.0
45098,14.0
45108,26.0
45118,36.0
45128,29.0
45133,17.0
45143,24.0
45153,25.0
45163,31.0
45167,18.0
45173,18.0
45183,24.0
45193,21.0
45198,16.0
45208,39.0
45209,18.0
45219,32.0
45229,40.0
45239,26.0
45249,22.0
45259,28.0
45269,27.0
45279,30.0
45289,21.0
45299,32.0
45303,18.0
45313,35.0
45323,25.0
45324,18.0
45334,28.0
45339,29.0
45349,27.0
45359,38.0
45362,18.0
45371,30.0
45381,30.0
45391,28.0
45401,25.0
45411,25.0
45414,19.0
45424,24.0
45430,16.0
45440,28.0
45450,27.0
45452,15.0
45462,28.0
45469,24.0
45479,24.0
45489,31.0
45499,32.0
45509,30.0
45512,18.0
45518,32.0
45528,25.0
45536,29.0
45537,16.0
45547,23.0
45551,18.0
45561,22.0
45567,29.0
45577,28.0
45587,30.0
45597,36.0
45607,25.0
45617,24.0
45620,15.0
45627,29.0
45637,37.0
45647,30.0
45657,23.0
45658,17.0
45668,35.0
45678,29.0
45682,15.0
45692,27.0
45702,26.0
45712,15.0
45718,16.0
45722,14.0
45728,21.0
45738,30.0
45748,28.0
45749,0.0
45759,26.0
45760,18.0
45762,18.0
45772,26.0
45782,32.0
45790,21.0
45795,19.0
45805,25.0
45815,26.0
45825,31.0
45832,27.0
45833,19.0
45843,21.0
45853,35.0
45863,20.0
45872,33.0
45882,30.0
45892,27.0
45902,23.0
45912,33.0
45915,17.0
45917,15.0
45920,19.0
45930,27.0
45940,34.0
45941,15.0
45951,20.0
45961,16.0
45971,34.0
45981,31.0
45991,29.0
46001,27.0
46006,17.0
46016,25.0
46020,15.0
46030,25.0
46040,28.0
46047,18.0
46048,15.0
46058,27.0
46068,32.0
46078,31.0
46088,23.0
46090,17.0
46100,31.0
46103,17.0
46111,26.0
46121,30.0
46129,27.0
46139,33.0
46149,27.0
46159,32.0
46169,23.0
46179,32.0
46189,29.0
46191,17.0
46201,36.0
46211,27.0
46217,23.0
46227,33.0
46237,35.0
46247,25.0
46257,33.0
46267,26.0
46277,28.0
46281,20.0
46291,29.0
46301,33.0
46303,17.0
46308,18.0
46318,19.0
46326,31.0
46336,27.0
46346,24.0
46356,24.0
46366,20.0
46376,37.0
46380,17.0
46385,18.0
46395,27.0
46405,30.0
46415,22.0
46420,33.0
46426,35.0
46432,17.0
46442,23.0
46451,22.0
46461,23.0
46463,13.0
46473,30.0
46481,14.0
46491,27.0
46501,26.0
46504,17.0
46514,26.0
46524,29.0
46534,32.0
46543,28.0
46545,18.0
46549,18.0
46559,37.0
46569,36.0
46579,25.0
46582,17.0
46592,31.0
46602,32.0
46612,20.0
46622,24.0
46632,30.0
46642,32.0
46652,25.0
46659,19.0
46663,17.0
46673,22.0
46683,29.0
46693,28.0
46703,22.0
46713,25.0
46723,29.0
46733,22.0
46740,27.0
46750,24.0
46758,34.0
46760,16.0
46770,25.0
46780,28.0
46790,35.0
46800,32.0
46810,31.0
46820,22.0
46830,25.0
46840,30.0
46850,31.0
46856,27.0
46857,16.0
46862,16.0
46866,17.0
46873,18.0
46883,27.0
46893,32.0
46903,18.0
46910,17.0
46920,28.0
46922,17.0
46932,32.0
46938,17.0
46948,32.0
46950,17.0
46960,33.0
46970,22.0
46973,16.0
46983,22.0
46984,19.0
46988,17.0
46998,25.0
47008,24.0
47010,18.0
47012,19.0
47019,26.0
47020,19.0
47030,27.0
47040,28.0
47043,16.0
47053,21.0
47054,17.0
47064,32.0
47074,22.0
47084,21.0
47092,33.0
47097,15.0
47100,17.0
47110,26.0
47120,35.0
47130,44.0
47131,18.0
47141,30.0
47145,17.0
47155,30.0
47165,31.0
47166,16.0
47176,28.0
47177,17.0
47187,30.0
47189,15.0
47199,34.0
47209,30.0
47218,26.0
47228,30.0
47238,20.0
47248,28.0
47254,15.0
47264,35.0
47274,33.0
47284,27.0
47294,30.0
47304,32.0
47314,22.0
47324,22.0
47328,18.0
47331,17.0
47341,21.0
47344,15.0
47346,19.0
47356,36.0
47366,29.0
47376,41.0
47386,32.0
47396,29.0
47406,20.0
47409,18.0
47416,26.0
47426,22.0
47436,31.0
47446,37.0
47456,25.0
47457,0.0
47467,17.0
47477,42.0
47481,17.0
47485,17.0
47494,26.0
47504,31.0
47507,18.0
47508,16.0
47518,31.0
47528,26.0
47535,16.0
47538,17.0
47547,21.0
47549,17.0
47558,28.0
47559,18.0
47569,22.0
47571,17.0
47581,26.0
47587,32.0
47597,31.0
47602,18.0
47604,17.0
47610,14.0
47620,27.0
47630,30.0
47640,34.0
47648,22.0
47658,29.0
47668,21.0
47678,26.0
47688,33.0
47692,18.0
47695,18.0
47700,23.0
47709,14.0
47719,25.0
47727,23.0
47729,19.0
47739,23.0
47744,15.0
47749,14.0
47759,35.0
47769,26.0
47779,32.0
47786,23.0
47791,17.0
47801,31.0
47811,25.0
47821,25.0
47831,21.0
47838,28.0
47848,26.0
47858,29.0
47868,36.0
47874,23.0
47875,16.0
47885,30.0
47887,19.0
47895,22.0
47897,16.0
47899,16.0
47909,25.0
47919,24.0
47929,28.0
47938,32.0
47948,34.0
47955,29.0
47965,23.0
47975,27.0
47985,38.0
47995,24.0
48004,21.0
48014,29.0
48024,30.0
48033,31.0
48043,28.0
48053,41.0
48059,18.0
48061,16.0
48071,41.0
48074,18.0
48084,36.0
48094,25.0
48104,31.0
48113,23.0
48119,22.0
48125,26.0
48135,27.0
48136,17.0
48140,18.0
48149,28.0
48150,15.0
48160,25.0
48170,25.0
48180,22.0
48190,28.0
48199,30.0
48209,26.0
48219,34.0
48229,29.0
48239,29.0
48249,24.0
48252,16.0
48262,31.0
48272,23.0
48282,28.0
48292,17.0
48299,26.0
48309,24.0
48310,14.0
48317,17.0
48319,17.0
48329,21.0
48339,33.0
48349,20.0
48359,18.0
48369,25.0
48373,18.0
48383,28.0
48393,32.0
48403,14.0
48413,24.0
48419,17.0
48420,17.0
48430,36.0
48440,43.0
48450,19.0
48460,32.0
48470,25.0
48473,15.0
48480,22.0
48490,24.0
48500,35.0
48501,16.0
48511,28.0
48521,21.0
48531,21.0
48533,19.0
48534,16.0
48544,36.0
48554,21.0
48564,20.0
48570,23.0
48580,23.0
48590,22.0
48597,23.0
48598,17.0
48608,26.0
48618,23.0
48628,29.0
48638,39.0
48643,14.0
48653,28.0
48663,24.0
48672,24.0
48682,31.0
48688,18.0
48690,18.0
48700,23.0
48710,23.0
48720,25.0
48730,28.0
48737,17.0
48747,27.0
48755,33.0
48765,21.0
48775,25.0
48785,26.0
48795,34.0
48805,22.0
48810,17.0
48820,24.0
48830,30.0
48840,22.0
48850,25.0
48860,15.0
48862,18.0
48867,38.0
48875,23.0
48879,18.0
48887,27.0
48897,28.0
48900,16.0
48910,28.0
48913,17.0
48916,18.0
48926,29.0
48936,33.0
48943,28.0
48953,32.0
48963,18.0
48973,31.0
48981,18.0
48991,23.0
49001,27.0
49011,21.0
49021,30.0
49031,19.0
49041,32.0
49051,25.0
49056,15.0
49066,23.0
49076,38.0
49086,18.0
49096,24.0
49106,23.0
49116,26.0
49124,25.0
49134,31.0
49144,21.0
49154,32.0
49157,17.0
49160,16.0
49170,24.0
49172,17.0
49175,16.0
49182,20.0
49185,14.0
49195,35.0
49205,24.0
49208,14.0
49218,24.0
49228,26.0
49238,31.0
49245,17.0
49255,34.0
49262,17.0
49266,19.0
49276,24.0
49286,29.0
49296,18.0
49298,17.0
49308,31.0
49311,16.0
49321,33.0
49331,26.0
49341,17.0
49351,22.0
49361,23.0
49365,20.0
49373,25.0
49376,16.0
49386,39.0
49395,25.0
49405,20.0
49415,30.0
49425,30.0
49435,30.0
49445,23.0
49455,26.0
49458,18.0
49468,25.0
49473,18.0
49478,19.0
49482,14.0
49492,26.0
49500,28.0
49508,23.0
49514,27.0
49524,28.0
49534,31.0
49544,22.0
49554,22.0
49564,27.0
49565,0.0
49569,17.0
49579,27.0
49589,29.0
49599,24.0
49605,28.0
49615,32.0
49625,23.0
49635,29.0
49645,21.0
49655,28.0
49665,26.0
49671,16.0
49681,30.0
49691,29.0
49700,27.0
49710,24.0
49720,27.0
49722,18.0
49732,24.0
49742,26.0
49752,27.0
49757,16.0
49767,25.0
49777,30.0
49787,25.0
49789,17.0
49793,18.0
49803,21.0
49813,24.0
49823,25.0
49826,17.0
49836,24.0
49846,32.0
49856,26.0
49866,23.0
49871,25.0
49874,18.0
49884,22.0
49887,18.0
49897,30.0
49907,30.0
49908,15.0
49918,24.0
49919,18.0
49925,29.0
49926,17.0
49936,32.0
49941,16.0
49951,31.0
49961,37.0
49971,27.0
49972,19.0
49982,28.0
49992,27.0
50002,33.0
50005,17.0
50011,15.0
50021,24.0
50023,14.0
50029,14.0
50039,41.0
50049,33.0
50059,26.0
50067,17.0
50077,34.0
50087,32.0
50094,28.0
50096,16.0
50105,23.0
50115,19.0
50125,23.0
50135,23.0
50145,21.0
50155,25.0
50165,37.0
50175,29.0
50185,26.0
50195,21.0
50205,20.0
50215,23.0
50221,22.0
50227,23.0
50228,16.0
50238,28.0
50248,28.0
50250,17.0
50260,27.0
50270,32.0
50271,0.0
50281,35.0
50291,29.0
50301,29.0
50311,32.0
50314,19.0
50321,15.0
50331,27.0
50341,27.0
50351,28.0
50361,31.0
50364,19.0
50374,24.0
50384,30.0
50394,17.0
50397,17.0
50403,16.0
50405,15.0
50415,32.0
50425,27.0
50435,27.0
50444,23.0
50454,25.0
50464,30.0
50474,32.0
50484,22.0
50494,28.0
50504,25.0
50514,22.0
50517,17.0
50527,23.0
50537,26.0
50547,16.0
50557,25.0
50561,17.0
50571,18.0
50581,27.0
50585,16.0
50589,18.0
50598,26.0
50608,24.0
50613,29.0
50623,25.0
50633,37.0
50642,23.0
50649,28.0
50659,21.0
50669,26.0
50679,29.0
50689,27.0
50699,27.0
50703,17.0
50706,18.0
50710,17.0
50718,29.0
50719,18.0
50722,12.0
50728,19.0
50738,21.0
50748,27.0
50758,34.0
50763,19.0
50773,26.0
50783,29.0
50791,26.0
50796,24.0
50806,24.0
50808,16.0
50818,27.0
50828,32.0
50838,23.0
50848,27.0
50858,23.0
50861,16.0
50871,35.0
50881,21.0
50891,28.0
50893,19.0
50903,28.0
50904,18.0
50914,27.0
50924,33.0
50934,26.0
50944,36.0
50954,26.0
50956,19.0
50958,15.0
50968,23.0
50978,26.0
50980,16.0
50990,30.0
51000,19.0
51010,23.0
51018,17.0
51028,30.0
51032,18.0
51036,16.0
51046,12.0
51056,26.0
51066,23.0
51076,20.0
51077,17.0
51087,20.0
51097,26.0
51107,24.0
51117,25.0
51127,27.0
51129,19.0
51139,31.0
51149,27.0
51157,31.0
51167,17.0
51174,27.0
51178,19.0
51188,31.0
51198,32.0
51201,16.0
51211,23.0
51220,39.0
51230,35.0
51240,27.0
51250,24.0
51256,14.0
51266,25.0
51276,31.0
51277,17.0
51287,31.0
51297,22.0
51307,33.0
51317,17.0
51327,26.0
51329,19.0
51339,35.0
51349,34.0
51359,27.0
51369,27.0
51379,18.0
51389,23.0
51390,0.0
51391,19.0
51400,25.0
51410,25.0
51420,23.0
51421,18.0
51429,33.0
51430,18.0
51435,23.0
51443,29.0
51448,16.0
51451,14.0
51461,33.0
51471,23.0
51480,32.0
51482,16.0
51492,37.0
51502,32.0
51512,30.0
51522,34.0
51532,24.0
51542,25.0
51552,29.0
51562,34.0
51567,16.0
51577,35.0
51582,28.0
51587,14.0
51597,29.0
51607,29.0
51611,15.0
51613,15.0
51623,26.0
51633,27.0
51643,33.0
51649,26.0
51659,31.0
51669,35.0
51674,18.0
51676,18.0
51686,32.0
51694,30.0
51704,17.0
51714,21.0
51724,26.0
51730,18.0
51740,22.0
51750,38.0
51760,28.0
51770,31.0
51773,17.0
51775,17.0
51785,28.0
51795,31.0
51799,16.0
51808,22.0
51817,22.0
51822,18.0
51832,32.0
51842,20.0
51852,32.0
51862,26.0
51872,25.0
51880,24.0
51890,25.0
51900,24.0
51903,17.0
51913,26.0
51923,35.0
51933,32.0
51943,24.0
51953,32.0
51963,35.0
51973,32.0
51983,27.0
51986,17.0
51996,21.0
52006,39.0
52016,29.0
52026,20.0
52036,27.0
52041,18.0
52045,16.0
52055,30.0
52061,15.0
52071,29.0
52078,18.0
52088,36.0
52098,23.0
52108,26.0
52111,17.0
52121,30.0
52131,22.0
52137,18.0
52141,17.0
52151,21.0
52161,25.0
52171,25.0
52181,23.0
52191,27.0
52201,33.0
52211,27.0
52221,31.0
52231,26.0
52241,16.0
52243,15.0
52253,27.0
52258,18.0
52268,28.0
52278,25.0
52279,15.0
52283,18.0
52293,25.0
52303,33.0
52311,22.0
52314,17.0
52324,27.0
52334,25.0
52344,14.0
52354,32.0
52361,25.0
52371,27.0
52381,17.0
52391,18.0
52401,29.0
52411,15.0
52421,29.0
52431,24.0
52438,32.0
52448,22.0
52458,35.0
52468,35.0
52474,16.0
52484,27.0
52487,19.0
52497,27.0
52507,23.0
52516,22.0
52520,17.0
52530,24.0
52533,18.0
52543,38.0
52553,25.0
52563,15.0
52573,28.0
52583,24.0
52593,32.0
52595,18.0
52596,16.0
52600,20.0
52608,16.0
52609,18.0
52615,16.0
52625,20.0
52635,18.0
52638,19.0
52648,18.0
52657,33.0
52667,31.0
52677,25.0
52687,22.0
52689,17.0
52699,31.0
52709,21.0
52719,31.0
52729,32.0
52732,15.0
52742,26.0
52752,27.0
52762,27.0
52772,30.0
52782,24.0
52790,26.0
52793,18.0
52803,16.0
52813,24.0
52823,23.0
52824,0.0
52829,23.0
52839,32.0
52849,27.0
52859,30.0
52869,33.0
52871,13.0
52873,16.0
52880,29.0
52890,29.0
52899,35.0
52909,30.0
52919,28.0
52929,29.0
52939,31.0
52949,35.0
52959,24.0
52969,32.0
52979,26.0
52989,22.0
52991,18.0
53001,38.0
53002,17.0
53012,31.0
53020,25.0
53024,18.0
53034,18.0
53039,17.0
53049,39.0
53059,31.0
53069,24.0
53071,18.0
53073,17.0
53083,28.0
53093,25.0
53103,21.0
53113,27.0
53123,38.0
53133,24.0
53143,26.0
53146,16.0
53156,28.0
53166,31.0
53168,18.0
53178,24.0
53188,31.0
53189,16.0
53190,15.0
53200,19.0
53202,17.0
53212,24.0
53213,17.0
53223,30.0
53233,28.0
53241,26.0
53251,22.0
53261,33.0
53263,17.0
53268,14.0
53274,16.0
53284,22.0
53294,28.0
53304,21.0
53314,24.0
53324,27.0
53331,34.0
53335,16.0
53345,23.0
53354,19.0
53364,23.0
53374,26.0
53376,16.0
53380,18.0
53384,14.0
53394,16.0
53404,30.0
53414,21.0
53424,30.0
53430,28.0
53440,32.0
53450,24.0
53460,25.0
53470,29.0
53471,15.0
53479,35.0
53484,16.0
53494,20.0
53504,28.0
53514,28.0
53524,18.0
53532,33.0
53537,17.0
53547,27.0
53557,25.0
53564,28.0
53574,32.0
53584,30.0
53594,29.0
53602,23.0
53612,28.0
53622,19.0
53632,27.0
53642,30.0
53647,18.0
53657,26.0
53667,31.0
53677,29.0
53687,32.0
53697,36.0
53707,26.0
53717,28.0
53727,20.0
53737,23.0
53739,16.0
53749,28.0
53759,31.0
53766,19.0
53776,30.0
53786,26.0
53793,16.0
53803,34.0
53813,24.0
53815,16.0
53819,17.0
53829,29.0
53839,24.0
53849,33.0
53854,21.0
53864,24.0
53867,16.0
53872,16.0
53875,17.0
53885,31.0
53895,26.0
53905,28.0
53915,33.0
53925,22.0
53927,17.0
53937,32.0
53947,34.0
53957,26.0
53967,27.0
53977,18.0
53987,35.0
53992,17.0
53998,26.0
54008,24.0
54013,18.0
54023,31.0
54031,28.0
54037,15.0
54044,34.0
54048,17.0
54055,25.0
54065,24.0
54070,15.0
54080,37.0
54090,32.0
54100,27.0
54110,25.0
54120,26.0
54130,35.0
54135,16.0
54145,30.0
54155,24.0
54165,23.0
54175,30.0
54184,37.0
54194,26.0
54199,18.0
54206,25.0
54216,31.0
54220,16.0
54230,28.0
54240,20.0
54250,22.0
54260,28.0
54270,26.0
54280,23.0
54282,15.0
54292,32.0
54302,27.0
54309,15.0
54311,18.0
54317,26.0
54327,34.0
54328,18.0
54338,28.0
54348,20.0
54358,36.0
54359,15.0
54369,28.0
54379,35.0
54389,33.0
54399,21.0
54404,18.0
54414,29.0
54423,31.0
54433,24.0
54438,17.0
54447,18.0
54457,28.0
54462,28.0
54472,23.0
54482,28.0
54492,14.0
54493,14.0
54501,33.0
54503,16.0
54508,28.0
54513,16.0
54519,35.0
54525,17.0
54535,38.0
54545,29.0
54555,23.0
54565,25.0
54575,25.0
54585,31.0
54595,32.0
54599,17.0
54609,19.0
54614,18.0
54622,23.0
54632,25.0
54642,31.0
54652,27.0
54662,19.0
54670,28.0
54680,26.0
54690,31.0
54693,17.0
54694,15.0
54704,31.0
54714,35.0
54724,23.0
54734,29.0
54744,34.0
54754,22.0
54764,39.0
54774,30.0
54784,35.0
54785,0.0
54795,20.0
54796,17.0
54800,18.0
54810,22.0
54820,20.0
54828,22.0
54838,29.0
54848,19.0
54856,18.0
54859,18.0
54867,29.0
54877,31.0
54884,36.0
54894,28.0
54904,26.0
54913,32.0
54923,32.0
54924,16.0
54928,14.0
54938,25.0
54943,14.0
54953,33.0
54963,22.0
54965,17.0
54966,16.0
54972,27.0
54982,23.0
54985,18.0
54995,32.0
55000,16.0
55010,38.0
55020,30.0
55030,31.0
55038,18.0
55048,23.0
55058,34.0
55066,36.0
55076,29.0
55086,23.0
55087,18.0
55092,17.0
55102,32.0
55109,35.0
55119,23.0
55129,29.0
55139,19.0
55146,23.0
55156,23.0
55163,17.0
55173,27.0
55176,18.0
55178,15.0
55188,29.0
55198,25.0
55199,0.0
55201,15.0
55211,31.0
55220,18.0
55227,17.0
55233,26.0
55243,30.0
55253,35.0
55263,33.0
55268,22.0
55278,23.0
55280,18.0
55284,17.0
55294,29.0
55295,16.0
55296,15.0
55304,22.0
55314,32.0
55323,27.0
55325,16.0
55327,16.0
55337,26.0
55347,22.0
55356,30.0
55361,24.0
55370,32.0
55380,20.0
55390,26.0
55400,30.0
55401,18.0
55411,30.0
55421,28.0
55427,17.0
55437,26.0
55443,17.0
55449,28.0
55450,15.0
55453,17.0
55463,35.0
55468,16.0
55478,27.0
55488,22.0
55498,32.0
55505,26.0
55515,37.0
55516,15.0
55522,18.0
55532,25.0
55542,24.0
55552,35.0
55562,24.0
55566,16.0
55576,20.0
55586,18.0
55596,25.0
55606,30.0
55616,30.0
55626,25.0
55636,28.0
55643,23.0
55653,31.0
55663,18.0
55673,19.0
55683,28.0
55693,33.0
55696,18.0
55701,26.0
55711,22.0
55721,29.0
55731,28.0
55741,30.0
55745,17.0
55755,23.0
55765,31.0
55775,33.0
55785,19.0
55795,29.0
55800,16.0
55810,33.0
55820,31.0
55830,32.0
55837,25.0
55847,28.0
55857,32.0
55867,36.0
55877,27.0
55887,29.0
55897,32.0
55899,15.0
55909,33.0
55912,18.0
55922,22.0
55932,35.0
55942,33.0
55952,27.0
55960,30.0
55967,19.0
55971,20.0
55981,25.0
55991,34.0
56001,26.0
56011,28.0
56019,23.0
56029,29.0
56039,39.0
56049,30.0
56058,31.0
56068,34.0
56073,14.0
56074,15.0
56078,18.0
56088,34.0
56098,33.0
56108,24.0
56118,17.0
56123,33.0
56133,35.0
56143,34.0
56145,16.0
56155,24.0
56163,27.0
56173,26.0
56183,24.0
56188,27.0
56193,31.0
56197,17.0
56206,32.0
56215,30.0
56225,25.0
56231,17.0
56235,16.0
56242,28.0
56251,32.0
56258,18.0
56268,33.0
56278,24.0
56288,25.0
56298,29.0
56302,16.0
56312,35.0
56322,30.0
56332,29.0
56338,29.0
56348,29.0
56358,23.0
56368,31.0
56370,18.0
56375,18.0
56385,23.0
56395,30.0
56405,22.0
56415,32.0
56425,23.0
56435,30.0
56440,16.0
56450,37.0
56454,18.0
56456,15.0
56466,26.0
56476,21.0
56483,31.0
56493,22.0
56499,19.0
56508,22.0
56518,28.0
56528,28.0
56535,16.0
56545,37.0
56547,18.0
56553,25.0
56563,29.0
56573,34.0
56575,16.0
56585,27.0
56595,24.0
56605,38.0
56615,32.0
56625,23.0
56635,23.0
56644,28.0
56654,34.0
56664,27.0
56674,36.0
56684,29.0
56694,33.0
56704,19.0
56710,31.0
56713,16.0
56723,29.0
56730,15.0
56732,18.0
56738,16.0
56744,17.0
56754,31.0
56761,17.0
56771,22.0
56781,25.0
56791,19.0
56792,0.0
56802,37.0
56812,36.0
56822,34.0
56831,34.0
56834,15.0
56844,27.0
56847,14.0
56851,16.0
56856,26.0
56866,32.0
56876,31.0
56886,33.0
56896,30.0
56906,27.0
56916,34.0
56917,0.0
56926,27.0
56927,18.0
56937,29.0
56947,23.0
56948,17.0
56958,34.0
56968,30.0
56978,28.0
56988,26.0
56996,28.0
57006,27.0
57016,21.0
57019,15.0
57029,30.0
57035,28.0
57045,21.0
57055,24.0
57065,19.0
57075,20.0
57080,24.0
57082,14.0
57092,39.0
57102,30.0
57105,16.0
57115,37.0
57125,29.0
57130,17.0
57140,32.0
57148,37.0
57151,17.0
57161,25.0
57171,29.0
57176,24.0
57177,16.0
57187,35.0
57189,0.0
57193,18.0
57203,26.0
57208,18.0
57218,34.0
57228,34.0
57232,17.0
57242,23.0
57244,16.0
57254,31.0
57264,22.0
57274,31.0
57279,34.0
57289,22.0
57299,15.0
57309,22.0
57319,32.0
57329,32.0
57335,17.0
57345,34.0
57355,27.0
57365,35.0
57375,16.0
57378,16.0
57388,25.0
57398,34.0
57405,14.0
57407,15.0
57414,16.0
57418,15.0
57423,23.0
57426,17.0
57435,31.0
57445,32.0
57451,28.0
57461,18.0
57471,24.0
57481,22.0
57491,32.0
57499,17.0
57509,23.0
57519,37.0
57523,15.0
57530,31.0
57540,25.0
57550,26.0
57560,27.0
57570,26.0
57573,16.0
57583,25.0
57588,17.0
57598,29.0
57608,34.0
57618,24.0
57628,28.0
57638,35.0
57641,17.0
57650,21.0
57660,18.0
57670,23.0
57680,17.0
57690,30.0
57700,33.0
57704,18.0
57714,26.0
57724,27.0
57725,15.0
57735,31.0
57745,30.0
57752,22.0
57759,20.0
57769,38.0
57777,26.0
57787,33.0
57788,16.0
57798,25.0
57804,16.0
57809,18.0
57819,26.0
57829,32.0
57839,31.0
57845,17.0
57855,29.0
57859,16.0
57868,26.0
57878,17.0
57888,32.0
57898,27.0
57908,39.0
57913,16.0
57923,33.0
57933,32.0
57939,27.0
57948,24.0
57955,25.0
57961,18.0
57971,35.0
57978,16.0
57988,24.0
57996,26.0
58004,35.0
58014,33.0
58024,25.0
58026,16.0
58027,16.0
58030,17.0
58040,31.0
58050,27.0
58051,14.0
58058,15.0
58068,27.0
58072,16.0
58082,35.0
58083,18.0
58090,25.0
58096,25.0
58106,29.0
58116,30.0
58126,37.0
58132,17.0
58142,20.0
58152,29.0
58162,25.0
58172,26.0
58182,32.0
58192,34.0
58194,17.0
58204,33.0
58214,33.0
58224,18.0
58231,29.0
58240,19.0
58250,23.0
58260,29.0
58266,16.0
58276,19.0
58286,34.0
58292,30.0
58302,32.0
58312,24.0
58322,33.0
58332,37.0
58337,15.0
58347,29.0
58355,26.0
58364,32.0
58366,18.0
58376,33.0
58378,17.0
58388,38.0
58391,17.0
58401,37.0
58402,17.0
58404,18.0
58414,31.0
58424,24.0
58434,22.0
58444,29.0
58454,17.0
58460,18.0
58463,17.0
58473,23.0
58483,24.0
58487,18.0
58497,33.0
58498,17.0
58508,35.0
58518,33.0
58522,17.0
58531,31.0
58539,30.0
58549,26.0
58559,33.0
58562,16.0
58572,28.0
58578,32.0
58584,26.0
58594,25.0
58598,14.0
58599,18.0
58609,24.0
58618,34.0
58624,16.0
58632,24.0
58642,25.0
58651,24.0
58661,31.0
58671,30.0
58681,34.0
58683,17.0
58693,25.0
58695,15.0
58703,30.0
58713,22.0
58717,19.0
58727,25.0
58735,21.0
58736,17.0
58738,0.0
58748,22.0
58758,30.0
58768,26.0
58773,16.0
58783,37.0
58793,30.0
58803,24.0
58809,36.0
58811,17.0
58821,31.0
58826,17.0
58836,38.0
58846,15.0
58850,18.0
58851,0.0
58861,19.0
58863,19.0
58873,15.0
58883,30.0
58889,16.0
58899,22.0
58905,16.0
58915,24.0
58925,31.0
58935,32.0
58945,27.0
58955,31.0
58963,24.0
58971,34.0
58973,17.0
58983,28.0
58993,23.0
58995,15.0
59005,38.0
59015,20.0
59025,36.0
59035,30.0
59043,25.0
59044,14.0
59047,18.0
59053,24.0
59063,29.0
59067,19.0
59077,34.0
59087,24.0
59097,30.0
59107,19.0
59117,26.0
59127,32.0
59137,24.0
59147,31.0
59157,36.0
59166,25.0
59176,23.0
59181,20.0
59184,17.0
59194,32.0
59200,33.0
59210,34.0
59220,31.0
59226,26.0
59236,29.0
59246,28.0
59256,38.0
59266,37.0
59276,32.0
59284,34.0
59290,26.0
59300,26.0
59306,16.0
59307,16.0
59317,32.0
59327,31.0
59337,22.0
59347,34.0
59357,35.0
59367,26.0
59377,25.0
59387,30.0
59397,26.0
59407,32.0
59417,30.0
59427,24.0
59437,29.0
59445,35.0
59455,23.0
59465,24.0
59468,17.0
59478,29.0
59479,0.0
59489,30.0
59498,31.0
59504,17.0
59514,32.0
59519,18.0
59521,18.0
59531,26.0
59541,33.0
59551,23.0
59561,25.0
59564,16.0
59565,19.0
59575,28.0
59585,28.0
59595,31.0
59605,37.0
59615,39.0
59621,24.0
59631,36.0
59632,0.0
59642,20.0
59652,25.0
59662,17.0
59663,17.0
59667,18.0
59677,32.0
59687,37.0
59689,16.0
59699,40.0
59709,25.0
59719,26.0
59729,21.0
59739,30.0
59742,17.0
59752,32.0
59762,32.0
59765,19.0
59769,18.0
59779,33.0
59784,26.0
59794,32.0
59804,27.0
59814,30.0
59824,27.0
59834,21.0
59844,27.0
59854,29.0
59864,22.0
59874,34.0
59884,29.0
59892,28.0
59902,18.0
59912,28.0
59922,27.0
59925,16.0
59935,29.0
59945,29.0
59955,27.0
59965,34.0
59975,25.0
59977,17.0
59978,0.0
59979,16.0
59989,39.0
59999,34.0
60000,19.0
60001,17.0
60011,24.0
60020,25.0
60030,35.0
60040,29.0
60050,23.0
60060,29.0
60062,16.0
60072,25.0
60082,17.0
60091,23.0
60101,33.0
60111,27.0
60121,29.0
60131,29.0
60141,27.0
60151,29.0
60153,16.0
60163,23.0
60173,25.0
60183,28.0
60193,19.0
60197,19.0
60207,19.0
60212,15.0
60217,16.0
60227,24.0
60233,26.0
60243,24.0
60253,26.0
60263,33.0
60273,19.0
60278,16.0
60288,23.0
60293,30.0
60303,39.0
60313,28.0
60322,36.0
60332,28.0
60342,32.0
60348,28.0
60358,27.0
60368,27.0
60378,23.0
60380,17.0
60390,23.0
60400,33.0
60410,35.0
60415,22.0
60423,26.0
60427,17.0
60428,19.0
60438,30.0
60440,19.0
60450,29.0
60452,18.0
60462,37.0
60472,21.0
60482,26.0
60492,28.0
60500,29.0
60510,36.0
60519,19.0
60525,24.0
60535,35.0
60545,29.0
60546,19.0
60556,31.0
60560,14.0
60570,24.0
60580,29.0
60590,30.0
60600,37.0
60607,16.0
60617,28.0
60627,32.0
60637,29.0
60642,17.0
60652,28.0
60656,14.0
60666,30.0
60670,18.0
60671,16.0
60681,25.0
60691,25.0
60701,16.0
60711,26.0
60714,14.0
60724,19.0
60728,16.0
60729,18.0
60734,19.0
60744,20.0
60754,28.0
60764,26.0
60774,38.0
60784,21.0
60794,35.0
60804,45.0
60814,23.0
60824,30.0
60834,27.0
60844,31.0
60851,17.0
60853,15.0
60863,19.0
60873,37.0
60883,33.0
60892,26.0
60902,24.0
60912,28.0
60922,24.0
60932,29.0
60942,19.0
60952,22.0
60962,37.0
60972,24.0
60982,32.0
60992,35.0
61002,29.0
61012,35.0
61022,33.0
61032,23.0
61042,30.0
61052,21.0
61056,18.0
61064,30.0
61074,29.0
61080,18.0
61090,23.0
61100,31.0
61108,26.0
61118,28.0
61128,23.0
61138,35.0
61148,27.0
61158,21.0
61168,17.0
61178,33.0
61187,29.0
61197,24.0
61207,35.0
61217,21.0
61218,16.0
61222,15.0
61226,19.0
61236,27.0
61246,28.0
61255,29.0
61258,16.0
61268,30.0
61278,14.0
61288,31.0
61291,18.0
61301,24.0
61311,19.0
61317,17.0
61325,30.0
61335,34.0
61345,21.0
61350,16.0
61357,26.0
61361,19.0
61371,27.0
61381,32.0
61384,16.0
61388,15.0
61398,35.0
61406,29.0
61416,24.0
61426,26.0
61436,28.0
61446,28.0
61447,17.0
61453,14.0
61463,31.0
61465,17.0
61475,25.0
61483,23.0
61493,27.0
61503,21.0
61513,23.0
61523,25.0
61532,32.0
61542,23.0
61552,32.0
61562,36.0
61572,25.0
61582,37.0
61592,28.0
61602,24.0
61612,18.0
61622,26.0
61632,24.0
61633,20.0
61641,20.0
61651,33.0
61661,31.0
61671,26.0
61680,26.0
61690,31.0
61700,29.0
61710,33.0
61720,25.0
61730,26.0
61733,17.0
61736,18.0
61746,31.0
61756,26.0
61765,33.0
61775,29.0
61785,24.0
61793,25.0
61797,17.0
61799,20.0
61809,22.0
61818,23.0
61822,16.0
61832,31.0
61842,26.0
61852,39.0
61862,19.0
61872,24.0
61879,27.0
61889,26.0
61899,25.0
61900,18.0
61908,18.0
61918,30.0
61928,28.0
61935,35.0
61945,32.0
61955,24.0
61965,25.0
61975,23.0
61985,24.0
61995,38.0
62002,23.0
62012,33.0
62022,25.0
62032,26.0
62042,19.0
62052,24.0
62061,29.0
62071,16.0
62078,32.0
62088,27.0
62090,15.0
62100,25.0
62101,17.0
62108,17.0
62117,23.0
62121,15.0
62131,39.0
62141,27.0
62151,22.0
62161,26.0
62167,20.0
62177,32.0
62187,27.0
62197,26.0
62202,16.0
62203,15.0
62208,23.0
62218,23.0
62223,18.0
62233,44.0
62243,36.0
62250,29.0
62260,21.0
62270,26.0
62280,25.0
62290,33.0
62300,30.0
62310,33.0
62320,36.0
62330,31.0
62340,31.0
62350,27.0
62351,0.0
62361,26.0
62363,18.0
62373,23.0
62383,29.0
62385,17.0
62395,26.0
62405,27.0
62407,17.0
62417,28.0
62427,39.0
62432,34.0
62442,24.0
62448,28.0
62455,23.0
62465,33.0
62475,16.0
62485,28.0
62489,20.0
62499,27.0
62509,26.0
62517,23.0
62527,40.0
62537,26.0
62540,20.0
62541,16.0
62551,27.0
62552,20.0
62562,28.0
62569,18.0
62570,16.0
62580,35.0
62587,17.0
62597,26.0
62603,27.0
62613,26.0
62623,21.0
62624,17.0
62626,16.0
62636,28.0
62640,16.0
62650,29.0
62653,18.0
62663,26.0
62667,17.0
62677,23.0
62687,25.0
62697,27.0
62707,32.0
62708,0.0
62718,26.0
62728,24.0
62733,15.0
62743,38.0
62752,25.0
62762,35.0
62766,16.0
62776,18.0
62786,36.0
62790,15.0
62797,17.0
62801,16.0
62811,29.0
62821,36.0
62829,25.0
62839,27.0
62842,15.0
62852,30.0
62862,30.0
62872,32.0
62875,20.0
62882,24.0
62884,17.0
62894,17.0
62904,32.0
62914,44.0
62923,24.0
62933,16.0
62943,34.0
62953,34.0
62963,22.0
62971,19.0
62981,35.0
62986,17.0
62996,34.0
63006,32.0
63016,22.0
63026,21.0
63036,19.0
63046,26.0
63056,23.0
63058,16.0
63068,35.0
63077,25.0
63086,16.0
63096,27.0
63104,37.0
63114,29.0
63124,24.0
63134,28.0
63144,29.0
63145,15.0
63155,30.0
63165,23.0
63166,17.0
63172,32.0
63176,19.0
63186,24.0
63196,18.0
63206,26.0
63207,16.0
63215,18.0
63224,24.0
63234,32.0
63244,27.0
63254,23.0
63264,29.0
63274,28.0
63282,22.0
63292,28.0
63302,24.0
63312,23.0
63319,28.0
63329,22.0
63330,15.0
63340,31.0
63350,35.0
63360,36.0
63361,17.0
63371,26.0
63381,26.0
63390,27.0
63400,24.0
63403,17.0
63413,26.0
63423,26.0
63433,25.0
63436,17.0
63444,25.0
63446,15.0
63447,0.0
63457,24.0
63458,17.0
63465,30.0
63475,35.0
63483,24.0
63489,24.0
63499,24.0
63509,25.0
63512,14.0
63522,24.0
63524,14.0
63534,26.0
63537,16.0
63547,32.0
63553,22.0
63555,13.0
63565,18.0
63575,26.0
63585,21.0
63587,19.0
63597,32.0
63599,18.0
63609,36.0
63616,26.0
63626,26.0
63636,27.0
63645,15.0
63647,17.0
63655,17.0
63657,19.0
63665,23.0
63668,18.0
63669,16.0
63679,28.0
63689,24.0
63699,33.0
63707,31.0
63708,20.0
63710,18.0
63711,17.0
63721,26.0
63731,25.0
63736,14.0
63746,32.0
63747,0.0
63755,29.0
63765,27.0
63775,27.0
63777,16.0
63787,30.0
63788,17.0
63796,26.0
63798,14.0
63808,19.0
63818,34.0
63828,31.0
63829,16.0
63839,25.0
63847,17.0
63857,21.0
63867,26.0
63877,19.0
63887,27.0
63897,15.0
63907,28.0
63917,31.0
63921,17.0
63931,25.0
63941,35.0
63951,30.0
63961,20.0
63971,28.0
63979,23.0
63980,18.0
63983,20.0
63993,37.0
64003,26.0
64006,16.0
64011,26.0
64021,32.0
64028,16.0
64038,29.0
64048,21.0
64058,18.0
64067,25.0
64072,19.0
64082,27.0
64091,26.0
64099,26.0
64109,29.0
64119,35.0
64125,15.0
64135,25.0
64144,30.0
64154,29.0
64164,25.0
64174,33.0
64181,25.0
64191,26.0
64201,26.0
64211,29.0
64221,29.0
64231,27.0
64237,21.0
64243,18.0
64251,31.0
64261,24.0
64271,30.0
64281,30.0
64291,31.0
64301,26.0
64305,18.0
64315,33.0
64316,17.0
64319,16.0
64326,28.0
64334,28.0
64338,17.0
64340,18.0
64350,22.0
64360,33.0
64363,19.0
64367,18.0
64377,16.0
64387,37.0
64396,21.0
64406,26.0
64416,27.0
64420,15.0
64430,25.0
64438,29.0
64440,17.0
64450,25.0
64460,23.0
64470,33.0
64471,16.0
64481,26.0
64491,23.0
64501,24.0
64511,16.0
64521,29.0
64530,28.0
64531,17.0
64540,23.0
64550,25.0
64560,33.0
64562,16.0
64568,29.0
64573,28.0
64582,25.0
64584,17.0
64594,18.0
64604,32.0
64614,30.0
64624,29.0
64634,36.0
64644,30.0
64654,33.0
64663,30.0
64673,34.0
64683,24.0
64693,34.0
64703,30.0
64713,24.0
64723,24.0
64733,27.0
64743,25.0
64747,16.0
64756,23.0
64760,19.0
64770,28.0
64780,31.0
64790,23.0
64800,29.0
64810,26.0
64818,34.0
64822,17.0
64823,19.0
64833,26.0
64843,33.0
64853,24.0
64854,15.0
64864,26.0
64874,29.0
64875,16.0
64885,33.0
64891,15.0
64901,29.0
64911,24.0
64921,34.0
64922,0.0
64932,24.0
64942,25.0
64946,17.0
64950,17.0
64960,22.0
64970,35.0
64980,22.0
64990,39.0
65000,22.0
65010,32.0
65020,25.0
65030,27.0
65040,27.0
65050,19.0
65055,15.0
65064,39.0
65065,0.0
65073,14.0
65083,31.0
65089,22.0
65090,17.0
65096,32.0
65106,38.0
65108,16.0
65118,37.0
65122,16.0
65132,32.0
65142,29.0
65152,33.0
65162,24.0
65172,25.0
65182,26.0
65192,36.0
65202,23.0
65212,20.0
65213,15.0
65223,34.0
65232,28.0
65237,17.0
65241,17.0
65251,19.0
65256,16.0
65263,26.0
65273,25.0
65283,36.0
65290,25.0
65300,26.0
65310,31.0
65320,37.0
65321,18.0
65331,30.0
65341,24.0
65351,27.0
65361,23.0
65371,26.0
65381,25.0
65391,36.0
65401,37.0
65411,23.0
65414,15.0
65424,29.0
65434,36.0
65440,32.0
65450,24.0
65460,39.0
65462,15.0
65472,26.0
65482,37.0
65490,16.0
65491,19.0
65492,18.0
65502,23.0
65512,25.0
65521,30.0
65531,34.0
65541,27.0
65551,24.0
65555,17.0
65565,25.0
65566,16.0
65576,27.0
65586,23.0
65590,18.0
65600,32.0
65604,19.0
65607,17.0
65617,20.0
65627,25.0
65637,27.0
65647,31.0
65657,26.0
65667,26.0
65673,16.0
65678,17.0
65688,30.0
65690,18.0
65700,31.0
65710,26.0
65720,24.0
65722,16.0
65731,27.0
65735,18.0
65745,26.0
65755,28.0
65756,19.0
65766,28.0
65776,33.0
65781,19.0
65784,17.0
65786,16.0
65796,20.0
65806,36.0
65816,34.0
65826,32.0
65827,18.0
65837,30.0
65847,27.0
65857,22.0
65867,31.0
65877,29.0
65887,30.0
65897,27.0
65904,26.0
65914,35.0
65915,17.0
65925,25.0
65935,16.0
65945,30.0
65955,33.0
65957,16.0
65960,17.0
65963,16.0
65967,16.0
65977,30.0
65987,29.0
65997,36.0
66007,26.0
66017,24.0
66019,19.0
66020,17.0
66030,30.0
66040,20.0
66050,28.0
66060,33.0
66070,32.0
66080,35.0
66090,19.0
66100,29.0
66107,22.0
66109,19.0
66119,25.0
66124,16.0
66134,33.0
66144,36.0
66151,31.0
66161,26.0
66171,31.0
66181,16.0
66183,17.0
66185,16.0
66195,32.0
66205,25.0
66215,23.0
66218,18.0
66228,39.0
66238,22.0
66242,17.0
66252,25.0
66261,31.0
66271,23.0
66281,29.0
66291,24.0
66301,30.0
66311,24.0
66321,17.0
66331,24.0
66334,15.0
66343,18.0
66353,21.0
66363,21.0
66373,30.0
66378,14.0
66388,25.0
66393,18.0
66403,30.0
66413,35.0
66423,19.0
66433,38.0
66443,27.0
66453,30.0
66463,23.0
66473,28.0
66483,38.0
66493,25.0
66503,37.0
66513,26.0
66523,38.0
66533,34.0
66539,26.0
66549,29.0
66558,26.0
66563,18.0
66573,29.0
66583,25.0
66593,23.0
66595,17.0
66597,19.0
66607,30.0
66611,14.0
66621,33.0
66631,46.0
66641,35.0
66648,34.0
66649,17.0
66659,34.0
66669,26.0
66679,27.0
66689,20.0
66699,36.0
66709,32.0
66719,18.0
66729,30.0
66739,32.0
66744,17.0
66752,29.0
66762,30.0
66772,29.0
66781,28.0
66786,14.0
66790,17.0
66800,32.0
66810,34.0
66820,33.0
66829,27.0
66839,25.0
66843,18.0
66853,28.0
66863,32.0
66873,30.0
66883,15.0
66893,22.0
66903,26.0
66904,17.0
66914,26.0
66924,31.0
66928,15.0
66938,32.0
66948,20.0
66949,17.0
66950,20.0
66960,31.0
66970,30.0
66980,25.0
66988,25.0
66998,20.0
67008,21.0
67018,29.0
67028,24.0
67030,16.0
67031,18.0
67033,14.0
67043,24.0
67053,42.0
67060,36.0
67067,22.0
67077,16.0
67087,31.0
67088,19.0
67098,19.0
67100,17.0
67110,32.0
67120,22.0
67123,16.0
67133,29.0
67143,31.0
67153,23.0
67154,17.0
67164,15.0
67173,27.0
67183,26.0
67192,22.0
67202,28.0
67212,23.0
67222,32.0
67232,28.0
67242,31.0
67252,28.0
67262,29.0
67272,37.0
67282,32.0
67288,29.0
67298,41.0
67302,15.0
67312,17.0
67322,19.0
67329,18.0
67339,16.0
67343,16.0
67353,32.0
67358,29.0
67368,38.0
67378,25.0
67382,15.0
67390,25.0
67400,30.0
67410,31.0
67420,33.0
67430,26.0
67440,29.0
67450,25.0
67455,18.0
67465,37.0
67470,16.0
67480,25.0
67481,15.0
67488,32.0
67498,23.0
67508,34.0
67518,23.0
67519,17.0
67520,18.0
67530,31.0
67535,23.0
67541,17.0
67545,15.0
67555,17.0
67561,27.0
67571,27.0
67578,18.0
67588,26.0
67598,32.0
67599,16.0
67609,27.0
67618,22.0
67628,27.0
67638,25.0
67648,30.0
67656,29.0
67666,33.0
67676,29.0
67681,32.0
67691,31.0
67698,27.0
67708,27.0
67712,18.0
67722,36.0
67732,33.0
67742,27.0
67752,33.0
67757,16.0
67767,26.0
67777,29.0
67784,32.0
67794,26.0
67804,34.0
67814,24.0
67823,25.0
67827,16.0
67833,28.0
67843,22.0
67853,33.0
67863,21.0
67873,29.0
67883,20.0
67887,13.0
67897,32.0
67907,24.0
67917,30.0
67927,24.0
67937,29.0
67944,18.0
67954,36.0
67964,31.0
67968,18.0
67978,27.0
67988,28.0
67998,29.0
68004,18.0
68014,23.0
68024,28.0
68034,31.0
68037,17.0
68040,17.0
68045,18.0
68055,31.0
68065,30.0
68075,28.0
68085,27.0
68095,26.0
68105,21.0
68107,15.0
68117,24.0
68118,17.0
68128,14.0
68132,15.0
68142,24.0
68145,19.0
68155,32.0
68160,17.0
68170,25.0
68180,24.0
68184,17.0
68194,41.0
68204,27.0
68214,27.0
68224,35.0
68234,22.0
68239,17.0
68249,30.0
68259,30.0
68269,24.0
68279,23.0
68282,18.0
68286,19.0
68296,24.0
68297,17.0
68307,30.0
68315,34.0
68320,18.0
68330,28.0
68340,30.0
68342,19.0
68352,33.0
68362,30.0
68372,34.0
68382,27.0
68389,24.0
68395,21.0
68396,16.0
68402,15.0
68405,16.0
68415,24.0
68425,21.0
68435,21.0
68445,16.0
68455,29.0
68465,29.0
68473,27.0
68483,21.0
68493,26.0
68503,23.0
68511,22.0
68521,29.0
68531,28.0
68541,30.0
68551,39.0
68561,36.0
68565,16.0
68575,23.0
68585,25.0
68587,18.0
68592,17.0
68598,23.0
68608,30.0
68615,15.0
68625,18.0
68635,24.0
68642,29.0
68644,15.0
68654,31.0
68663,37.0
68673,28.0
68682,25.0
68692,23.0
68702,25.0
68710,27.0
68720,34.0
68730,22.0
68732,17.0
68742,27.0
68747,16.0
68757,23.0
68760,18.0
68770,27.0
68774,15.0
68784,26.0
68794,31.0
68801,31.0
68811,21.0
68812,14.0
68822,28.0
68832,32.0
68842,39.0
68852,29.0
68862,24.0
68869,17.0
68879,20.0
68889,17.0
68897,26.0
68899,14.0
68909,21.0
68913,16.0
68923,30.0
68928,26.0
68938,29.0
68948,30.0
68955,25.0
68965,34.0
68975,25.0
68985,34.0
68995,19.0
68996,17.0
69006,32.0
69016,25.0
69025,31.0
69035,21.0
69045,34.0
69055,33.0
69065,26.0
69072,20.0
69082,33.0
69089,24.0
69099,26.0
69109,30.0
69119,26.0
69124,17.0
69125,18.0
69135,35.0
69138,17.0
69146,20.0
69153,29.0
69158,16.0
69168,33.0
69172,17.0
69182,23.0
69189,25.0
69199,29.0
69209,25.0
69219,23.0
69229,24.0
69239,26.0
69244,15.0
69247,18.0
69257,30.0
69266,33.0
69273,17.0
69278,16.0
69288,21.0
69298,30.0
69308,40.0
69318,32.0
69325,17.0
69334,39.0
69344,26.0
69351,16.0
69361,18.0
69369,25.0
69379,36.0
69389,24.0
69394,18.0
69404,23.0
69405,15.0
69415,34.0
69425,24.0
69435,24.0
69445,32.0
69447,16.0
69457,23.0
69467,28.0
69477,26.0
69480,16.0
69489,23.0
69499,37.0
69503,15.0
69512,29.0
69515,16.0
69520,16.0
69530,34.0
69534,18.0
69544,26.0
69548,16.0
69554,24.0
69564,38.0
69574,35.0
69584,26.0
69594,37.0
69604,32.0
69614,19.0
69624,31.0
69634,29.0
69640,26.0
69650,31.0
69660,28.0
69661,18.0
69664,14.0
69670,15.0
69680,30.0
69690,31.0
69693,16.0
69703,23.0
69710,20.0
69713,16.0
69716,16.0
69717,16.0
69727,35.0
69737,25.0
69740,19.0
69749,20.0
69753,16.0
69763,22.0
69773,27.0
69775,18.0
69785,30.0
69786,16.0
69792,17.0
69802,31.0
69812,35.0
69820,28.0
69827,22.0
69837,40.0
69847,25.0
69857,34.0
69867,26.0
69868,18.0
69878,24.0
69888,32.0
69898,26.0
69908,31.0
69918,28.0
69928,25.0
69938,21.0
69940,18.0
69950,33.0
69960,34.0
69970,19.0
69972,18.0
69982,30.0
69987,15.0
69997,21.0
70003,30.0
70012,23.0
70022,29.0
70032,35.0
70042,29.0
70045,18.0
70051,19.0
70055,18.0
70065,26.0
70071,17.0
70074,17.0
70084,39.0
70094,28.0
70104,31.0
70114,26.0
70124,22.0
70129,16.0
70139,25.0
70149,28.0
70159,19.0
70162,17.0
70172,23.0
70175,17.0
70185,32.0
70195,36.0
70205,29.0
70215,23.0
70225,23.0
70231,22.0
70241,31.0
70251,27.0
70252,16.0
70262,31.0
70264,15.0
70274,32.0
70283,25.0
70293,30.0
70303,36.0
70313,25.0
70321,23.0
70331,27.0
70341,31.0
70351,24.0
70361,31.0
70364,17.0
70374,36.0
70375,16.0
70377,17.0
70387,29.0
70397,39.0
70399,18.0
70402,17.0
70412,28.0
70422,22.0
70432,37.0
70442,20.0
70452,28.0
70462,17.0
70463,14.0
70473,40.0
70477,18.0
70481,17.0
70491,27.0
70501,33.0
70511,27.0
70521,28.0
70524,17.0
70534,28.0
70544,23.0
70552,28.0
70554,14.0
70564,36.0
70567,18.0
70576,26.0
70586,27.0
70596,25.0
70606,25.0
70615,40.0
70625,27.0
70627,17.0
70637,29.0
70647,27.0
70657,35.0
70667,36.0
70670,15.0
70672,20.0
70676,16.0
70686,21.0
70696,30.0
70697,20.0
70707,30.0
70717,39.0
70727,44.0
70732,16.0
70742,25.0
70747,28.0
70757,26.0
70767,28.0
70777,38.0
70787,35.0
70793,18.0
70803,24.0
70813,15.0
70819,14.0
70820,16.0
70830,33.0
70840,23.0
70850,26.0
70860,32.0
70870,26.0
70876,24.0
70880,19.0
70890,32.0
70900,25.0
70910,20.0
70920,24.0
70930,35.0
70940,30.0
70950,27.0
70952,17.0
70962,33.0
70972,35.0
70982,30.0
70990,28.0
71000,26.0
71009,23.0
71015,19.0
71025,20.0
71027,17.0
71037,23.0
71046,28.0
71050,16.0
71060,32.0
71070,26.0
71080,28.0
71090,33.0
71100,31.0
71108,29.0
71118,23.0
71119,19.0
71126,25.0
71127,17.0
71137,25.0
71147,25.0
71157,30.0
71167,25.0
71177,30.0
71179,15.0
71189,35.0
71199,28.0
71209,30.0
71219,33.0
71229,30.0
71236,32.0
71246,41.0
71256,26.0
71266,28.0
71276,29.0
71286,33.0
71296,31.0
71303,34.0
71304,17.0
71308,20.0
71318,26.0
71328,36.0
71338,33.0
71348,31.0
71358,25.0
71368,39.0
71378,28.0
71379,17.0
71386,32.0
71396,39.0
71406,26.0
71416,34.0
71426,26.0
71436,18.0
71446,28.0
71456,28.0
71463,30.0
71473,31.0
71479,18.0
71482,18.0
71492,24.0
71495,17.0
71505,29.0
71515,22.0
71525,24.0
71535,27.0
71545,33.0
71555,37.0
71565,30.0
71575,35.0
71577,16.0
71587,33.0
71597,26.0
71607,27.0
71617,29.0
71618,16.0
71625,15.0
71635,29.0
71639,18.0
71645,23.0
71655,33.0
71657,17.0
71667,38.0
71675,35.0
71685,31.0
71694,34.0
71704,25.0
71714,26.0
71724,25.0
71734,28.0
71744,18.0
71745,17.0
71755,36.0
71765,23.0
71768,18.0
71778,29.0
71788,31.0
71789,17.0
71799,36.0
71801,15.0
71811,31.0
71817,22.0
71823,26.0
71833,26.0
71843,35.0
71850,28.0
71860,28.0
71864,17.0
71874,22.0
71884,24.0
71886,15.0
71896,32.0
71904,23.0
71914,18.0
71918,15.0
71928,25.0
71938,28.0
71948,21.0
71955,21.0
71965,27.0
71971,20.0
71981,36.0
71989,20.0
71998,27.0
72008,29.0
72017,25.0
72019,17.0
72027,17.0
72037,25.0
72047,25.0
72048,13.0
72058,20.0
72068,34.0
72078,41.0
72081,19.0
72091,21.0
72101,40.0
72103,16.0
72106,16.0
72116,27.0
72126,30.0
72127,15.0
72137,24.0
72147,23.0
72152,19.0
72162,27.0
72172,35.0
72182,25.0
72192,31.0
72202,29.0
72212,30.0
72222,26.0
72232,21.0
72242,23.0
72252,26.0
72262,24.0
72265,15.0
72275,29.0
72279,19.0
72289,33.0
72293,18.0
72295,17.0
72305,32.0
72315,34.0
72325,36.0
72335,31.0
72345,34.0
72355,21.0
72356,17.0
72366,31.0
72371,16.0
72381,37.0
72388,16.0
72389,17.0
72399,22.0
72409,28.0
72416,28.0
72426,27.0
72435,31.0
72445,27.0
72449,16.0
72459,29.0
72466,27.0
72476,29.0
72483,25.0
72493,30.0
72496,16.0
72501,18.0
72511,24.0
72521,28.0
72525,16.0
72535,21.0
72543,31.0
72553,23.0
72563,38.0
72565,13.0
72567,17.0
72577,23.0
72587,25.0
72593,20.0
72598,14.0
72600,16.0
72610,28.0
72620,20.0
72630,33.0
72640,19.0
72650,32.0
72660,30.0
72670,25.0
72672,13.0
72675,15.0
72685,33.0
72695,33.0
72703,21.0
72705,15.0
72708,18.0
72713,15.0
72723,44.0
72726,18.0
72735,32.0
72745,21.0
72751,17.0
72756,23.0
72759,17.0
72769,23.0
72779,33.0
72789,23.0
72790,18.0
72800,33.0
72810,38.0
72812,17.0
72815,16.0
72822,17.0
72832,37.0
72842,26.0
72844,17.0
72854,33.0
72864,31.0
72867,17.0
72877,31.0
72887,33.0
72897,31.0
72907,33.0
72917,35.0
72920,18.0
72930,21.0
72940,20.0
72945,16.0
72955,30.0
72965,34.0
72975,24.0
72984,31.0
72986,17.0
72989,18.0
72990,16.0
73000,27.0
73010,28.0
73017,27.0
73023,30.0
73033,30.0
73038,28.0
73048,25.0
73049,15.0
73059,32.0
73069,34.0
73079,30.0
73089,19.0
73099,30.0
73109,28.0
73119,39.0
73129,29.0
73139,31.0
73149,25.0
73152,17.0
73162,32.0
73172,30.0
73182,39.0
73192,35.0
73202,23.0
73212,26.0
73222,31.0
73227,26.0
73237,38.0
73247,25.0
73257,29.0
73267,29.0
73276,34.0
73280,17.0
73289,34.0
73295,25.0
73296,14.0
73306,32.0
73307,15.0
73317,18.0
73327,23.0
73337,32.0
73347,32.0
73357,22.0
73367,27.0
73377,36.0
73383,26.0
73387,17.0
73397,29.0
73407,28.0
73417,27.0
73427,18.0
73437,27.0
73438,18.0
73448,26.0
73454,29.0
73458,18.0
73468,25.0
73478,26.0
73485,28.0
73486,18.0
73496,28.0
73506,34.0
73516,28.0
73526,33.0
73528,15.0
73538,29.0
73540,17.0
73544,18.0
73554,32.0
73564,24.0
73574,30.0
73576,14.0
73586,32.0
73596,21.0
73606,33.0
73616,23.0
73626,22.0
73636,30.0
73637,17.0
73647,31.0
73649,16.0
73659,32.0
73661,15.0
73671,24.0
73681,25.0
73691,32.0
73701,22.0
73711,33.0
73721,25.0
73725,17.0
73735,22.0
73745,35.0
73755,27.0
73757,17.0
73767,33.0
73777,37.0
73787,32.0
73797,28.0
73800,16.0
73810,27.0
73820,33.0
73825,17.0
73835,28.0
73836,18.0
73846,36.0
73849,19.0
73853,17.0
73863,26.0
73873,34.0
73874,18.0
73884,21.0
73894,26.0
73904,18.0
73906,18.0
73916,39.0
73922,28.0
73932,33.0
73936,16.0
73943,24.0
73953,28.0
73963,30.0
73973,34.0
73983,32.0
73993,34.0
74003,38.0
74013,22.0
74023,27.0
74028,32.0
74038,38.0
74048,31.0
74058,28.0
74066,23.0
74076,38.0
74086,28.0
74096,23.0
74102,27.0
74112,39.0
74122,23.0
74132,34.0
74142,32.0
74152,26.0
74162,29.0
74172,34.0
74182,37.0
74192,24.0
74200,21.0
74210,30.0
74213,14.0
74223,36.0
74224,13.0
74234,28.0
74244,17.0
74254,36.0
74264,35.0
74274,25.0
74276,18.0
74286,31.0
74296,29.0
74306,28.0
74316,24.0
74318,17.0
74328,27.0
74332,17.0
74342,27.0
74351,26.0
74361,33.0
74371,26.0
74380,34.0
74390,42.0
74394,16.0
74400,28.0
74408,32.0
74413,28.0
74423,26.0
74433,36.0
74443,29.0
74447,15.0
74457,31.0
74467,36.0
74477,25.0
74478,0.0
74480,17.0
74490,26.0
74500,32.0
74508,27.0
74518,28.0
74528,32.0
74534,32.0
74544,33.0
74545,18.0
74555,32.0
74557,15.0
74567,35.0
74577,29.0
74587,33.0
74597,22.0
74607,25.0
74617,29.0
74627,32.0
74637,27.0
74647,25.0
74657,23.0
74667,32.0
74677,41.0
74687,32.0
74697,34.0
74698,16.0
74708,31.0
74718,28.0
74728,27.0
74733,24.0
74736,16.0
74746,34.0
74750,19.0
74760,29.0
74770,32.0
74776,19.0
74784,36.0
74794,33.0
74798,17.0
74808,34.0
74818,21.0
74823,17.0
74833,30.0
74835,17.0
74845,22.0
74855,28.0
74865,24.0
74875,29.0
74885,23.0
74895,31.0
74905,18.0
74915,29.0
74925,46.0
74930,26.0
74940,25.0
74950,33.0
74960,25.0
74964,17.0
74974,22.0
74982,26.0
74985,16.0
74986,0.0
74993,32.0
75003,24.0
75007,16.0
75016,26.0
75025,33.0
75035,24.0
75041,38.0
75042,16.0
75052,24.0
75062,31.0
75072,26.0
75082,32.0
75086,16.0
75091,15.0
75101,29.0
75111,27.0
75113,19.0
75118,13.0
75128,21.0
75138,30.0
75139,0.0
75149,31.0
75159,22.0
75165,20.0
75175,32.0
75177,15.0
75187,23.0
75197,19.0
75207,30.0
75216,24.0
75226,33.0
75236,22.0
75242,17.0
75246,17.0
75256,28.0
75266,36.0
75267,17.0
75273,16.0
75283,34.0
75293,22.0
75299,30.0
75309,28.0
75314,27.0
75324,21.0
75334,23.0
75336,16.0
75346,37.0
75356,24.0
75359,19.0
75363,16.0
75373,20.0
75383,27.0
75389,16.0
75399,38.0
75409,26.0
75412,13.0
75414,19.0
75417,16.0
75427,19.0
75434,28.0
75444,31.0
75454,33.0
75461,27.0
75471,25.0
75481,25.0
75491,36.0
75500,22.0
75510,20.0
75516,18.0
75520,14.0
75524,17.0
75534,38.0
75544,23.0
75553,20.0
75562,30.0
75572,25.0
75582,22.0
75592,27.0
75600,23.0
75610,24.0
75620,27.0
75630,37.0
75635,32.0
75645,28.0
75655,27.0
75665,41.0
75666,16.0
75676,24.0
75686,33.0
75696,34.0
75701,17.0
75711,25.0
75721,28.0
75731,20.0
75737,19.0
75747,37.0
75757,19.0
75762,16.0
75766,18.0
75768,18.0
75773,17.0
75775,17.0
75785,27.0
75795,38.0
75803,28.0
75813,20.0
75823,35.0
75832,26.0
75834,17.0
75837,14.0
75847,33.0
75854,24.0
75858,18.0
75865,27.0
75875,23.0
75885,44.0
75888,16.0
75898,23.0
75908,21.0
75918,30.0
75920,16.0
75930,24.0
75940,30.0
75950,33.0
75956,25.0
75966,27.0
75976,30.0
75986,25.0
75996,32.0
76003,35.0
76013,25.0
76023,28.0
76028,16.0
76038,29.0
76046,29.0
76056,26.0
76065,15.0
76075,15.0
76085,23.0
76095,30.0
76098,17.0
76108,18.0
76118,39.0
76128,33.0
76129,17.0
76139,31.0
76149,22.0
76159,21.0
76169,23.0
76171,17.0
76181,21.0
76185,18.0
76195,20.0
76205,20.0
76215,30.0
76225,23.0
76235,25.0
76238,15.0
76248,30.0
76258,30.0
76259,17.0
76269,40.0
76279,20.0
76289,30.0
76299,36.0
76309,46.0
76319,32.0
76325,18.0
76330,15.0
76335,16.0
76345,37.0
76355,25.0
76359,17.0
76369,27.0
76379,26.0
76384,30.0
76394,32.0
76404,40.0
76410,16.0
76413,17.0
76423,23.0
76433,25.0
76443,22.0
76453,26.0
76463,23.0
76473,30.0
76483,26.0
76490,21.0
76496,16.0
76506,22.0
76516,35.0
76526,33.0
76529,17.0
76539,28.0
76549,29.0
76559,44.0
76569,19.0
76573,17.0
76583,24.0
76591,28.0
76601,31.0
76602,17.0
76610,41.0
76620,32.0
76630,29.0
76633,16.0
76643,32.0
76647,17.0
76657,26.0
76660,15.0
76670,28.0
76680,35.0
76690,28.0
76700,27.0
76708,28.0
76718,29.0
76728,19.0
76738,30.0
76743,15.0
76753,32.0
76756,17.0
76766,29.0
76769,18.0
76779,37.0
76786,20.0
76796,36.0
76806,34.0
76815,31.0
76825,20.0
76830,26.0
76840,28.0
76850,28.0
76852,18.0
76854,16.0
76864,34.0
76874,29.0
76884,30.0
76885,17.0
76895,37.0
76904,37.0
76914,34.0
76924,39.0
76925,17.0
76933,31.0
76943,27.0
76946,18.0
76956,28.0
76958,17.0
76968,33.0
76973,24.0
76983,34.0
76993,26.0
76998,17.0
77008,31.0
77016,30.0
77026,32.0
77036,25.0
77038,17.0
77048,29.0
77058,25.0
77059,16.0
77066,27.0
77076,21.0
77086,32.0
77089,16.0
77099,34.0
77109,30.0
77119,23.0
77129,27.0
77131,18.0
77133,19.0
77137,13.0
77138,16.0
77139,0.0
77149,16.0
77156,29.0
77162,27.0
77172,37.0
77182,28.0
77186,16.0
77196,38.0
77206,28.0
77216,31.0
77226,27.0
77236,31.0
77241,16.0
77251,27.0
77261,29.0
77265,16.0
77272,34.0
77273,16.0
77283,28.0
77293,31.0
77301,36.0
77311,29.0
77321,19.0
77331,28.0
77335,19.0
77345,14.0
77353,29.0
77363,23.0
77368,18.0
77378,31.0
77388,34.0
77398,29.0
77408,28.0
77411,15.0
77421,25.0
77431,39.0
77441,27.0
77451,26.0
77461,25.0
77471,32.0
77481,27.0
77491,27.0
77495,15.0
77499,16.0
77507,27.0
77517,21.0
77527,35.0
77535,32.0
77537,18.0
77538,16.0
77548,22.0
77558,38.0
77568,33.0
77572,18.0
77574,18.0
77580,15.0
77590,28.0
77600,33.0
77610,26.0
77619,15.0
77626,24.0
77636,25.0
77639,17.0
77640,18.0
77648,23.0
77657,31.0
77667,23.0
77677,28.0
77687,22.0
77697,44.0
77707,26.0
77717,23.0
77727,33.0
77736,23.0
77746,35.0
77752,20.0
77762,30.0
77766,14.0
77776,33.0
77786,31.0
77787,19.0
77797,35.0
77807,36.0
77817,39.0
77827,25.0
77837,38.0
77838,18.0
77848,29.0
77858,29.0
77866,25.0
77867,19.0
77877,41.0
77882,16.0
77892,33.0
77896,17.0
77906,26.0
77916,18.0
77923,28.0
77927,16.0
77937,24.0
77947,22.0
77954,24.0
77962,15.0
77971,27.0
77976,16.0
77986,27.0
77996,34.0
78006,22.0
78011,24.0
78016,24.0
78026,31.0
78036,37.0
78046,27.0
78056,33.0
78066,33.0
78076,20.0
78086,30.0
78091,15.0
78096,14.0
78101,36.0
78111,27.0
78121,21.0
78131,29.0
78141,37.0
78151,24.0
78161,31.0
78171,34.0
78181,21.0
78191,27.0
78201,37.0
78211,33.0
78216,17.0
78226,42.0
78236,30.0
78246,30.0
78256,23.0
78266,30.0
78276,38.0
78281,16.0
78290,30.0
78300,24.0
78310,14.0
78315,18.0
78325,26.0
78335,34.0
78345,26.0
78355,31.0
78365,26.0
78370,16.0
78380,23.0
78390,28.0
78394,17.0
78404,29.0
78412,21.0
78422,23.0
78432,17.0
78442,29.0
78449,23.0
78451,16.0
78461,30.0
78471,17.0
78481,32.0
78487,25.0
78491,17.0
78499,30.0
78503,16.0
78506,18.0
78507,18.0
78517,29.0
78523,29.0
78533,28.0
78536,17.0
78540,16.0
78550,30.0
78555,27.0
78562,32.0
78572,35.0
78582,32.0
78592,35.0
78602,39.0
78612,22.0
78622,33.0
78632,35.0
78639,27.0
78648,24.0
78655,27.0
78660,16.0
78661,17.0
78667,23.0
78677,23.0
78684,19.0
78689,17.0
78699,38.0
78709,27.0
78718,38.0
78728,30.0
78738,25.0
78748,17.0
78753,24.0
78758,18.0
78768,26.0
78771,16.0
78781,31.0
78786,23.0
78796,27.0
78803,22.0
78813,36.0
78823,27.0
78833,33.0
78843,32.0
78845,17.0
78847,16.0
78857,28.0
78867,27.0
78877,17.0
78884,26.0
78894,34.0
78904,29.0
78905,19.0
78915,27.0
78925,37.0
78935,17.0
78945,25.0
78955,23.0
78965,32.0
78975,20.0
78976,15.0
78982,36.0
78992,30.0
78998,16.0
79000,17.0
79005,15.0
79015,30.0
79025,28.0
79035,35.0
79045,30.0
79054,28.0
79064,28.0
79072,29.0
79082,29.0
79087,20.0
79094,22.0
79104,22.0
79108,15.0
79118,35.0
79128,26.0
79138,26.0
79145,25.0
79155,25.0
79165,39.0
79170,28.0
79171,17.0
79181,36.0
79191,32.0
79200,32.0
79201,17.0
79211,29.0
79221,22.0
79231,24.0
79240,35.0
79246,14.0
79256,33.0
79266,27.0
79276,31.0
79286,20.0
79296,29.0
79301,19.0
79307,16.0
79317,29.0
79327,33.0
79337,32.0
79340,17.0
79350,20.0
79360,28.0
79370,19.0
79380,29.0
79390,31.0
79392,16.0
79402,31.0
79412,29.0
79422,33.0
79432,24.0
79442,25.0
79443,15.0
79453,33.0
79456,16.0
79466,31.0
79476,37.0
79479,18.0
79489,25.0
79499,25.0
79509,32.0
79519,37.0
79529,26.0
79539,29.0
79549,28.0
79554,16.0
79564,39.0
79566,17.0
79569,17.0
79571,0.0
79575,17.0
79581,18.0
79590,36.0
79600,25.0
79610,23.0
79620,24.0
79630,33.0
79640,28.0
79648,24.0
79658,33.0
79668,34.0
79678,26.0
79688,25.0
79698,20.0
79708,32.0
79709,14.0
79719,24.0
79729,32.0
79739,35.0
79746,21.0
79748,17.0
79750,18.0
79760,30.0
79770,26.0
79780,28.0
79790,34.0
79794,17.0
79800,33.0
79810,33.0
79816,33.0
79820,17.0
79822,16.0
79832,34.0
79842,30.0
79846,17.0
79856,29.0
79866,28.0
79873,27.0
79883,23.0
79887,16.0
79897,31.0
79907,32.0
79910,16.0
79920,30.0
79930,26.0
79940,30.0
79950,27.0
79960,23.0
79970,33.0
79975,29.0
79985,25.0
79995,27.0
80005,28.0
80015,24.0
80025,28.0
80033,27.0
80043,31.0
80053,28.0
80055,17.0
80065,30.0
80075,35.0
80085,27.0
80095,39.0
80102,21.0
80112,29.0
80117,27.0
80127,27.0
80137,32.0
80144,23.0
80151,24.0
80157,29.0
80160,16.0
80168,26.0
80178,32.0
80188,21.0
80198,30.0
80204,25.0
80211,17.0
80221,20.0
80231,35.0
80241,34.0
80251,37.0
80261,26.0
80271,28.0
80272,17.0
80279,15.0
80289,27.0
80299,28.0
80309,23.0
80319,27.0
80329,26.0
80339,32.0
80349,29.0
80359,22.0
80369,24.0
80379,32.0
80382,14.0
80392,26.0
80402,32.0
80406,16.0
80416,30.0
80426,22.0
80432,24.0
80442,27.0
80452,32.0
80462,35.0
80472,30.0
80482,38.0
80489,29.0
80494,16.0
80495,15.0
80497,18.0
80500,18.0
80510,32.0
80511,19.0
80520,26.0
80530,31.0
80540,28.0
80550,33.0
80560,30.0
80570,24.0
80580,39.0
80590,31.0
80600,28.0
80602,17.0
80612,29.0
80621,23.0
80631,29.0
80641,23.0
80651,32.0
80661,34.0
80667,21.0
80677,18.0
80680,18.0
80690,31.0
80700,26.0
80710,34.0
80712,15.0
80722,29.0
80732,28.0
80742,26.0
80752,33.0
80762,21.0
80772,30.0
80777,17.0
80787,39.0
80797,29.0
80805,17.0
80815,22.0
80825,32.0
80835,21.0
80845,34.0
80850,19.0
80851,15.0
80861,24.0
80862,17.0
80872,31.0
80874,19.0
80875,17.0
80885,30.0
80890,17.0
80900,24.0
80910,32.0
80917,17.0
80927,31.0
80928,17.0
80933,15.0
80943,31.0
80953,26.0
80959,26.0
80969,36.0
80979,22.0
80989,28.0
80999,28.0
81009,26.0
81015,15.0
81025,37.0
81035,17.0
81045,26.0
81049,18.0
81059,35.0
81069,24.0
81079,17.0
81089,27.0
81090,18.0
81100,34.0
81108,21.0
81118,34.0
81128,28.0
81138,36.0
81148,26.0
81158,25.0
81161,14.0
81162,17.0
81169,36.0
81172,16.0
81182,35.0
81192,23.0
81199,27.0
81209,28.0
81219,25.0
81229,35.0
81235,17.0
81245,29.0
81255,32.0
81260,22.0
81270,38.0
81272,17.0
81282,27.0
81292,35.0
81295,18.0
81305,36.0
81315,36.0
81316,18.0
81326,28.0
81329,17.0
81330,18.0
81334,20.0
81344,24.0
81345,18.0
81355,38.0
81364,34.0
81374,24.0
81384,28.0
81388,16.0
81398,24.0
81401,17.0
81411,37.0
81421,32.0
81431,23.0
81432,0.0
81442,39.0
81448,23.0
81458,35.0
81468,32.0
81478,26.0
81481,16.0
81488,29.0
81497,23.0
81507,32.0
81508,18.0
81517,24.0
81527,18.0
81533,21.0
81540,35.0
81550,22.0
81557,22.0
81563,17.0
81573,26.0
81574,17.0
81581,25.0
81591,24.0
81601,26.0
81611,33.0
81621,36.0
81627,24.0
81637,25.0
81641,19.0
81649,27.0
81655,33.0
81665,30.0
81667,18.0
81674,30.0
81684,30.0
81694,24.0
81704,32.0
81714,30.0
81720,23.0
81730,33.0
81740,27.0
81743,16.0
81753,37.0
81755,17.0
81765,32.0
81775,31.0
81785,20.0
81795,36.0
81805,21.0
81815,26.0
81825,32.0
81828,16.0
81829,18.0
81831,17.0
81841,36.0
81843,17.0
81853,28.0
81863,33.0
81873,39.0
81883,21.0
81893,26.0
81895,18.0
81905,26.0
81915,31.0
81925,21.0
81928,18.0
81938,37.0
81948,20.0
81958,36.0
81961,14.0
81971,33.0
81981,36.0
81982,16.0
81991,28.0
81996,18.0
82006,32.0
82007,17.0
82009,17.0
82019,33.0
82029,32.0
82039,26.0
82049,30.0
82059,23.0
82069,31.0
82079,40.0
82089,27.0
82099,39.0
82109,28.0
82113,18.0
82121,25.0
82131,29.0
82135,15.0
82145,26.0
82155,32.0
82165,27.0
82175,34.0
82185,24.0
82195,38.0
82196,17.0
82199,17.0
82202,17.0
82212,30.0
82222,29.0
82232,35.0
82242,30.0
82252,40.0
82257,21.0
82265,27.0
82275,28.0
82285,35.0
82295,32.0
82305,41.0
82315,32.0
82316,17.0
82326,29.0
82336,27.0
82346,28.0
82356,21.0
82366,36.0
82372,27.0
82382,33.0
82392,28.0
82402,32.0
82412,25.0
82422,24.0
82429,17.0
82439,32.0
82445,36.0
82455,35.0
82465,32.0
82466,17.0
82472,24.0
82482,20.0
82484,17.0
82494,29.0
82504,30.0
82514,28.0
82517,16.0
82527,21.0
82537,27.0
82547,38.0
82557,39.0
82567,32.0
82572,16.0
82574,15.0
82584,26.0
82594,26.0
82600,14.0
82603,18.0
82607,17.0
82617,29.0
82618,18.0
82628,24.0
82638,31.0
82643,18.0
82653,23.0
82663,25.0
82668,26.0
82678,21.0
82679,15.0
82689,18.0
82694,23.0
82704,34.0
82709,18.0
82710,16.0
82720,27.0
82730,31.0
82740,29.0
82750,28.0
82760,36.0
82770,34.0
82780,17.0
82790,30.0
82800,34.0
82802,18.0
82809,31.0
82819,29.0
82829,37.0
82839,31.0
82849,30.0
82859,25.0
82869,25.0
82877,24.0
82887,27.0
82893,22.0
82896,16.0
82906,31.0
82912,16.0
82922,28.0
82932,28.0
82942,26.0
82952,24.0
82962,33.0
82965,18.0
82975,24.0
82985,30.0
82995,18.0
83003,30.0
83013,29.0
83018,17.0
83022,16.0
83032,30.0
83033,16.0
83043,19.0
83053,30.0
83063,31.0
83064,19.0
83068,15.0
83078,36.0
83086,24.0
83096,34.0
83106,22.0
83107,17.0
83117,24.0
83118,15.0
83128,32.0
83138,28.0
83148,25.0
83158,23.0
83168,28.0
83178,23.0
83188,28.0
83198,38.0
83205,26.0
83215,24.0
83219,17.0
83229,26.0
83239,36.0
83240,16.0
83250,30.0
83260,29.0
83267,22.0
83276,27.0
83286,29.0
83296,31.0
83306,32.0
83316,32.0
83326,32.0
83329,17.0
83339,31.0
83349,26.0
83352,18.0
83353,18.0
83361,33.0
83371,33.0
83381,46.0
83383,19.0
83393,28.0
83396,18.0
83404,19.0
83414,32.0
83424,37.0
83425,18.0
83435,27.0
83445,29.0
83450,17.0
83454,17.0
83464,26.0
83474,30.0
83484,31.0
83494,30.0
83504,34.0
83505,0.0
83510,26.0
83513,18.0
83519,19.0
83529,22.0
83532,16.0
83538,27.0
83541,14.0
83551,31.0
83552,18.0
83562,25.0
83572,32.0
83582,29.0
83592,37.0
83602,37.0
83612,27.0
83622,27.0
83625,15.0
83635,27.0
83645,19.0
83652,38.0
83655,17.0
83658,15.0
83668,21.0
83678,33.0
83683,17.0
83693,26.0
83703,25.0
83713,26.0
83715,16.0
83716,17.0
83717,14.0
83727,31.0
83737,24.0
83743,36.0
83747,15.0
83757,29.0
83767,32.0
83769,17.0
83779,29.0
83789,33.0
83790,13.0
83800,25.0
83810,44.0
83817,29.0
83821,18.0
83828,25.0
83838,28.0
83845,32.0
83855,29.0
83865,38.0
83866,17.0
83876,41.0
83886,38.0
83896,23.0
83902,21.0
83912,31.0
83922,28.0
83932,39.0
83942,27.0
83952,31.0
83959,27.0
83969,34.0
83979,37.0
83989,25.0
83994,14.0
84004,38.0
84005,18.0
84015,32.0
84025,31.0
84029,16.0
84030,19.0
84040,33.0
84042,15.0
84052,19.0
84062,24.0
84072,27.0
84082,35.0
84083,16.0
84093,28.0
84099,26.0
84109,33.0
84117,28.0
84127,26.0
84128,16.0
84138,28.0
84148,33.0
84153,17.0
84163,32.0
84173,35.0
84183,35.0
84193,28.0
84203,34.0
84208,24.0
84214,25.0
84224,35.0
84234,34.0
84238,15.0
84239,17.0
84249,32.0
84259,32.0
84269,21.0
84279,36.0
84281,16.0
84291,28.0
84300,29.0
84310,35.0
84319,26.0
84329,28.0
84339,22.0
84340,16.0
84350,26.0
84353,15.0
84363,35.0
84373,25.0
84381,22.0
84385,17.0
84389,16.0
84399,26.0
84409,22.0
84419,34.0
84429,29.0
84431,16.0
84441,19.0
84444,17.0
84454,29.0
84464,34.0
84474,32.0
84484,30.0
84494,27.0
84504,27.0
84514,23.0
84518,14.0
84528,40.0
84538,36.0
84542,17.0
84549,25.0
84552,17.0
84562,30.0
84567,29.0
84577,27.0
84587,36.0
84597,30.0
84598,19.0
84608,32.0
84618,23.0
84628,27.0
84634,16.0
84644,28.0
84654,33.0
84658,17.0
84668,39.0
84678,29.0
84680,16.0
84684,16.0
84686,17.0
84696,16.0
84706,28.0
84716,21.0
84717,19.0
84726,19.0
84736,29.0
84740,16.0
84750,28.0
84751,18.0
84761,32.0
84771,26.0
84781,36.0
84786,27.0
84796,25.0
84806,39.0
84808,17.0
84818,24.0
84828,19.0
84838,28.0
84848,33.0
84854,18.0
84864,14.0
84874,37.0
84878,15.0
84885,16.0
84895,25.0
84899,17.0
84909,24.0
84919,24.0
84929,31.0
84939,23.0
84947,37.0
84949,19.0
84959,31.0
84969,48.0
84971,16.0
84978,27.0
84988,29.0
84998,31.0
85008,31.0
85016,24.0
85019,16.0
85029,33.0
85039,20.0
85044,17.0
85052,26.0
85062,17.0
85072,32.0
85082,32.0
85092,23.0
85095,14.0
85097,18.0
85101,18.0
85111,34.0
85121,28.0
85131,33.0
85141,25.0
85151,38.0
85161,30.0
85163,14.0
85173,28.0
85176,18.0
85186,24.0
85193,25.0
85200,25.0
85201,16.0
85206,15.0
85207,18.0
85210,14.0
85220,25.0
85230,26.0
85240,31.0
85250,24.0
85260,35.0
85270,33.0
85280,28.0
85288,21.0
85297,23.0
85307,22.0
85312,23.0
85322,23.0
85332,30.0
85342,33.0
85352,26.0
85356,19.0
85366,33.0
85376,33.0
85386,28.0
85396,33.0
85406,30.0
85408,15.0
85415,23.0
85425,30.0
85435,33.0
85442,34.0
85452,21.0
85458,20.0
85459,19.0
85463,15.0
85467,17.0
85477,18.0
85487,25.0
85497,37.0
85498,16.0
85508,35.0
85518,30.0
85523,17.0
85524,17.0
85531,37.0
85541,35.0
85551,35.0
85561,29.0
85571,35.0
85578,27.0
85586,30.0
85591,27.0
85596,19.0
85606,24.0
85609,19.0
85619,29.0
85621,17.0
85631,19.0
85641,28.0
85645,18.0
85646,0.0
85650,19.0
85660,25.0
85670,15.0
85680,29.0
85683,17.0
85693,16.0
85701,20.0
85711,31.0
85721,26.0
85731,30.0
85740,33.0
85750,29.0
85760,24.0
85765,23.0
85775,22.0
85785,26.0
85787,15.0
85788,17.0
85798,23.0
85808,28.0
85811,16.0
85818,34.0
85828,29.0
85838,29.0
85841,15.0
85842,16.0
85849,25.0
85859,25.0
85869,28.0
85879,22.0
85889,32.0
85899,27.0
85909,31.0
85910,16.0
85917,26.0
85922,23.0
85924,16.0
85934,27.0
85944,24.0
85954,34.0
85958,16.0
85964,24.0
85974,33.0
85977,17.0
85987,43.0
85997,28.0
85999,19.0
86008,32.0
86018,35.0
86019,19.0
86028,28.0
86033,16.0
86043,24.0
86053,30.0
86054,19.0
86064,20.0
86074,24.0
86079,16.0
86089,38.0
86099,36.0
86109,29.0
86119,24.0
86129,22.0
86139,36.0
86149,25.0
86159,21.0
86169,23.0
86171,18.0
86180,23.0
86190,27.0
86200,26.0
86210,29.0
86220,36.0
86230,29.0
86240,29.0
86245,13.0
86254,31.0
86264,31.0
86274,28.0
86284,31.0
86292,25.0
86296,17.0
86306,32.0
86316,24.0
86326,32.0
86336,34.0
86342,31.0
86352,20.0
86355,16.0
86365,24.0
86375,33.0
86385,31.0
86395,28.0
86404,30.0
86414,24.0
86422,32.0
86432,21.0
86442,32.0
86451,37.0
86461,38.0
86462,17.0
86472,21.0
86475,17.0
86485,33.0
86486,16.0
86496,34.0
86497,17.0
86499,18.0
86509,31.0
86513,17.0
86523,40.0
86533,29.0
86534,17.0
86544,34.0
86554,25.0
86556,15.0
86566,35.0
86576,33.0
86586,19.0
86596,29.0
86606,34.0
86616,24.0
86626,19.0
86636,31.0
86646,29.0
86649,16.0
86659,29.0
86669,33.0
86671,17.0
86672,14.0
86674,16.0
86682,28.0
86692,37.0
86702,24.0
86705,16.0
86713,29.0
86718,31.0
86720,18.0
86727,23.0
86737,34.0
86747,34.0
86757,27.0
86767,22.0
86775,32.0
86783,30.0
86793,32.0
86802,16.0
86810,26.0
86820,27.0
86828,25.0
86833,15.0
86843,24.0
86853,26.0
86859,31.0
86864,24.0
86870,29.0
86871,16.0
86874,18.0
86884,31.0
86889,29.0
86895,21.0
86905,30.0
86915,16.0
86919,16.0
86928,38.0
86938,33.0
86948,36.0
86953,23.0
86959,23.0
86969,37.0
86979,31.0
86984,30.0
86994,27.0
87004,28.0
87011,32.0
87021,26.0
87025,16.0
87033,27.0
87043,41.0
87053,34.0
87063,27.0
87073,33.0
87080,30.0
87090,29.0
87100,27.0
87107,21.0
87117,34.0
87127,23.0
87130,16.0
87138,28.0
87148,28.0
87158,20.0
87159,15.0
87162,16.0
87167,25.0
87174,34.0
87183,31.0
87193,38.0
87203,36.0
87213,39.0
87223,35.0
87233,19.0
87243,28.0
87253,30.0
87260,29.0
87270,22.0
87280,27.0
87283,18.0
87293,26.0
87299,26.0
87303,17.0
87313,32.0
87323,31.0
87333,17.0
87335,16.0
87345,32.0
87353,25.0
87363,30.0
87373,32.0
87383,20.0
87393,42.0
87403,29.0
87413,33.0
87422,29.0
87432,17.0
87442,27.0
87447,24.0
87452,23.0
87456,19.0
87466,24.0
87476,33.0
87482,16.0
87492,32.0
87499,30.0
87509,39.0
87513,19.0
87523,35.0
87530,36.0
87540,41.0
87550,26.0
87560,29.0
87570,29.0
87578,24.0
87582,17.0
87592,20.0
87602,24.0
87612,24.0
87622,35.0
87632,25.0
87634,16.0
87644,27.0
87652,27.0
87657,19.0
87667,31.0
87677,34.0
87679,15.0
87686,32.0
87691,18.0
87701,27.0
87711,27.0
87717,29.0
87727,21.0
87737,37.0
87740,18.0
87750,23.0
87760,24.0
87770,18.0
87780,34.0
87789,26.0
87799,33.0
87803,16.0
87813,32.0
87816,17.0
87826,27.0
87836,35.0
87839,14.0
87849,31.0
87859,24.0
87860,16.0
87870,21.0
87880,23.0
87890,35.0
87900,23.0
87910,33.0
87920,26.0
87930,24.0
87931,17.0
87939,22.0
87949,25.0
87954,37.0
87964,20.0
87974,36.0
87984,26.0
87991,35.0
88001,29.0
88008,32.0
88014,22.0
88021,21.0
88023,18.0
88033,21.0
88043,31.0
88053,31.0
88063,23.0
88073,18.0
88083,24.0
88092,34.0
88102,34.0
88103,19.0
88113,28.0
88123,33.0
88132,34.0
88134,18.0
88137,19.0
88142,15.0
88146,17.0
88148,16.0
88151,17.0
88153,18.0
88163,28.0
88173,25.0
88183,35.0
88193,34.0
88203,29.0
88213,28.0
88216,14.0
88220,14.0
88227,29.0
88237,27.0
88247,36.0
88257,31.0
88267,17.0
88268,18.0
88277,26.0
88285,31.0
88295,28.0
88305,31.0
88315,26.0
88316,15.0
88317,16.0
88327,36.0
88330,14.0
88340,31.0
88350,33.0
88360,20.0
88363,16.0
88373,24.0
88383,26.0
88386,16.0
88396,29.0
88405,28.0
88410,35.0
88413,15.0
88415,16.0
88425,21.0
88435,34.0
88445,36.0
88455,33.0
88465,26.0
88475,30.0
88480,16.0
88487,28.0
88497,28.0
88507,32.0
88517,26.0
88524,19.0
88534,23.0
88544,21.0
88554,36.0
88555,17.0
88559,18.0
88569,33.0
88574,32.0
88576,18.0
88577,17.0
88578,18.0
88586,23.0
88593,19.0
88603,26.0
88608,14.0
88618,29.0
88628,22.0
88634,21.0
88635,19.0
88645,23.0
88655,37.0
88665,21.0
88675,33.0
88685,18.0
88695,33.0
88705,28.0
88715,29.0
88725,31.0
88735,25.0
88745,30.0
88755,28.0
88763,33.0
88766,17.0
88776,30.0
88786,30.0
88790,18.0
88800,36.0
88810,23.0
88813,18.0
88814,16.0
88817,17.0
88827,18.0
88836,35.0
88846,31.0
88856,41.0
88866,30.0
88876,26.0
88884,22.0
88886,17.0
88896,25.0
88898,17.0
88908,33.0
88918,30.0
88928,25.0
88938,26.0
88948,31.0
88958,33.0
88968,25.0
88976,22.0
88980,17.0
88986,23.0
88996,21.0
88997,18.0
89007,36.0
89017,24.0
89027,27.0
89037,28.0
89038,17.0
89048,23.0
89049,17.0
89059,27.0
89069,39.0
89079,36.0
89089,33.0
89099,27.0
89109,27.0
89119,29.0
89129,28.0
89130,16.0
89140,22.0
89150,28.0
89160,29.0
89166,16.0
89176,29.0
89183,29.0
89193,23.0
89200,30.0
89210,30.0
89220,26.0
89230,26.0
89240,25.0
89245,19.0
89252,25.0
89262,23.0
89272,18.0
89282,25.0
89292,27.0
89302,24.0
89312,35.0
89313,17.0
89323,30.0
89327,18.0
89337,30.0
89347,41.0
89353,14.0
89363,37.0
89373,26.0
89383,23.0
89393,21.0
89400,23.0
89410,31.0
89420,30.0
89430,29.0
89431,16.0
89434,18.0
89444,39.0
89454,36.0
89458,16.0
89465,22.0
89475,27.0
89485,27.0
89495,35.0
89505,23.0
89513,37.0
89523,32.0
89533,36.0
89543,16.0
89545,15.0
89548,16.0
89558,23.0
89568,27.0
89577,22.0
89587,22.0
89596,33.0
89606,37.0
89616,32.0
89626,36.0
89636,27.0
89640,17.0
89650,27.0
89660,31.0
89670,26.0
89680,33.0
89690,40.0
89700,28.0
89705,26.0
89715,25.0
89725,29.0
89735,29.0
89745,22.0
89755,25.0
89761,16.0
89769,26.0
89779,25.0
89789,31.0
89799,23.0
89809,26.0
89813,17.0
89823,23.0
89833,24.0
89843,16.0
89853,38.0
89857,15.0
89867,23.0
89877,21.0
89887,34.0
89892,15.0
89902,28.0
89908,23.0
89911,18.0
89913,15.0
89923,40.0
89927,16.0
89937,29.0
89942,27.0
89952,26.0
89962,22.0
89963,16.0
89967,17.0
89977,32.0
89986,19.0
89996,23.0
90006,22.0
90011,18.0
90021,28.0
90028,30.0
90038,34.0
90048,39.0
90058,23.0
90059,17.0
90069,31.0
90079,23.0
90089,29.0
90099,28.0
90106,22.0
90116,30.0
90121,22.0
90131,27.0
90141,35.0
90151,26.0
90159,25.0
90168,35.0
90178,33.0
90183,31.0
90193,31.0
90203,31.0
90213,26.0
90223,22.0
90233,22.0
90243,28.0
90245,18.0
90255,25.0
90265,33.0
90275,26.0
90285,32.0
90295,19.0
90304,30.0
90314,33.0
90319,16.0
90324,26.0
90334,30.0
90340,16.0
90350,26.0
90360,21.0
90370,27.0
90380,24.0
90385,34.0
90395,28.0
90405,34.0
90415,25.0
90425,32.0
90435,36.0
90442,19.0
90452,24.0
90462,34.0
90472,26.0
90482,23.0
90484,16.0
90489,17.0
90499,43.0
90509,25.0
90519,22.0
90529,26.0
90539,34.0
90542,16.0
90549,32.0
90554,18.0
90556,15.0
90566,21.0
90574,26.0
90584,28.0
90594,33.0
90595,16.0
90605,35.0
90615,31.0
90625,28.0
90635,26.0
90639,15.0
90646,30.0
90656,32.0
90666,32.0
90676,33.0
90686,26.0
90688,18.0
90690,17.0
90700,21.0
90710,22.0
90720,32.0
90730,21.0
90738,34.0
90748,22.0
90749,17.0
90751,16.0
90760,18.0
90768,27.0
90778,32.0
90784,27.0
90794,24.0
90804,27.0
90807,18.0
90815,23.0
90820,16.0
90830,28.0
90831,15.0
90841,25.0
90843,16.0
90853,33.0
90857,18.0
90867,34.0
90877,28.0
90887,29.0
90897,24.0
90898,18.0
90904,17.0
90909,19.0
90919,24.0
90929,30.0
90939,31.0
90949,25.0
90953,16.0
90963,33.0
90966,16.0
90976,28.0
90986,39.0
90996,26.0
91006,28.0
91016,30.0
91026,37.0
91036,27.0
91046,24.0
91056,33.0
91066,44.0
91076,23.0
91086,36.0
91096,31.0
91098,16.0
91108,37.0
91113,28.0
91117,16.0
91127,30.0
91136,23.0
91146,32.0
91156,33.0
91166,29.0
91172,16.0
91179,26.0
91184,17.0
91194,32.0
91204,31.0
91206,14.0
91216,22.0
91218,18.0
91228,32.0
91238,29.0
91248,33.0
91258,35.0
91268,18.0
91278,36.0
91288,21.0
91296,36.0
91302,25.0
91312,32.0
91322,31.0
91332,29.0
91342,35.0
91352,37.0
91356,18.0
91357,15.0
91367,26.0
91375,36.0
91381,27.0
91383,19.0
91386,18.0
91389,17.0
91394,24.0
91404,26.0
91414,24.0
91424,28.0
91432,27.0
91442,23.0
91450,25.0
91460,23.0
91468,34.0
91478,40.0
91481,16.0
91482,17.0
91492,27.0
91502,29.0
91512,27.0
91522,31.0
91530,24.0
91538,29.0
91548,23.0
91558,33.0
91568,29.0
91578,29.0
91588,29.0
91598,26.0
91608,26.0
91613,16.0
91623,27.0
91633,23.0
91638,18.0
91648,30.0
91652,15.0
91662,30.0
91664,16.0
91674,36.0
91684,24.0
91694,32.0
91704,31.0
91714,32.0
91724,35.0
91728,16.0
91738,28.0
91748,32.0
91758,21.0
91763,17.0
91773,20.0
91783,37.0
91793,24.0
91803,33.0
91813,31.0
91823,32.0
91833,25.0
91843,29.0
91849,31.0
91859,30.0
91869,41.0
91879,31.0
91883,17.0
91887,12.0
91888,19.0
91898,21.0
91908,32.0
91909,17.0
91915,29.0
91920,17.0
91930,33.0
91936,15.0
91946,35.0
91956,13.0
91964,29.0
91968,18.0
91969,18.0
91978,38.0
91988,28.0
91998,29.0
92008,33.0
92018,23.0
92020,16.0
92030,30.0
92034,17.0
92043,33.0
92053,32.0
92054,16.0
92064,30.0
92074,34.0
92080,27.0
92085,28.0
92095,30.0
92096,17.0
92106,23.0
92116,42.0
92117,15.0
92127,27.0
92129,17.0
92139,27.0
92143,18.0
92153,28.0
92160,24.0
92170,16.0
92180,30.0
92190,26.0
92199,31.0
92209,31.0
92219,16.0
92229,33.0
92233,17.0
92236,17.0
92242,17.0
92245,16.0
92250,23.0
92254,15.0
92264,26.0
92268,15.0
92272,15.0
92282,19.0
92292,23.0
92299,30.0
92309,28.0
92319,35.0
92321,18.0
92331,33.0
92341,27.0
92351,29.0
92361,20.0
92368,19.0
92373,28.0
92383,30.0
92393,29.0
92400,19.0
92410,39.0
92420,30.0
92428,32.0
92438,31.0
92447,22.0
92448,18.0
92458,28.0
92465,19.0
92475,24.0
92477,14.0
92482,17.0
92492,30.0
92493,14.0
92498,18.0
92508,26.0
92518,18.0
92526,36.0
92533,15.0
92543,40.0
92553,32.0
92563,23.0
92571,16.0
92573,16.0
92583,37.0
92592,32.0
92593,16.0
92594,19.0
92604,26.0
92608,16.0
92618,31.0
92628,26.0
92638,28.0
92648,30.0
92658,33.0
92660,17.0
92670,37.0
92671,15.0
92681,28.0
92691,32.0
92694,16.0
92700,24.0
92710,25.0
92720,31.0
92723,17.0
92733,34.0
92740,28.0
92741,17.0
92751,29.0
92761,28.0
92771,30.0
92781,22.0
92791,24.0
92795,17.0
92805,28.0
92815,18.0
92816,18.0
92826,34.0
92827,19.0
92830,16.0
92840,29.0
92847,21.0
92854,31.0
92864,29.0
92874,24.0
92884,42.0
92892,25.0
92896,19.0
92904,27.0
92905,16.0
92913,20.0
92918,24.0
92924,22.0
92934,28.0
92938,15.0
92948,28.0
92958,26.0
92960,17.0
92970,27.0
92980,25.0
92990,25.0
92994,15.0
93004,26.0
93014,25.0
93024,29.0
93031,30.0
93040,28.0
93050,36.0
93060,36.0
93065,23.0
93070,25.0
93079,32.0
93089,20.0
93099,33.0
93109,24.0
93110,15.0
93120,26.0
93130,30.0
93137,21.0
93138,16.0
93148,33.0
93153,29.0
93161,31.0
93171,34.0
93181,33.0
93191,29.0
93201,31.0
93211,32.0
93221,22.0
93227,21.0
93237,29.0
93247,27.0
93257,37.0
93266,32.0
93275,36.0
93277,15.0
93278,0.0
93288,39.0
93293,17.0
93303,28.0
93313,28.0
93323,27.0
93333,33.0
93343,27.0
93353,22.0
93363,33.0
93373,32.0
93383,30.0
93393,28.0
93403,34.0
93413,27.0
93423,29.0
93433,29.0
93443,30.0
93452,19.0
93461,24.0
93471,34.0
93478,23.0
93482,16.0
93492,38.0
93496,19.0
93500,16.0
93510,25.0
93513,17.0
93523,31.0
93533,25.0
93543,32.0
93546,17.0
93547,16.0
93557,25.0
93567,30.0
93577,39.0
93587,23.0
93597,29.0
93607,29.0
93617,24.0
93627,32.0
93637,36.0
93647,27.0
93657,36.0
93667,22.0
93675,23.0
93685,34.0
93695,27.0
93705,35.0
93715,30.0
93725,25.0
93730,15.0
93740,25.0
93750,25.0
93754,17.0
93762,27.0
93767,22.0
93777,31.0
93787,28.0
93797,28.0
93807,29.0
93817,27.0
93827,26.0
93831,18.0
93841,20.0
93851,28.0
93852,15.0
93861,27.0
93871,33.0
93881,21.0
93888,30.0
93898,30.0
93908,30.0
93916,23.0
93926,28.0
93936,31.0
93937,17.0
93947,35.0
93957,32.0
93962,23.0
93972,20.0
93977,32.0
93987,26.0
93997,34.0
94003,18.0
94013,25.0
94023,32.0
94033,30.0
94042,23.0
94052,25.0
94062,36.0
94065,17.0
94075,30.0
94083,34.0
94090,28.0
94100,26.0
94110,27.0
94120,25.0
94130,36.0
94140,31.0
94150,30.0
94155,25.0
94159,17.0
94169,24.0
94179,25.0
94185,21.0
94195,35.0
94205,31.0
94208,18.0
94218,26.0
94224,22.0
94234,31.0
94244,26.0
94247,15.0
94257,38.0
94267,39.0
94277,21.0
94280,15.0
94290,20.0
94300,31.0
94308,21.0
94318,30.0
94327,38.0
94337,31.0
94347,34.0
94348,19.0
94358,25.0
94368,29.0
94378,40.0
94388,28.0
94398,20.0
94408,27.0
94410,17.0
94420,25.0
94429,33.0
94439,29.0
94449,27.0
94457,28.0
94467,31.0
94468,17.0
94478,31.0
94481,17.0
94483,14.0
94493,32.0
94503,19.0
94513,26.0
94523,23.0
94533,34.0
94543,25.0
94553,32.0
94563,27.0
94566,17.0
94571,17.0
94581,17.0
94591,22.0
94601,25.0
94611,40.0
94621,20.0
94631,23.0
94637,16.0
94647,30.0
94657,32.0
94667,33.0
94668,17.0
94669,15.0
94670,18.0
94676,31.0
94686,26.0
94690,18.0
94700,38.0
94710,35.0
94720,19.0
94730,26.0
94740,27.0
94750,24.0
94760,20.0
94770,29.0
94780,31.0
94790,33.0
94800,28.0
94810,26.0
94817,36.0
94821,19.0
94829,25.0
94839,35.0
94847,27.0
94857,30.0
94859,16.0
94869,30.0
94879,25.0
94880,16.0
94890,25.0
94891,16.0
94901,24.0
94911,29.0
94921,27.0
94931,23.0
94936,23.0
94946,32.0
94948,17.0
94958,31.0
94968,35.0
94974,35.0
94984,32.0
94994,36.0
94997,18.0
95005,23.0
95015,27.0
95025,24.0
95035,22.0
95045,27.0
95055,31.0
95065,26.0
95075,41.0
95085,23.0
95086,16.0
95096,34.0
95106,34.0
95116,31.0
95126,37.0
95136,30.0
95146,28.0
95147,13.0
95150,19.0
95158,19.0
95168,29.0
95178,26.0
95181,18.0
95191,27.0
95193,17.0
95203,23.0
95213,26.0
95217,17.0
95227,30.0
95230,16.0
95231,19.0
95234,18.0
95244,46.0
95245,0.0
95255,29.0
95265,24.0
95275,28.0
95285,29.0
95286,19.0
95296,24.0
95304,31.0
95309,31.0
95319,37.0
95321,17.0
95331,25.0
95335,17.0
95345,27.0
95355,36.0
95365,32.0
95375,30.0
95378,16.0
95386,22.0
95395,24.0
95400,28.0
95410,25.0
95416,25.0
95424,26.0
95429,27.0
95439,27.0
95443,16.0
95453,20.0
95463,25.0
95473,37.0
95483,32.0
95493,28.0
95503,22.0
95505,17.0
95513,21.0
95523,29.0
95533,27.0
95543,29.0
95553,28.0
95563,30.0
95573,28.0
95583,27.0
95593,21.0
95603,30.0
95613,28.0
95623,28.0
95633,31.0
95634,16.0
95644,36.0
95654,22.0
95664,24.0
95674,35.0
95678,18.0
95688,28.0
95689,17.0
95699,23.0
95701,19.0
95711,25.0
95721,33.0
95731,28.0
95732,18.0
95742,33.0
95743,18.0
95753,22.0
95758,16.0
95768,44.0
95778,29.0
95788,38.0
95794,27.0
95804,29.0
95812,25.0
95822,23.0
95832,22.0
95842,27.0
95852,43.0
95854,17.0
95864,34.0
95874,30.0
95884,26.0
95894,49.0
95904,29.0
95914,32.0
95917,14.0
95927,42.0
95937,26.0
95940,16.0
95950,29.0
95956,28.0
95966,24.0
95976,33.0
95985,20.0
95995,28.0
95998,16.0
96003,15.0
96013,31.0
96014,16.0
96024,30.0
96025,15.0
96035,24.0
96045,32.0
96046,19.0
96056,30.0
96066,31.0
96070,17.0
96080,25.0
96081,0.0
96091,42.0
96101,25.0
96111,25.0
96121,44.0
96131,36.0
96135,17.0
96145,23.0
96155,32.0
96165,31.0
96166,16.0
96176,38.0
96186,33.0
96196,15.0
96206,28.0
96216,23.0
96226,27.0
96233,24.0
96243,21.0
96253,31.0
96263,30.0
96273,23.0
96281,18.0
96291,30.0
96301,29.0
96303,15.0
96310,36.0
96320,25.0
96325,19.0
96335,28.0
96345,26.0
96355,26.0
96365,21.0
96375,30.0
96385,26.0
96395,23.0
96400,21.0
96410,26.0
96420,25.0
96430,28.0
96440,38.0
96450,24.0
96460,42.0
96470,28.0
96472,18.0
96482,29.0
96492,29.0
96502,29.0
96512,29.0
96516,17.0
96526,34.0
96536,19.0
96546,28.0
96556,32.0
96566,31.0
96570,18.0
96575,13.0
96585,27.0
96595,24.0
96605,29.0
96611,29.0
96616,28.0
96626,27.0
96636,18.0
96646,34.0
96656,27.0
96666,19.0
96676,25.0
96686,31.0
96688,18.0
96698,25.0
96708,29.0
96718,26.0
96728,32.0
96732,17.0
96739,26.0
96749,26.0
96759,34.0
96769,26.0
96779,36.0
96780,16.0
96790,23.0
96800,21.0
96810,43.0
96818,15.0
96823,16.0
96830,24.0
96840,28.0
96850,23.0
96854,16.0
96855,16.0
96858,13.0
96868,24.0
96878,26.0
96888,35.0
96898,33.0
96908,30.0
96909,18.0
96919,37.0
96929,21.0
96934,17.0
96944,27.0
96954,24.0
96964,32.0
96974,22.0
96984,43.0
96990,31.0
96996,29.0
97006,26.0
97016,28.0
97022,26.0
97032,35.0
97033,19.0
97043,28.0
97053,24.0
97063,30.0
97073,35.0
97083,32.0
97090,26.0
97100,31.0
97110,29.0
97120,26.0
97124,17.0
97134,19.0
97143,33.0
97153,25.0
97158,18.0
97165,21.0
97175,35.0
97185,26.0
97195,24.0
97197,18.0
97207,38.0
97212,25.0
97222,26.0
97226,17.0
97236,26.0
97246,25.0
97256,22.0
97266,26.0
97276,33.0
97286,35.0
97296,24.0
97306,30.0
97316,25.0
97322,32.0
97330,23.0
97340,31.0
97346,32.0
97356,30.0
97366,32.0
97373,22.0
97383,29.0
97393,29.0
97402,30.0
97408,30.0
97418,33.0
97428,40.0
97438,21.0
97448,30.0
97454,20.0
97458,19.0
97462,16.0
97466,17.0
97476,17.0
97477,16.0
97487,28.0
97497,25.0
97504,31.0
97514,30.0
97515,16.0
97525,23.0
97535,22.0
97545,27.0
97555,35.0
97565,23.0
97575,32.0
97578,17.0
97588,33.0
97598,40.0
97608,41.0
97618,27.0
97622,16.0
97632,33.0
97634,17.0
97644,31.0
97654,27.0
97661,18.0
97662,17.0
97672,28.0
97682,33.0
97692,27.0
97702,24.0
97709,27.0
97712,16.0
97722,18.0
97732,34.0
97735,16.0
97745,22.0
97750,32.0
97760,28.0
97770,23.0
97780,24.0
97790,28.0
97791,19.0
97801,33.0
97811,24.0
97821,23.0
97831,22.0
97840,30.0
97845,30.0
97848,17.0
97850,17.0
97860,33.0
97866,30.0
97876,21.0
97886,26.0
97892,24.0
97902,28.0
97912,36.0
97913,17.0
97923,26.0
97926,18.0
97936,25.0
97946,25.0
97956,17.0
97960,16.0
97969,25.0
97979,23.0
97989,23.0
97999,24.0
98009,37.0
98011,14.0
98021,35.0
98029,30.0
98039,39.0
98049,25.0
98059,30.0
98069,26.0
98073,18.0
98083,38.0
98093,34.0
98103,34.0
98113,22.0
98123,30.0
98133,31.0
98137,17.0
98138,15.0
98148,26.0
98150,17.0
98151,16.0
98155,17.0
98165,29.0
98175,33.0
98185,33.0
98195,25.0
98202,20.0
98208,32.0
98218,28.0
98228,24.0
98229,17.0
98239,19.0
98243,16.0
98253,29.0
98263,21.0
98273,30.0
98283,20.0
98284,0.0
98294,36.0
98304,24.0
98314,24.0
98324,30.0
98334,21.0
98344,30.0
98354,32.0
98364,33.0
98374,23.0
98379,14.0
98389,28.0
98399,21.0
98409,30.0
98419,26.0
98424,37.0
98434,25.0
98438,17.0
98446,23.0
98456,35.0
98466,34.0
98476,34.0
98482,28.0
98491,31.0
98501,25.0
98511,22.0
98513,14.0
98514,16.0
98524,27.0
98534,29.0
98542,38.0
98543,16.0
98552,30.0
98562,37.0
98572,29.0
98582,26.0
98592,30.0
98602,24.0
98604,18.0
98612,25.0
98617,15.0
98627,26.0
98637,24.0
98647,25.0
98657,37.0
98663,21.0
98673,26.0
98674,17.0
98684,29.0
98690,15.0
98692,14.0
98694,14.0
98702,23.0
98708,31.0
98710,18.0
98720,36.0
98730,18.0
98740,31.0
98746,18.0
98749,17.0
98758,33.0
98768,32.0
98778,30.0
98788,38.0
98798,24.0
98802,15.0
98812,22.0
98817,27.0
98827,35.0
98828,17.0
98832,17.0
98842,30.0
98845,14.0
98855,27.0
98865,23.0
98867,16.0
98877,29.0
98887,32.0
98897,31.0
98907,30.0
98909,18.0
98918,27.0
98928,38.0
98930,17.0
98940,24.0
98950,30.0
98960,30.0
98970,19.0
98974,18.0
98984,29.0
98994,32.0
99004,30.0
99014,33.0
99018,18.0
99028,21.0
99038,29.0
99040,19.0
99050,40.0
99060,31.0
99062,17.0
99072,29.0
99076,16.0
99079,16.0
99089,31.0
99099,34.0
99109,27.0
99119,31.0
99129,30.0
99139,20.0
99149,26.0
99157,24.0
99164,17.0
99174,31.0
99183,27.0
99188,17.0
99190,20.0
99199,31.0
99209,19.0
99219,40.0
99221,13.0
99231,28.0
99234,16.0
99235,16.0
99238,16.0
99248,28.0
99254,20.0
99264,36.0
99274,31.0
99284,28.0
99285,18.0
99295,26.0
99305,20.0
99315,22.0
99325,31.0
99335,25.0
99338,16.0
99339,16.0
99341,17.0
99346,29.0
99356,43.0
99360,16.0
99370,22.0
99371,16.0
99381,32.0
99391,28.0
99401,32.0
99402,0.0
99406,17.0
99416,31.0
99426,23.0
99434,20.0
99444,27.0
99454,22.0
99464,40.0
99469,23.0
99479,31.0
99489,31.0
99499,31.0
99509,27.0
99519,29.0
99525,22.0
99535,30.0
99545,26.0
99555,26.0
99556,18.0
99566,26.0
99575,31.0
99579,15.0
99580,18.0
99589,24.0
99599,36.0
99609,36.0
99619,32.0
99629,25.0
99636,20.0
99646,33.0
99650,17.0
99660,26.0
99662,19.0
99672,25.0
99682,20.0
99686,15.0
99696,25.0
99706,29.0
99712,27.0
99719,19.0
99729,30.0
99730,19.0
99740,36.0
99750,31.0
99760,26.0
99770,29.0
99780,28.0
99790,34.0
99800,29.0
99808,26.0
99815,27.0
99825,24.0
99829,15.0
99839,36.0
99849,24.0
99859,31.0
99869,20.0
99879,29.0
99889,35.0
99899,28.0
99909,29.0
99919,31.0
99924,17.0
99934,25.0
99944,23.0
99952,24.0
99962,17.0
99965,19.0
99966,18.0
99976,33.0
99986,37.0
99996,21.0
100006,31.0
100016,30.0
100026,26.0
100036,29.0
100038,16.0
100048,22.0
100058,26.0
100061,17.0
100071,30.0
100081,26.0
100091,35.0
100101,27.0
100111,29.0
100121,30.0
100127,32.0
100137,32.0
100147,38.0
100157,23.0
100162,28.0
100172,32.0
100182,24.0
100186,19.0
100196,25.0
100199,17.0
100208,28.0
100213,15.0
100223,23.0
100233,31.0
100243,29.0
100249,23.0
100250,16.0
100252,15.0
100262,22.0
100272,30.0
100279,19.0
100289,28.0
100291,16.0
100301,31.0
100311,22.0
100320,25.0
100326,30.0
100336,36.0
100346,20.0
100356,28.0
100365,30.0
100374,32.0
100375,16.0
100385,23.0
100395,30.0
100405,28.0
100414,29.0
100415,17.0
100421,21.0
100431,28.0
100441,33.0
100451,24.0
100461,19.0
100471,41.0
100481,25.0
100486,31.0
100496,35.0
100497,18.0
100507,35.0
100517,33.0
100527,28.0
100537,19.0
100538,16.0
100548,20.0
100556,24.0
100558,16.0
100559,18.0
100560,16.0
100570,26.0
100577,27.0
100587,24.0
100597,28.0
100607,36.0
100615,20.0
100625,29.0
100635,40.0
100645,34.0
100646,15.0
100656,26.0
100666,32.0
100676,26.0
100686,33.0
100696,28.0
100701,19.0
100707,18.0
100717,25.0
100727,41.0
100737,34.0
100742,22.0
100749,26.0
100759,33.0
100769,28.0
100772,18.0
100782,23.0
100792,27.0
100802,31.0
100812,36.0
100822,30.0
100831,31.0
100841,31.0
100847,31.0
100855,27.0
100865,29.0
100875,37.0
100885,31.0
100895,29.0
100905,35.0
100906,17.0
100916,36.0
100926,36.0
100936,24.0
100944,29.0
100952,29.0
100962,25.0
100972,24.0
100982,33.0
100992,40.0
101002,20.0
101008,23.0
101014,20.0
101019,27.0
101027,32.0
101037,34.0
101047,29.0
101057,23.0
101059,17.0
101069,35.0
101070,15.0
101073,17.0
101083,38.0
101093,31.0
101097,16.0
101107,31.0
101108,16.0
101118,30.0
101128,26.0
101138,28.0
101148,29.0
101158,28.0
101168,22.0
101173,17.0
101177,16.0
101181,17.0
101191,25.0
101201,14.0
101202,17.0
101212,26.0
101214,17.0
101224,32.0
101234,29.0
101244,24.0
101254,29.0
101264,29.0
101268,18.0
101277,30.0
101287,22.0
101297,27.0
101307,30.0
101317,33.0
101320,17.0
101321,16.0
101329,31.0
101337,34.0
101347,41.0
101357,44.0
101367,32.0
101377,25.0
101387,31.0
101394,29.0
101403,27.0
101413,33.0
101418,17.0
101423,19.0
101433,29.0
101443,22.0
101453,28.0
101463,27.0
101469,26.0
101479,25.0
101486,25.0
101496,33.0
101506,31.0
101516,36.0
101523,28.0
101533,33.0
101543,21.0
101553,27.0
101556,18.0
101558,18.0
101561,19.0
101567,17.0
101570,14.0
101578,33.0
101588,32.0
101592,15.0
101602,42.0
101612,25.0
101615,18.0
101616,16.0
101618,15.0
101628,38.0
101635,21.0
101645,38.0
101655,29.0
101665,28.0
101675,30.0
101685,23.0
101695,31.0
101705,31.0
101712,25.0
101713,17.0
101723,28.0
101733,22.0
101737,15.0
101742,16.0
101751,29.0
101756,27.0
101762,23.0
101763,18.0
101765,17.0
101768,16.0
101773,16.0
101783,27.0
101788,22.0
101793,36.0
101803,30.0
101813,24.0
101823,34.0
101833,28.0
101843,25.0
101853,26.0
101860,28.0
101870,35.0
101880,30.0
101884,16.0
101894,27.0
101904,29.0
101914,25.0
101924,31.0
101931,27.0
101941,27.0
101943,16.0
101953,25.0
101963,35.0
101973,29.0
101975,19.0
101983,28.0
101990,17.0
102000,32.0
102010,26.0
102016,24.0
102026,25.0
102036,44.0
102046,28.0
102056,27.0
102065,25.0
102075,37.0
102085,17.0
102095,34.0
102105,24.0
102112,24.0
102122,30.0
102132,31.0
102142,24.0
102149,32.0
102159,22.0
102169,23.0
102173,16.0
102176,18.0
102186,25.0
102191,16.0
102197,31.0
102207,35.0
102217,29.0
102227,22.0
102237,34.0
102247,30.0
102257,18.0
102267,24.0
102275,25.0
102285,28.0
102295,21.0
102305,38.0
102315,33.0
102325,35.0
102331,23.0
102341,22.0
102342,18.0
102352,22.0
102362,31.0
102372,21.0
102382,21.0
102384,13.0
102394,39.0
102399,19.0
102409,31.0
102419,30.0
102429,39.0
102439,28.0
102449,31.0
102459,33.0
102469,28.0
102479,26.0
102489,28.0
102499,33.0
102501,15.0
102502,15.0
102512,29.0
102522,35.0
102532,26.0
102542,19.0
102548,29.0
102558,22.0
102568,38.0
102575,33.0
102585,22.0
102595,23.0
102605,24.0
102610,26.0
102620,28.0
102626,12.0
102636,29.0
102640,15.0
102647,24.0
102657,36.0
102658,17.0
102665,18.0
102675,28.0
102685,22.0
102695,25.0
102705,20.0
102708,17.0
102718,20.0
102728,22.0
102730,16.0
102740,16.0
102750,32.0
102760,33.0
102770,41.0
102780,35.0
102786,26.0
102787,16.0
102797,32.0
102807,28.0
102817,47.0
102822,26.0
102832,33.0
102842,36.0
102848,18.0
102858,32.0
102860,16.0
102870,29.0
102880,19.0
102888,30.0
102896,33.0
102906,17.0
102916,25.0
102920,17.0
102928,23.0
102935,21.0
102945,32.0
102946,18.0
102948,17.0
102958,25.0
102968,31.0
102978,22.0
102988,38.0
102998,27.0
103008,32.0
103013,24.0
103023,37.0
103033,23.0
103040,25.0
103041,15.0
103050,26.0
103060,25.0
103070,21.0
103080,27.0
103090,31.0
103100,33.0
103105,21.0
103115,30.0
103125,34.0
103135,34.0
103139,17.0
103147,25.0
103157,36.0
103167,30.0
103168,14.0
103178,35.0
103179,18.0
103189,18.0
103195,25.0
103205,38.0
103210,23.0
103220,25.0
103225,29.0
103235,22.0
103245,32.0
103255,22.0
103265,25.0
103275,27.0
103285,40.0
103295,35.0
103305,29.0
103315,33.0
103319,17.0
103329,27.0
103331,16.0
103341,26.0
103351,23.0
103358,28.0
103368,36.0
103371,20.0
103381,28.0
103391,31.0
103401,31.0
103411,27.0
103419,38.0
103429,30.0
103439,28.0
103444,17.0
103454,29.0
103464,38.0
103469,16.0
103474,29.0
103484,30.0
103494,24.0
103504,29.0
103514,31.0
103520,24.0
103530,38.0
103540,33.0
103545,23.0
103554,39.0
103558,16.0
103568,22.0
103572,16.0
103576,17.0
103582,23.0
103592,20.0
103602,32.0
103612,33.0
103622,28.0
103623,16.0
103625,18.0
103635,33.0
103640,22.0
103644,16.0
103647,17.0
103657,37.0
103664,22.0
103674,25.0
103682,36.0
103692,20.0
103696,17.0
103706,22.0
103716,18.0
103720,19.0
103730,27.0
103740,26.0
103750,24.0
103756,26.0
103763,27.0
103773,31.0
103783,29.0
103793,28.0
103795,16.0
103799,16.0
103809,34.0
103818,27.0
103823,24.0
103833,31.0
103834,13.0
103837,15.0
103847,25.0
103857,23.0
103867,25.0
103877,22.0
103887,33.0
103894,22.0
103904,33.0
103913,32.0
103923,30.0
103933,16.0
103936,15.0
103946,20.0
103956,30.0
103966,32.0
103967,17.0
103977,19.0
103987,30.0
103997,22.0
103999,15.0
104002,15.0
104012,20.0
104015,16.0
104025,26.0
104035,28.0
104045,27.0
104055,25.0
104065,27.0
104075,37.0
104085,26.0
104095,35.0
104105,30.0
104109,16.0
104113,17.0
104123,32.0
104133,24.0
104143,35.0
104153,36.0
104159,31.0
104169,27.0
104170,17.0
104180,23.0
104185,18.0
104195,41.0
104205,22.0
104213,25.0
104223,30.0
104233,20.0
104243,30.0
104253,23.0
104263,22.0
104273,26.0
104283,27.0
104293,31.0
104303,30.0
104313,43.0
104323,30.0
104333,25.0
104337,17.0
104347,28.0
104357,25.0
104364,24.0
104374,18.0
104375,19.0
104383,32.0
104392,27.0
104394,16.0
104404,34.0
104407,16.0
104416,28.0
104426,35.0
104436,19.0
104443,37.0
104453,44.0
104463,27.0
104473,30.0
104483,28.0
104493,29.0
104494,17.0
104498,16.0
104508,40.0
104517,30.0
104527,28.0
104531,15.0
104534,16.0
104543,27.0
104551,32.0
104561,34.0
104571,39.0
104581,33.0
104585,17.0
104595,36.0
104605,25.0
104607,15.0
104617,25.0
104625,20.0
104634,34.0
104644,26.0
104649,16.0
104659,27.0
104669,30.0
104670,16.0
104680,32.0
104686,24.0
104692,24.0
104702,25.0
104712,34.0
104722,19.0
104732,22.0
104733,17.0
104743,36.0
104749,28.0
104759,24.0
104769,18.0
104772,15.0
104782,33.0
104792,31.0
104802,28.0
104812,26.0
104822,30.0
104832,33.0
104842,32.0
104843,17.0
104853,19.0
104863,26.0
104873,23.0
104883,30.0
104885,19.0
104895,30.0
104905,34.0
104915,30.0
104925,37.0
104935,24.0
104939,17.0
104949,25.0
104951,16.0
104961,27.0
104963,20.0
104969,31.0
104979,23.0
104988,24.0
104997,25.0
105007,25.0
105014,27.0
105024,34.0
105034,29.0
105043,22.0
105053,36.0
105063,36.0
105069,28.0
105074,24.0
105084,34.0
105093,20.0
105103,32.0
105113,25.0
105123,26.0
105133,27.0
105143,28.0
105153,34.0
105163,24.0
105173,28.0
105183,32.0
105193,30.0
105195,18.0
105205,23.0
105215,27.0
105225,29.0
105230,17.0
105231,17.0
105241,30.0
105251,30.0
105261,33.0
105271,31.0
105281,34.0
105291,28.0
105301,29.0
105311,24.0
105321,23.0
105329,30.0
105339,22.0
105349,31.0
105359,34.0
105369,42.0
105375,22.0
105385,23.0
105395,25.0
105404,23.0
105406,13.0
105416,19.0
105426,27.0
105436,30.0
105438,18.0
105446,32.0
105456,26.0
105466,28.0
105468,18.0
105478,21.0
105488,24.0
105489,19.0
105499,32.0
105505,33.0
105515,30.0
105525,34.0
105529,15.0
105539,20.0
105549,27.0
105559,22.0
105569,26.0
105579,32.0
105582,17.0
105587,22.0
105597,24.0
105600,15.0
105610,32.0
105611,16.0
105621,31.0
105630,25.0
105640,22.0
105650,22.0
105660,29.0
105670,31.0
105680,30.0
105683,17.0
105693,22.0
105700,35.0
105710,28.0
105712,16.0
105722,29.0
105732,22.0
105742,31.0
105743,17.0
105753,23.0
105763,28.0
105765,17.0
105775,41.0
105776,17.0
105786,34.0
105796,31.0
105797,17.0
105807,22.0
105808,18.0
105818,26.0
105828,24.0
105838,40.0
105848,27.0
105852,15.0
105862,30.0
105866,17.0
105876,27.0
105877,16.0
105886,30.0
105896,35.0
105902,30.0
105912,22.0
105922,33.0
105924,16.0
105926,15.0
105931,16.0
105941,33.0
105950,29.0
105956,27.0
105959,16.0
105969,22.0
105979,22.0
105989,30.0
105999,23.0
106009,23.0
106010,17.0
106020,26.0
106030,28.0
106040,31.0
106050,32.0
106060,31.0
106070,28.0
106080,30.0
106086,30.0
106096,16.0
106099,17.0
106105,32.0
106115,41.0
106123,30.0
106133,22.0
106143,27.0
106153,29.0
106155,19.0
106165,31.0
106175,20.0
106184,26.0
106188,16.0
106192,18.0
106194,18.0
106204,29.0
106214,38.0
106224,25.0
106234,27.0
106244,34.0
106254,26.0
106264,21.0
106274,30.0
106276,17.0
106286,21.0
106296,38.0
106306,31.0
106316,28.0
106326,35.0
106336,35.0
106337,15.0
106344,29.0
106354,31.0
106355,18.0
106365,26.0
106375,35.0
106384,38.0
106394,29.0
106398,16.0
106408,20.0
106414,21.0
106415,15.0
106418,15.0
106428,32.0
106438,28.0
106441,18.0
106451,28.0
106461,34.0
106471,38.0
106476,33.0
106486,39.0
106492,22.0
106502,25.0
106509,24.0
106519,26.0
106524,27.0
106527,15.0
106537,23.0
106547,28.0
106555,24.0
106565,19.0
106573,30.0
106583,33.0
106587,16.0
106588,15.0
106598,32.0
106608,35.0
106618,21.0
106628,29.0
106631,15.0
106634,18.0
106644,40.0
106654,32.0
106661,31.0
106665,15.0
106675,25.0
106685,29.0
106691,24.0
106695,17.0
106700,16.0
106706,22.0
106716,19.0
106717,16.0
106727,30.0
106737,27.0
106747,42.0
106757,28.0
106767,29.0
106777,28.0
106782,20.0
106785,16.0
106795,23.0
106805,27.0
106814,27.0
106824,18.0
106834,29.0
106844,34.0
106845,17.0
106855,28.0
106865,32.0
106869,19.0
106879,27.0
106887,28.0
106897,30.0
106898,17.0
106908,29.0
106918,35.0
106928,23.0
106929,16.0
106933,15.0
106941,30.0
106951,25.0
106961,25.0
106971,25.0
106974,14.0
106984,31.0
106994,19.0
107004,28.0
107014,23.0
107024,35.0
107029,21.0
107039,28.0
107042,17.0
107052,27.0
107062,26.0
107072,21.0
107078,18.0
107088,33.0
107093,29.0
107103,34.0
107113,35.0
107123,34.0
107133,25.0
107143,28.0
107153,37.0
107163,29.0
107165,17.0
107175,38.0
107185,31.0
107195,18.0
107204,33.0
107214,31.0
107224,32.0
107234,20.0
107244,24.0
107245,16.0
107255,26.0
107256,18.0
107266,31.0
107273,32.0
107280,29.0
107281,19.0
107291,27.0
107293,17.0
107303,31.0
107309,15.0
107319,34.0
107329,27.0
107330,18.0
107340,37.0
107349,29.0
107355,18.0
107365,28.0
107369,18.0
107379,29.0
107385,15.0
107395,33.0
107400,21.0
107410,30.0
107420,28.0
107429,31.0
107439,30.0
107449,22.0
107459,40.0
107469,31.0
107479,25.0
107486,27.0
107496,35.0
107497,16.0
107507,29.0
107513,18.0
107516,17.0
107526,35.0
107536,23.0
107546,30.0
107556,35.0
107566,28.0
107576,37.0
107578,16.0
107584,23.0
107594,35.0
107604,39.0
107608,19.0
107618,35.0
107628,34.0
107638,30.0
107648,27.0
107650,17.0
107660,35.0
107661,18.0
107671,27.0
107681,24.0
107690,31.0
107700,30.0
107702,17.0
107712,31.0
107716,17.0
107720,16.0
107730,25.0
107739,28.0
107749,27.0
107755,23.0
107765,32.0
107775,24.0
107785,24.0
107788,16.0
107798,31.0
107800,19.0
107810,31.0
107811,14.0
107812,17.0
107822,30.0
107828,26.0
107838,34.0
107848,22.0
107858,25.0
107868,28.0
107878,26.0
107880,15.0
107886,25.0
107891,29.0
107901,26.0
107911,32.0
107912,18.0
107922,25.0
107923,14.0
107931,31.0
107941,32.0
107947,25.0
107954,26.0
107964,25.0
107974,38.0
107978,17.0
107979,16.0
107989,22.0
107999,37.0
108009,27.0
108019,24.0
108024,17.0
108034,30.0
108044,36.0
108047,18.0
108057,29.0
108067,34.0
108071,12.0
108081,24.0
108091,40.0
108092,15.0
108102,39.0
108110,23.0
108120,25.0
108130,34.0
108140,22.0
108150,31.0
108160,25.0
108167,31.0
108177,34.0
108187,26.0
108197,29.0
108207,34.0
108217,28.0
108227,24.0
108237,20.0
108247,20.0
108257,28.0
108267,38.0
108277,29.0
108278,16.0
108281,18.0
108291,22.0
108296,19.0
108300,17.0
108304,17.0
108310,29.0
108317,26.0
108318,18.0
108328,27.0
108338,27.0
108348,35.0
108358,38.0
108359,15.0
108369,35.0
108379,30.0
108389,24.0
108399,32.0
108408,26.0
108413,27.0
108417,16.0
108427,26.0
108430,18.0
108432,19.0
108442,35.0
108452,33.0
108462,30.0
108468,20.0
108478,30.0
108488,18.0
108498,26.0
108500,16.0
108510,33.0
108520,32.0
108530,33.0
108540,29.0
108550,30.0
108552,16.0
108562,22.0
108572,28.0
108582,38.0
108592,34.0
108601,35.0
108611,23.0
108621,26.0
108625,17.0
108635,30.0
108645,31.0
108655,33.0
108662,28.0
108672,34.0
108682,33.0
108692,34.0
108696,16.0
108701,16.0
108711,31.0
108721,34.0
108731,30.0
108733,16.0
108735,16.0
108745,28.0
108755,29.0
108759,17.0
108762,16.0
108771,29.0
108779,27.0
108789,32.0
108799,29.0
108807,23.0
108817,27.0
108827,30.0
108828,18.0
108832,15.0
108842,28.0
108852,36.0
108862,36.0
108868,33.0
108873,15.0
108880,23.0
108886,16.0
108896,32.0
108906,26.0
108916,25.0
108926,28.0
108936,27.0
108940,18.0
108950,39.0
108953,18.0
108963,24.0
108968,16.0
108975,26.0
108985,25.0
108991,24.0
108995,18.0
109001,16.0
109011,23.0
109014,16.0
109024,38.0
109034,33.0
109044,31.0
109047,14.0
109057,34.0
109061,16.0
109064,19.0
109074,26.0
109084,26.0
109087,19.0
109095,33.0
109105,24.0
109115,25.0
109125,16.0
109135,33.0
109145,33.0
109155,23.0
109164,33.0
109174,30.0
109184,26.0
109194,33.0
109204,27.0
109214,37.0
109217,17.0
109227,27.0
109228,18.0
109235,30.0
109245,30.0
109251,18.0
109261,32.0
109271,32.0
109281,26.0
109290,36.0
109297,21.0
109301,13.0
109311,23.0
109321,26.0
109331,31.0
109341,35.0
109351,26.0
109354,17.0
109364,32.0
109371,27.0
109376,27.0
109386,32.0
109396,40.0
109406,21.0
109414,32.0
109424,28.0
109434,40.0
109444,32.0
109453,23.0
109455,18.0
109465,21.0
109466,17.0
109476,37.0
109486,32.0
109496,29.0
109506,22.0
109512,21.0
109522,35.0
109525,14.0
109535,35.0
109545,32.0
109555,25.0
109565,30.0
109567,17.0
109577,29.0
109587,27.0
109597,21.0
109607,36.0
109617,29.0
109627,35.0
109632,19.0
109634,16.0
109644,35.0
109654,34.0
109664,25.0
109669,15.0
109679,35.0
109689,27.0
109694,21.0
109698,17.0
109699,19.0
109700,16.0
109710,26.0
109720,27.0
109730,23.0
109737,32.0
109747,25.0
109757,27.0
109765,26.0
109771,28.0
109781,30.0
109791,28.0
109796,27.0
109806,33.0
109816,29.0
109824,24.0
109834,28.0
109844,25.0
109854,33.0
109862,29.0
109866,15.0
109872,30.0
109882,29.0
109892,23.0
109893,16.0
109903,30.0
109913,32.0
109923,18.0
109933,18.0
109943,29.0
109953,32.0
109963,25.0
109973,29.0
109982,34.0
109992,38.0
110002,24.0
110012,22.0
110022,29.0
110032,31.0
110035,19.0
110042,22.0
110044,18.0
110054,37.0
110064,32.0
110065,17.0
110075,36.0
110082,29.0
110092,28.0
110101,33.0
110111,30.0
110120,25.0
110124,18.0
110134,33.0
110144,27.0
110154,24.0
110160,29.0
110163,14.0
110173,36.0
110183,25.0
110187,17.0
110195,29.0
110205,23.0
110215,26.0
110225,28.0
110235,32.0
110242,30.0
110252,31.0
110262,38.0
110272,31.0
110282,34.0
110292,34.0
110302,30.0
110306,15.0
110316,33.0
110326,33.0
110336,23.0
110345,31.0
110355,30.0
110361,30.0
110371,24.0
110380,26.0
110390,23.0
110400,20.0
110401,0.0
110406,29.0
110411,23.0
110414,15.0
110421,22.0
110431,33.0
110436,14.0
110446,25.0
110456,29.0
110466,43.0
110476,27.0
110486,35.0
110489,17.0
110494,16.0
110504,30.0
110514,30.0
110524,29.0
110526,17.0
110536,25.0
110544,23.0
110554,22.0
110564,29.0
110574,35.0
110584,24.0
110587,15.0
110589,17.0
110599,33.0
110609,26.0
110619,30.0
110629,32.0
110639,29.0
110649,27.0
110655,30.0
110663,28.0
110673,30.0
110674,15.0
110682,31.0
110692,30.0
110699,35.0
110709,26.0
110711,16.0
110712,17.0
110720,30.0
110724,16.0
110734,31.0
110744,25.0
110749,32.0
110759,22.0
110762,17.0
110772,29.0
110782,35.0
110791,25.0
110801,30.0
110806,27.0
110816,28.0
110822,23.0
110826,16.0
110836,32.0
110846,31.0
110856,32.0
110866,31.0
110868,15.0
110878,26.0
110885,28.0
110895,22.0
110905,26.0
110915,30.0
110921,29.0
110931,31.0
110941,38.0
110951,30.0
110961,30.0
110962,16.0
110972,37.0
110976,16.0
110986,27.0
110996,26.0
111006,32.0
111016,34.0
111026,21.0
111030,16.0
111040,22.0
111050,35.0
111060,30.0
111070,29.0
111080,20.0
111090,34.0
111098,27.0
111105,27.0
111107,19.0
111117,30.0
111127,22.0
111134,21.0
111144,36.0
111154,36.0
111160,15.0
111170,24.0
111173,16.0
111183,31.0
111187,15.0
111197,30.0
111206,24.0
111216,32.0
111226,29.0
111229,16.0
111239,26.0
111249,30.0
111259,23.0
111269,31.0
111271,17.0
111281,28.0
111291,24.0
111292,18.0
111302,30.0
111312,32.0
111321,31.0
111331,36.0
111341,37.0
111351,24.0
111361,36.0
111371,28.0
111381,30.0
111391,27.0
111401,25.0
111411,25.0
111421,31.0
111423,14.0
111431,32.0
111441,24.0
111451,25.0
111461,29.0
111471,38.0
111480,25.0
111490,25.0
111497,37.0
111507,24.0
111517,28.0
111520,18.0
111530,30.0
111540,27.0
111549,29.0
111559,32.0
111566,21.0
111576,29.0
111586,23.0
111592,23.0
111602,29.0
111612,38.0
111620,28.0
111630,33.0
111635,18.0
111645,30.0
111655,29.0
111665,33.0
111675,25.0
111685,36.0
111691,28.0
111701,22.0
111707,19.0
111717,28.0
111727,20.0
111737,28.0
111741,15.0
111751,32.0
111761,22.0
111771,24.0
111781,25.0
111784,18.0
111788,18.0
111798,23.0
111799,17.0
111809,29.0
111814,19.0
111824,21.0
111833,25.0
111843,35.0
111851,21.0
111855,19.0
111865,36.0
111875,28.0
111885,26.0
111895,26.0
111905,20.0
111907,19.0
111917,24.0
111927,33.0
111937,21.0
111939,18.0
111949,23.0
111950,17.0
111960,22.0
111970,33.0
111978,32.0
111980,15.0
111983,19.0
111993,32.0
112003,32.0
112005,17.0
112015,34.0
112016,16.0
112026,41.0
112028,17.0
112031,17.0
112041,31.0
112051,31.0
112054,15.0
112064,35.0
112074,30.0
112083,22.0
112093,32.0
112103,21.0
112113,24.0
112123,32.0
112124,14.0
112134,34.0
112144,30.0
112146,17.0
112156,37.0
112158,18.0
112168,27.0
112178,29.0
112188,25.0
112191,18.0
112193,16.0
112203,33.0
112213,27.0
112223,35.0
112230,25.0
112233,17.0
112243,25.0
112253,26.0
112257,16.0
112258,16.0
112268,29.0
112278,24.0
112285,28.0
112295,30.0
112305,15.0
112306,17.0
112310,17.0
112320,21.0
112330,26.0
112340,27.0
112349,32.0
112359,32.0
112369,36.0
112379,33.0
112389,31.0
112399,25.0
112409,26.0
112414,31.0
112424,31.0
112434,27.0
112444,29.0
112454,30.0
112464,29.0
112473,33.0
112478,15.0
112481,16.0
112491,26.0
112501,32.0
112511,27.0
112521,35.0
112528,27.0
112533,27.0
112543,28.0
112553,25.0
112563,35.0
112573,27.0
112577,15.0
112587,22.0
112597,30.0
112607,27.0
112617,28.0
112627,33.0
112637,32.0
112647,37.0
112652,17.0
112662,26.0
112663,16.0
112673,32.0
112683,22.0
112689,20.0
112699,21.0
112709,30.0
112719,23.0
112729,40.0
112732,16.0
112742,24.0
112752,29.0
112761,29.0
112771,20.0
112781,30.0
112785,18.0
112795,24.0
112805,26.0
112813,31.0
112823,24.0
112833,26.0
112843,27.0
112853,33.0
112863,23.0
112873,24.0
112883,34.0
112893,30.0
112903,28.0
112913,21.0
112918,27.0
112928,30.0
112938,21.0
112945,36.0
112955,20.0
112965,34.0
112969,17.0
112972,18.0
112982,23.0
112992,29.0
113002,33.0
113012,37.0
113022,35.0
113027,30.0
113037,18.0
113047,32.0
113053,26.0
113055,17.0
113065,34.0
113075,37.0
113079,18.0
113089,27.0
113095,18.0
113105,34.0
113115,32.0
113120,18.0
113130,27.0
113140,26.0
113150,35.0
113154,18.0
113164,30.0
113172,27.0
113182,38.0
113192,32.0
113202,22.0
113212,28.0
113222,34.0
113224,16.0
113234,27.0
113244,24.0
113254,33.0
113264,20.0
113274,17.0
113281,28.0
113291,26.0
113301,19.0
113311,24.0
113321,38.0
113324,18.0
113334,27.0
113344,34.0
113354,30.0
113362,26.0
113369,17.0
113373,18.0
113380,23.0
113385,20.0
113395,28.0
113404,41.0
113411,26.0
113421,33.0
113422,17.0
113432,29.0
113442,31.0
113452,37.0
113457,18.0
113463,22.0
113464,16.0
113474,31.0
113476,17.0
113486,32.0
113491,15.0
113501,26.0
113511,32.0
113513,17.0
113523,24.0
113533,23.0
113543,27.0
113553,18.0
113554,15.0
113561,28.0
113570,34.0
113580,25.0
113590,25.0
113600,26.0
113607,29.0
113617,28.0
113618,16.0
113624,30.0
113625,16.0
113635,41.0
113638,18.0
113648,38.0
113658,25.0
113668,32.0
113673,18.0
113677,17.0
113687,27.0
113694,23.0
113697,14.0
113707,21.0
113717,27.0
113727,27.0
113737,31.0
113747,21.0
113757,31.0
113767,30.0
113777,23.0
113778,16.0
113786,39.0
113793,29.0
113803,34.0
113813,24.0
113817,17.0
113827,25.0
113830,18.0
113840,23.0
113850,28.0
113860,23.0
113870,29.0
113875,29.0
113885,31.0
113895,30.0
113905,39.0
113915,28.0
113925,26.0
113935,38.0
113942,24.0
113951,30.0
113957,28.0
113967,33.0
113977,27.0
113981,17.0
113988,28.0
113998,31.0
114003,32.0
114013,35.0
114021,15.0
114031,30.0
114032,17.0
114042,29.0
114052,26.0
114062,27.0
114072,38.0
114082,22.0
114092,26.0
114096,18.0
114104,31.0
114110,26.0
114111,18.0
114121,33.0
114131,35.0
114134,17.0
114144,27.0
114154,26.0
114164,30.0
114174,33.0
114176,15.0
114184,25.0
114194,36.0
114200,18.0
114206,19.0
114214,24.0
114224,25.0
114234,33.0
114237,14.0
114246,26.0
114256,36.0
114266,40.0
114276,25.0
114286,31.0
114296,23.0
114306,32.0
114315,34.0
114325,32.0
114335,37.0
114345,27.0
114355,39.0
114362,18.0
114372,28.0
114382,34.0
114390,30.0
114400,21.0
114410,26.0
114420,32.0
114421,17.0
114431,36.0
114441,28.0
114451,29.0
114461,40.0
114462,16.0
114465,18.0
114474,23.0
114484,35.0
114485,16.0
114493,21.0
114503,26.0
114508,20.0
114510,17.0
114520,24.0
114524,15.0
114527,18.0
114537,41.0
114547,31.0
114557,29.0
114567,33.0
114577,30.0
114579,17.0
114589,29.0
114599,34.0
114609,39.0
114616,31.0
114626,24.0
114636,37.0
114646,28.0
114649,17.0
114659,29.0
114669,27.0
114679,25.0
114689,22.0
114699,26.0
114709,36.0
114710,18.0
114720,23.0
114730,25.0
114740,21.0
114748,26.0
114758,30.0
114764,21.0
114774,33.0
114784,32.0
114794,24.0
114804,25.0
114814,22.0
114820,33.0
114825,19.0
114835,30.0
114845,33.0
114853,33.0
114861,27.0
114869,24.0
114879,32.0
114881,17.0
114891,25.0
114892,17.0
114902,20.0
114912,31.0
114922,30.0
114932,27.0
114942,28.0
114952,21.0
114962,33.0
114965,17.0
114973,32.0
114977,17.0
114987,31.0
114991,15.0
114994,16.0
114997,13.0
115007,29.0
115017,31.0
115027,24.0
115037,29.0
115047,25.0
115057,23.0
115058,17.0
115062,16.0
115072,38.0
115082,24.0
115089,25.0
115099,29.0
115109,31.0
115111,19.0
115121,29.0
115131,32.0
115141,37.0
115151,32.0
115161,42.0
115163,16.0
115169,21.0
115179,34.0
115189,26.0
115199,30.0
115209,36.0
115219,36.0
115229,24.0
115239,32.0
115243,17.0
115250,23.0
115260,27.0
115270,32.0
115280,39.0
115289,25.0
115294,16.0
115304,25.0
115305,16.0
115310,22.0
115317,23.0
115327,26.0
115337,36.0
115347,33.0
115357,29.0
115364,23.0
115374,37.0
115384,24.0
115387,15.0
115389,18.0
115399,29.0
115403,18.0
115413,32.0
115423,34.0
115433,22.0
115443,26.0
115453,28.0
115463,21.0
115473,31.0
115474,16.0
115481,38.0
115491,25.0
115501,28.0
115511,40.0
115521,22.0
115522,15.0
115523,19.0
115533,31.0
115543,30.0
115553,35.0
115557,17.0
115562,27.0
115564,19.0
115574,35.0
115584,32.0
115594,26.0
115604,35.0
115611,38.0
115618,23.0
115627,24.0
115632,23.0
115633,16.0
115637,17.0
115647,30.0
115657,37.0
115659,14.0
115669,25.0
115679,28.0
115684,26.0
115694,24.0
115695,17.0
115697,17.0
115701,17.0
115709,23.0
115719,35.0
115729,15.0
115739,39.0
115748,38.0
115753,26.0
115763,24.0
115773,23.0
115783,29.0
115793,33.0
115803,32.0
115813,28.0
115823,32.0
115824,16.0
115834,29.0
115840,24.0
115850,28.0
115856,19.0
115866,24.0
115873,35.0
115883,33.0
115893,27.0
115898,17.0
115908,29.0
115918,29.0
115928,31.0
115930,16.0
115940,35.0
115950,31.0
115960,33.0
115970,27.0
115980,18.0
115986,26.0
115988,15.0
115998,45.0
116008,29.0
116018,28.0
116028,23.0
116038,36.0
116048,33.0
116058,26.0
116061,17.0
116071,35.0
116081,36.0
116082,16.0
116083,13.0
116093,34.0
116097,17.0
116107,21.0
116117,29.0
116127,31.0
116137,35.0
116147,34.0
116157,36.0
116167,27.0
116177,30.0
116187,32.0
116197,25.0
116207,26.0
116212,14.0
116222,30.0
116230,28.0
116240,27.0
116250,35.0
116260,25.0
116270,27.0
116272,16.0
116282,26.0
116291,28.0
116301,31.0
116311,29.0
116314,16.0
116324,34.0
116334,40.0
116344,25.0
116354,28.0
116358,16.0
116368,31.0
116378,29.0
116388,20.0
116395,30.0
116405,29.0
116410,16.0
116420,32.0
116430,22.0
116435,15.0
116445,31.0
116455,34.0
116463,32.0
116473,35.0
116483,31.0
116493,37.0
116497,14.0
116507,38.0
116517,31.0
116527,21.0
116537,38.0
116541,17.0
116551,25.0
116552,17.0
116562,30.0
116572,36.0
116581,37.0
116591,41.0
116601,27.0
116611,28.0
116619,22.0
116629,34.0
116639,25.0
116649,29.0
116659,32.0
116669,28.0
116679,35.0
116688,32.0
116698,33.0
116701,17.0
116711,26.0
116716,24.0
116726,30.0
116736,25.0
116746,20.0
116756,24.0
116759,15.0
116766,32.0
116776,37.0
116786,25.0
116796,24.0
116804,34.0
116808,17.0
116810,17.0
116820,30.0
116830,37.0
116840,28.0
116850,26.0
116856,26.0
116859,17.0
116869,28.0
116879,21.0
116889,26.0
116896,31.0
116906,36.0
116916,29.0
116926,24.0
116931,15.0
116941,25.0
116951,27.0
116961,31.0
116971,20.0
116981,27.0
116983,16.0
116993,25.0
117003,18.0
117013,28.0
117017,16.0
117023,34.0
117033,33.0
117043,35.0
117053,34.0
117059,24.0
117062,17.0
117072,30.0
117082,30.0
117092,30.0
117095,18.0
117100,34.0
117102,15.0
117112,24.0
117113,15.0
117123,33.0
117133,29.0
117140,14.0
117150,23.0
117160,34.0
117170,24.0
117180,29.0
117190,29.0
117199,28.0
117209,30.0
117219,28.0
117229,36.0
117231,15.0
117233,18.0
117243,34.0
117253,34.0
117263,35.0
117273,30.0
117279,31.0
117289,24.0
117299,29.0
117308,37.0
117318,40.0
117328,19.0
117338,31.0
117348,27.0
117358,27.0
117368,27.0
117378,25.0
117388,28.0
117398,22.0
117408,34.0
117418,24.0
117428,31.0
117438,22.0
117448,31.0
117455,26.0
117465,30.0
117469,15.0
117470,16.0
117472,18.0
117482,31.0
117492,35.0
117502,18.0
117512,34.0
117522,34.0
117532,29.0
117540,24.0
117546,23.0
117556,30.0
117558,19.0
117568,28.0
117578,28.0
117583,30.0
117591,34.0
117601,34.0
117611,26.0
117618,29.0
117628,23.0
117638,24.0
117648,43.0
117658,27.0
117666,22.0
117676,30.0
117686,32.0
117695,28.0
117705,27.0
117708,18.0
117718,31.0
117727,23.0
117732,28.0
117736,16.0
117745,41.0
117755,22.0
117760,16.0
117766,23.0
117776,37.0
117779,19.0
117789,32.0
117793,16.0
117794,17.0
117804,18.0
117814,28.0
117824,31.0
117834,30.0
117844,30.0
117847,16.0
117857,33.0
117862,19.0
117872,37.0
117874,19.0
117884,33.0
117894,31.0
117904,25.0
117911,32.0
117912,15.0
117922,38.0
117932,36.0
117942,28.0
117952,32.0
117955,18.0
117965,27.0
117971,25.0
117981,21.0
117991,21.0
118001,28.0
118003,15.0
118013,29.0
118023,21.0
118028,17.0
118038,29.0
118048,33.0
118058,33.0
118068,32.0
118078,28.0
118087,35.0
118096,34.0
118098,19.0
118108,34.0
118117,28.0
118127,38.0
118131,19.0
118141,30.0
118151,22.0
118153,16.0
118155,16.0
118165,36.0
118166,18.0
118176,28.0
118186,31.0
118191,15.0
118201,32.0
118211,28.0
118214,15.0
118224,33.0
118234,23.0
118244,42.0
118254,31.0
118264,28.0
118274,35.0
118281,32.0
118291,34.0
118301,37.0
118311,22.0
118321,30.0
118327,18.0
118337,29.0
118347,26.0
118357,23.0
118364,23.0
118365,19.0
118367,16.0
118377,22.0
118387,21.0
118397,34.0
118401,15.0
118411,30.0
118414,15.0
118416,17.0
118426,32.0
118430,16.0
118435,16.0
118439,19.0
118446,27.0
118456,23.0
118466,35.0
118476,26.0
118486,31.0
118495,23.0
118504,25.0
118509,18.0
118510,18.0
118517,24.0
118518,20.0
118521,17.0
118531,27.0
118535,16.0
118545,30.0
118555,22.0
118565,26.0
118566,17.0
118576,37.0
118586,34.0
118591,20.0
118601,21.0
118611,28.0
118621,23.0
118631,31.0
118641,25.0
118643,14.0
118653,28.0
118663,26.0
118669,28.0
118679,24.0
118684,26.0
118694,28.0
118700,26.0
118704,17.0
118710,31.0
118716,26.0
118726,29.0
118736,24.0
118746,34.0
118756,22.0
118758,15.0
118768,30.0
118778,24.0
118788,33.0
118793,32.0
118802,25.0
118803,17.0
118813,20.0
118823,32.0
118827,13.0
118828,18.0
118837,27.0
118847,25.0
118853,21.0
118863,32.0
118865,14.0
118866,16.0
118871,18.0
118881,28.0
118891,34.0
118901,26.0
118911,26.0
118919,31.0
118929,25.0
118939,40.0
118949,33.0
118952,16.0
118958,15.0
118964,28.0
118970,27.0
118980,27.0
118990,41.0
118998,38.0
119000,15.0
119006,27.0
119016,34.0
119026,38.0
119036,30.0
119046,34.0
119056,25.0
119063,22.0
119073,30.0
119075,15.0
119077,16.0
119082,32.0
119092,21.0
119102,23.0
119112,33.0
119122,34.0
119132,27.0
119142,38.0
119146,16.0
119148,19.0
119158,29.0
119161,17.0
119171,32.0
119173,18.0
119182,18.0
119191,32.0
119201,33.0
119211,32.0
119221,24.0
119231,31.0
119241,24.0
119251,36.0
119254,17.0
119257,18.0
119267,26.0
119268,18.0
119278,32.0
119283,28.0
119293,37.0
119303,25.0
119313,25.0
119321,40.0
119331,32.0
119341,30.0
119349,31.0
119359,32.0
119369,31.0
119379,24.0
119389,36.0
119399,30.0
119409,28.0
119415,17.0
119425,25.0
119426,18.0
119436,25.0
119446,30.0
119456,23.0
119460,19.0
119465,20.0
119475,40.0
119485,34.0
119486,18.0
119487,16.0
119495,33.0
119498,14.0
119502,18.0
119512,30.0
119522,27.0
119529,25.0
119539,36.0
119549,32.0
119559,24.0
119561,15.0
119571,38.0
119581,37.0
119591,35.0
119601,26.0
119611,33.0
119621,23.0
119631,28.0
119634,17.0
119641,25.0
119651,24.0
119657,28.0
119667,27.0
119677,26.0
119681,20.0
119685,17.0
119695,25.0
119705,29.0
119715,21.0
119725,28.0
119735,23.0
119745,31.0
119755,33.0
119765,39.0
119775,27.0
119785,30.0
119795,30.0
119805,35.0
119807,17.0
119817,31.0
119827,28.0
119837,25.0
119840,19.0
119850,24.0
119860,32.0
119863,18.0
119873,37.0
119875,14.0
119885,27.0
119895,25.0
119905,27.0
119910,27.0
119919,22.0
119929,27.0
119939,22.0
119949,34.0
119959,24.0
119961,17.0
119971,32.0
119981,21.0
119987,30.0
119997,23.0
120007,34.0
120010,15.0
120016,25.0
120026,20.0
120036,28.0
120046,38.0
120056,30.0
120059,15.0
120066,26.0
120074,16.0
120084,28.0
120094,40.0
120104,23.0
120112,30.0
120122,29.0
120128,24.0
120138,25.0
120148,37.0
120153,17.0
120162,42.0
120172,23.0
120175,16.0
120179,17.0
120189,29.0
120199,34.0
120209,19.0
120219,33.0
120228,31.0
120238,25.0
120248,27.0
120258,29.0
120268,34.0
120276,29.0
120281,28.0
120291,28.0
120301,23.0
120311,27.0
120317,24.0
120327,28.0
120332,23.0
120342,33.0
120352,17.0
120362,36.0
120371,29.0
120381,31.0
120391,29.0
120401,29.0
120411,18.0
120421,26.0
120430,34.0
120434,15.0
120444,28.0
120445,16.0
120455,30.0
120465,34.0
120475,36.0
120485,23.0
120491,22.0
120494,15.0
120504,28.0
120509,18.0
120519,33.0
120529,27.0
120538,22.0
120544,27.0
120554,28.0
120564,19.0
120574,17.0
120581,27.0
120591,29.0
120601,29.0
120611,35.0
120621,29.0
120631,23.0
120641,21.0
120651,21.0
120661,27.0
120664,17.0
120674,35.0
120684,24.0
120694,40.0
120704,20.0
120714,39.0
120720,32.0
120730,26.0
120739,34.0
120749,34.0
120759,32.0
120769,21.0
120778,22.0
120781,19.0
120785,15.0
120787,15.0
120797,26.0
120807,31.0
120814,28.0
120824,32.0
120829,23.0
120833,17.0
120843,20.0
120848,31.0
120855,28.0
120865,33.0
120875,28.0
120885,29.0
120895,23.0
120898,15.0
120900,14.0
120904,16.0
120911,19.0
120918,27.0
120928,36.0
120938,30.0
120947,22.0
120953,31.0
120963,25.0
120973,36.0
120983,37.0
120987,20.0
120990,16.0
121000,20.0
121009,27.0
121019,33.0
121029,28.0
121039,25.0
121049,26.0
121055,15.0
121065,24.0
121074,23.0
121084,33.0
121094,31.0
121104,38.0
121113,23.0
121123,25.0
121133,25.0
121143,18.0
121145,18.0
121154,24.0
121164,24.0
121171,29.0
121181,26.0
121191,19.0
121201,25.0
121211,30.0
121221,39.0
121231,36.0
121241,30.0
121251,24.0
121259,33.0
121264,33.0
121274,21.0
121284,30.0
121294,27.0
121304,39.0
121314,33.0
121320,31.0
121330,32.0
121340,33.0
121350,37.0
121359,31.0
121360,16.0
121370,25.0
121380,17.0
121390,24.0
121400,25.0
121410,38.0
121420,26.0
121425,18.0
121435,34.0
121438,17.0
121448,21.0
121458,32.0
121468,30.0
121478,33.0
121484,24.0
121494,36.0
121498,19.0
121503,25.0
121510,25.0
121520,27.0
121530,31.0
121538,36.0
121548,34.0
121558,25.0
121568,23.0
121578,28.0
121588,32.0
121589,16.0
121599,30.0
121604,15.0
121614,30.0
121624,23.0
121625,18.0
121633,24.0
121643,34.0
121648,18.0
121658,22.0
121668,24.0
121671,17.0
121675,18.0
121685,28.0
121691,16.0
121692,16.0
121702,26.0
121712,31.0
121722,33.0
121727,30.0
121737,30.0
121743,28.0
121753,23.0
121763,28.0
121773,27.0
121783,38.0
121784,18.0
121794,23.0
121800,17.0
121810,32.0
121820,31.0
121830,21.0
121832,20.0
121842,20.0
121849,31.0
121859,26.0
121860,18.0
121866,24.0
121876,23.0
121886,32.0
121896,24.0
121897,16.0
121899,18.0
121908,26.0
121918,33.0
121923,17.0
121933,36.0
121942,32.0
121952,20.0
121962,23.0
121972,23.0
121982,28.0
121985,17.0
121995,25.0
122001,27.0
122002,16.0
122003,15.0
122006,17.0
122016,32.0
122026,24.0
122029,17.0
122035,17.0
122038,16.0
122048,21.0
122052,16.0
122059,32.0
122069,26.0
122079,34.0
122083,16.0
122093,33.0
122103,30.0
122111,33.0
122121,22.0
122131,33.0
122134,17.0
122135,17.0
122136,17.0
122146,27.0
122156,22.0
122161,18.0
122171,23.0
122179,24.0
122189,27.0
122199,29.0
122200,17.0
122205,23.0
122215,34.0
122225,30.0
122235,35.0
122245,31.0
122248,17.0
122258,31.0
122265,29.0
122275,32.0
122281,27.0
122291,35.0
122301,30.0
122311,36.0
122321,32.0
122331,16.0
122341,30.0
122349,22.0
122359,32.0
122369,32.0
122379,30.0
122389,26.0
122399,36.0
122405,24.0
122412,17.0
122419,36.0
122420,15.0
122430,27.0
122440,25.0
122450,30.0
122460,36.0
122464,17.0
122474,25.0
122476,12.0
122486,32.0
122496,23.0
122506,30.0
122516,26.0
122526,38.0
122536,34.0
122546,29.0
122552,17.0
122562,32.0
122564,16.0
122574,24.0
122575,18.0
122585,39.0
122595,21.0
122597,17.0
122599,19.0
122602,17.0
122612,24.0
122622,24.0
122632,25.0
122642,23.0
122652,28.0
122656,18.0
122666,28.0
122670,15.0
122680,30.0
122690,38.0
122697,28.0
122707,38.0
122717,28.0
122727,28.0
122737,31.0
122747,36.0
122757,39.0
122767,33.0
122777,22.0
122787,36.0
122797,30.0
122807,31.0
122817,32.0
122827,27.0
122837,25.0
122847,24.0
122854,39.0
122864,25.0
122874,23.0
122884,23.0
122894,28.0
122895,17.0
122905,32.0
122915,28.0
122917,18.0
122919,14.0
122923,18.0
122933,24.0
122939,18.0
122949,24.0
122959,32.0
122969,30.0
122979,32.0
122989,23.0
122999,36.0
123009,38.0
123017,21.0
123027,33.0
123037,25.0
123047,20.0
123057,27.0
123061,19.0
123071,21.0
123072,16.0
123082,32.0
123083,18.0
123093,32.0
123103,32.0
123113,35.0
123123,36.0
123133,32.0
123143,37.0
123153,26.0
123154,17.0
123164,31.0
123174,31.0
123184,34.0
123194,41.0
123204,33.0
123214,36.0
123220,16.0
123224,19.0
123226,17.0
123233,17.0
123243,33.0
123249,30.0
123259,36.0
123269,23.0
123279,28.0
123289,28.0
123299,33.0
123305,18.0
123315,30.0
123325,38.0
123335,18.0
123341,26.0
123346,24.0
123356,28.0
123365,26.0
123375,29.0
123385,30.0
123395,30.0
123405,28.0
123413,26.0
123416,19.0
123423,28.0
123433,24.0
123434,16.0
123444,27.0
123454,21.0
123464,28.0
123467,15.0
123477,27.0
123487,30.0
123497,24.0
123501,14.0
123511,21.0
123521,30.0
123531,30.0
123541,22.0
123545,16.0
123546,18.0
123556,21.0
123566,44.0
123567,17.0
123575,29.0
123585,27.0
123592,13.0
123602,21.0
123612,23.0
123616,17.0
123625,26.0
123635,27.0
123640,20.0
123650,34.0
123656,28.0
123666,31.0
123676,28.0
123686,24.0
123696,19.0
123706,25.0
123716,26.0
123726,29.0
123731,27.0
123741,30.0
123751,16.0
123761,21.0
123771,29.0
123781,41.0
123791,25.0
123795,18.0
123805,32.0
123812,28.0
123814,17.0
123824,31.0
123834,28.0
123844,29.0
123848,18.0
123858,23.0
123863,16.0
123873,31.0
123880,31.0
123890,39.0
123891,16.0
123897,29.0
123902,17.0
123905,18.0
123913,31.0
123923,34.0
123926,17.0
123927,17.0
123937,37.0
123947,38.0
123957,34.0
123962,17.0
123966,17.0
123976,42.0
123986,32.0
123996,30.0
124006,32.0
124013,16.0
124023,44.0
124032,28.0
124039,28.0
124049,25.0
124059,26.0
124060,17.0
124069,23.0
124072,18.0
124073,16.0
124080,20.0
124090,38.0
124100,31.0
124104,16.0
124106,17.0
124116,27.0
124126,34.0
124136,32.0
124146,36.0
124156,26.0
124159,17.0
124169,27.0
124179,33.0
124189,25.0
124196,31.0
124199,17.0
124209,24.0
124219,28.0
124229,39.0
124234,28.0
124244,23.0
124246,16.0
124254,23.0
124260,32.0
124270,26.0
124280,23.0
124290,20.0
124291,17.0
124299,30.0
124309,32.0
124319,33.0
124328,29.0
124338,27.0
124339,15.0
124340,16.0
124350,27.0
124360,29.0
124370,25.0
124380,29.0
124390,26.0
124400,36.0
124405,31.0
124415,22.0
124425,27.0
124435,29.0
124442,29.0
124452,25.0
124457,16.0
124467,35.0
124477,27.0
124487,34.0
124497,32.0
124507,32.0
124509,17.0
124519,30.0
124529,24.0
124539,39.0
124549,24.0
124559,23.0
124569,25.0
124574,24.0
124578,19.0
124588,37.0
124598,19.0
124600,16.0
124610,37.0
124617,28.0
124627,32.0
124637,32.0
124638,16.0
124648,15.0
124658,26.0
124668,33.0
124674,25.0
124684,32.0
124694,25.0
124701,27.0
124706,18.0
124713,24.0
124714,0.0
124724,24.0
124734,26.0
124737,14.0
124738,18.0
124748,28.0
124758,37.0
124761,16.0
124771,43.0
124776,36.0
124786,35.0
124796,32.0
124799,17.0
124809,31.0
124819,34.0
124829,34.0
124839,29.0
124841,16.0
124851,30.0
124861,27.0
124871,20.0
124874,17.0
124884,34.0
124893,26.0
124896,18.0
124898,18.0
124907,28.0
124917,20.0
124927,32.0
124934,24.0
124936,18.0
124946,24.0
124956,40.0
124964,29.0
124968,19.0
124978,18.0
124988,21.0
124998,29.0
125008,29.0
125018,17.0
125028,35.0
125038,31.0
125048,23.0
125055,22.0
125065,44.0
125075,24.0
125085,21.0
125091,25.0
125093,15.0
125103,22.0
125113,41.0
125123,31.0
125124,17.0
125131,28.0
125136,14.0
125145,34.0
125147,16.0
125157,27.0
125159,16.0
125161,14.0
125171,34.0
125181,30.0
125191,28.0
125193,19.0
125197,18.0
125207,18.0
125212,17.0
125221,19.0
125231,25.0
125234,20.0
125236,18.0
125246,24.0
125256,28.0
125260,16.0
125270,26.0
125274,17.0
125284,26.0
125294,30.0
125304,31.0
125313,36.0
125321,17.0
125327,18.0
125337,22.0
125347,34.0
125351,18.0
125356,17.0
125366,24.0
125376,27.0
125386,33.0
125396,24.0
125406,27.0
125408,16.0
125418,34.0
125428,24.0
125438,36.0
125442,17.0
125452,33.0
125454,16.0
125461,24.0
125471,28.0
125481,24.0
125483,18.0
125493,23.0
125499,23.0
125509,17.0
125519,33.0
125520,16.0
125530,30.0
125540,24.0
125550,33.0
125560,35.0
125570,27.0
125580,29.0
125590,34.0
125600,29.0
125606,28.0
125616,26.0
125626,33.0
125628,16.0
125629,17.0
125630,19.0
125640,23.0
125650,21.0
125651,19.0
125660,34.0
125670,31.0
125680,27.0
125683,16.0
125693,29.0
125703,28.0
125713,22.0
125723,37.0
125726,17.0
125736,31.0
125737,15.0
125739,18.0
125746,27.0
125756,27.0
125766,26.0
125775,35.0
125785,27.0
125794,27.0
125804,20.0
125814,33.0
125824,30.0
125834,32.0
125844,38.0
125854,26.0
125864,34.0
125874,25.0
125884,34.0
125890,34.0
125900,35.0
125910,23.0
125920,22.0
125921,0.0
125922,15.0
125932,30.0
125942,33.0
125948,30.0
125957,28.0
125967,34.0
125977,35.0
125985,31.0
125995,25.0
126005,29.0
126015,25.0
126025,34.0
126034,28.0
126044,25.0
126049,17.0
126059,30.0
126069,33.0
126077,32.0
126087,26.0
126089,18.0
126099,42.0
126109,34.0
126119,31.0
126129,32.0
126139,33.0
126149,28.0
126155,14.0
126165,30.0
126175,27.0
126182,30.0
126192,33.0
126198,26.0
126208,32.0
126218,26.0
126228,23.0
126238,32.0
126248,22.0
126258,30.0
126268,34.0
126271,15.0
126281,27.0
126291,35.0
126301,33.0
126308,22.0
126318,34.0
126327,34.0
126337,28.0
126347,22.0
126357,30.0
126358,19.0
126368,29.0
126371,16.0
126381,30.0
126391,24.0
126400,29.0
126406,39.0
126412,21.0
126422,31.0
126429,41.0
126430,16.0
126440,29.0
126445,18.0
126453,26.0
126463,36.0
126473,33.0
126477,18.0
126484,27.0
126494,20.0
126502,32.0
126504,17.0
126514,23.0
126524,26.0
126531,31.0
126533,17.0
126539,27.0
126549,27.0
126559,38.0
126569,24.0
126573,19.0
126579,24.0
126589,41.0
126595,31.0
126600,26.0
126610,29.0
126620,26.0
126627,18.0
126631,17.0
126640,31.0
126650,34.0
126660,34.0
126663,17.0
126673,32.0
126683,30.0
126693,26.0
126700,30.0
126703,17.0
126713,28.0
126723,31.0
126733,32.0
126743,34.0
126753,29.0
126755,18.0
126762,36.0
126772,24.0
126775,15.0
126785,38.0
126795,35.0
126805,31.0
126809,18.0
126819,32.0
126826,26.0
126836,21.0
126846,33.0
126856,31.0
126866,27.0
126870,16.0
126880,31.0
126890,34.0
126899,32.0
126909,19.0
126919,29.0
126929,34.0
126939,38.0
126949,27.0
126959,34.0
126966,31.0
126976,26.0
126978,16.0
126988,28.0
126995,33.0
127004,22.0
127010,31.0
127011,15.0
127012,15.0
127022,34.0
127032,20.0
127039,29.0
127042,17.0
127052,32.0
127062,35.0
127066,18.0
127068,18.0
127075,24.0
127076,18.0
127086,31.0
127096,33.0
127106,37.0
127116,29.0
127126,31.0
127136,26.0
127146,28.0
127150,15.0
127160,28.0
127170,30.0
127180,34.0
127190,30.0
127200,33.0
127210,35.0
127220,30.0
127230,23.0
127240,33.0
127250,33.0
127253,17.0
127263,35.0
127273,25.0
127274,17.0
127284,31.0
127294,29.0
127304,30.0
127314,30.0
127324,28.0
127334,28.0
127343,13.0
127353,30.0
127358,18.0
127368,22.0
127378,35.0
127387,29.0
127397,24.0
127407,29.0
127409,17.0
127419,27.0
127429,35.0
127439,25.0
127449,31.0
127459,32.0
127461,20.0
127471,41.0
127476,17.0
127486,24.0
127496,26.0
127506,39.0
127512,32.0
127522,28.0
127531,28.0
127540,27.0
127550,35.0
127560,28.0
127570,23.0
127580,32.0
127584,19.0
127594,29.0
127602,29.0
127612,31.0
127622,32.0
127626,15.0
127634,25.0
127644,38.0
127654,40.0
127662,25.0
127672,25.0
127677,15.0
127684,30.0
127694,30.0
127704,33.0
127714,26.0
127716,15.0
127723,32.0
127733,28.0
127738,29.0
127748,23.0
127758,27.0
127768,28.0
127778,41.0
127788,34.0
127798,25.0
127808,27.0
127818,33.0
127828,35.0
127837,25.0
127839,17.0
127840,18.0
127850,28.0
127860,26.0
127870,28.0
127880,21.0
127890,31.0
127892,13.0
127902,16.0
127912,27.0
127922,20.0
127932,24.0
127942,24.0
127952,32.0
127962,34.0
127972,23.0
127982,29.0
127992,39.0
128002,37.0
128004,15.0
128014,30.0
128024,27.0
128034,36.0
128038,16.0
128048,30.0
128058,28.0
128068,27.0
128078,21.0
128088,29.0
128091,17.0
128094,15.0
128104,25.0
128107,14.0
128117,22.0
128122,18.0
128132,30.0
128142,32.0
128152,23.0
128162,26.0
128163,17.0
128168,23.0
128178,32.0
128188,35.0
128198,29.0
128202,19.0
128212,39.0
128216,14.0
128219,17.0
128225,27.0
128235,27.0
128241,14.0
128251,31.0
128252,17.0
128262,30.0
128265,17.0
128275,26.0
128278,14.0
128288,31.0
128298,34.0
128308,30.0
128318,37.0
128328,25.0
128338,29.0
128348,40.0
128358,32.0
128368,26.0
128369,17.0
128379,44.0
128388,22.0
128398,35.0
128408,31.0
128413,20.0
128423,30.0
128433,31.0
128443,25.0
128445,17.0
128447,14.0
128453,21.0
128463,27.0
128467,19.0
128477,38.0
128479,15.0
128485,31.0
128495,38.0
128505,28.0
128508,19.0
128518,21.0
128528,29.0
128533,17.0
128543,33.0
128551,23.0
128561,26.0
128567,30.0
128577,28.0
128578,17.0
128588,34.0
128598,20.0
128608,26.0
128618,33.0
128628,35.0
128638,23.0
128648,34.0
128656,28.0
128666,38.0
128676,40.0
128686,26.0
128696,27.0
128698,15.0
128699,17.0
128701,15.0
128709,32.0
128719,17.0
128729,31.0
128730,18.0
128740,25.0
128750,26.0
128760,28.0
128762,16.0
128772,38.0
128782,22.0
128783,0.0
128788,17.0
128796,18.0
128806,27.0
128816,30.0
128820,15.0
128821,17.0
128831,22.0
128841,18.0
128851,29.0
128856,31.0
128866,42.0
128876,29.0
128886,31.0
128888,16.0
128898,31.0
128907,27.0
128916,29.0
128917,15.0
128927,36.0
128932,24.0
128942,29.0
128952,27.0
128955,20.0
128956,14.0
128959,16.0
128969,29.0
128971,18.0
128977,30.0
128987,24.0
128997,30.0
129007,31.0
129011,19.0
129021,23.0
129031,30.0
129034,17.0
129044,29.0
129054,35.0
129064,35.0
129074,24.0
129082,29.0
129092,20.0
129102,33.0
129112,33.0
129118,18.0
129126,21.0
129136,33.0
129143,25.0
129153,23.0
129163,28.0
129167,19.0
129177,29.0
129187,27.0
129197,28.0
129203,31.0
129213,30.0
129223,26.0
129233,37.0
129239,21.0
129249,34.0
129250,17.0
129260,35.0
129270,40.0
129280,30.0
129290,35.0
129300,32.0
129310,18.0
129320,33.0
129329,34.0
129339,25.0
129349,30.0
129359,25.0
129369,28.0
129379,32.0
129389,31.0
129399,29.0
129409,30.0
129419,35.0
129427,22.0
129434,29.0
129439,17.0
129447,25.0
129457,33.0
129462,18.0
129468,20.0
129478,31.0
129486,22.0
129491,16.0
129501,28.0
129507,32.0
129514,17.0
129524,31.0
129534,24.0
129542,29.0
129545,17.0
129555,27.0
129565,30.0
129575,33.0
129585,43.0
129587,16.0
129597,42.0
129605,27.0
129615,30.0
129625,29.0
129635,20.0
129645,27.0
129655,29.0
129665,29.0
129675,24.0
129685,25.0
129695,28.0
129705,20.0
129712,31.0
129716,19.0
129723,31.0
129728,17.0
129731,17.0
129741,33.0
129751,25.0
129761,25.0
129768,38.0
129778,34.0
129788,35.0
129798,26.0
129808,29.0
129814,25.0
129815,17.0
129825,25.0
129835,41.0
129845,37.0
129855,28.0
129863,32.0
129866,18.0
129874,36.0
129884,30.0
129887,17.0
129894,24.0
129897,18.0
129902,17.0
129907,20.0
129917,39.0
129927,22.0
129937,28.0
129947,27.0
129948,16.0
129949,14.0
129959,40.0
129964,14.0
129973,28.0
129983,29.0
129993,37.0
130003,35.0
130008,23.0
130011,19.0
130014,18.0
130020,16.0
130027,27.0
130037,25.0
130047,36.0
130057,32.0
130067,30.0
130068,16.0
130075,28.0
130082,28.0
130092,34.0
130094,15.0
130104,32.0
130113,31.0
130116,13.0
130119,17.0
130129,30.0
130139,28.0
130149,29.0
130159,20.0
130162,16.0
130172,26.0
130176,17.0
130183,23.0
130193,30.0
130203,25.0
130213,30.0
130217,16.0
130227,31.0
130237,34.0
130247,32.0
130257,29.0
130260,15.0
130264,17.0
130269,17.0
130279,24.0
130289,30.0
130293,18.0
130301,33.0
130302,18.0
130312,33.0
130314,17.0
130322,20.0
130327,22.0
130337,18.0
130347,25.0
130355,24.0
130365,36.0
130375,34.0
130380,25.0
130390,28.0
130392,17.0
130396,14.0
130406,34.0
130408,16.0
130409,16.0
130419,24.0
130423,13.0
130433,33.0
130443,28.0
130453,18.0
130463,36.0
130471,32.0
130481,29.0
130483,15.0
130493,16.0
130503,28.0
130513,33.0
130523,27.0
130533,38.0
130541,26.0
130551,24.0
130561,25.0
130571,23.0
130581,36.0
130591,25.0
130592,19.0
130602,25.0
130612,29.0
130622,29.0
130632,31.0
130637,28.0
130647,25.0
130657,25.0
130667,30.0
130677,27.0
130680,17.0
130683,17.0
130685,17.0
130692,30.0
130702,27.0
130712,21.0
130722,24.0
130723,14.0
130733,23.0
130743,19.0
130744,17.0
130748,16.0
130758,21.0
130768,30.0
130778,45.0
130788,28.0
130792,16.0
130800,30.0
130810,35.0
130820,34.0
130830,38.0
130840,31.0
130848,24.0
130858,29.0
130868,30.0
130876,29.0
130886,29.0
130892,28.0
130902,23.0
130912,33.0
130917,21.0
130925,24.0
130935,23.0
130943,24.0
130953,30.0
130962,22.0
130967,15.0
130977,27.0
130987,31.0
130997,31.0
131007,31.0
131014,25.0
131022,29.0
131030,28.0
131031,0.0
131041,37.0
131051,32.0
131055,16.0
131065,37.0
131075,28.0
131082,24.0
131092,34.0
131096,12.0
131106,22.0
131116,27.0
131126,26.0
131136,26.0
131139,16.0
131149,37.0
131153,16.0
131157,19.0
131163,31.0
131173,32.0
131183,23.0
131193,27.0
131196,18.0
131206,32.0
131216,30.0
131226,32.0
131235,33.0
131245,21.0
131255,24.0
131257,16.0
131258,16.0
131260,18.0
131268,27.0
131278,25.0
131280,17.0
131290,25.0
131298,26.0
131308,31.0
131311,16.0
131321,26.0
131323,14.0
131331,26.0
131341,32.0
131342,15.0
131350,26.0
131359,23.0
131365,27.0
131375,27.0
131377,17.0
131384,19.0
131394,25.0
131401,20.0
131411,29.0
131412,18.0
131422,26.0
131432,24.0
131442,30.0
131452,22.0
131462,26.0
131472,29.0
131482,29.0
131488,27.0
131497,29.0
131500,15.0
131510,27.0
131520,30.0
131524,17.0
131534,24.0
131544,28.0
131554,33.0
131562,24.0
131572,27.0
131582,29.0
131592,27.0
131602,22.0
131612,35.0
131613,17.0
131616,17.0
131620,18.0
131630,29.0
131640,30.0
131650,20.0
131654,17.0
131660,35.0
131670,30.0
131680,33.0
131690,35.0
131700,30.0
131710,30.0
131716,28.0
131726,27.0
131736,31.0
131746,25.0
131756,29.0
131766,32.0
131768,17.0
131778,28.0
131788,24.0
131798,24.0
131800,17.0
131810,21.0
131820,29.0
131830,30.0
131840,25.0
131842,17.0
131852,37.0
131862,29.0
131872,28.0
131882,39.0
131892,38.0
131902,27.0
131912,32.0
131922,29.0
131927,16.0
131937,26.0
131947,28.0
131957,32.0
131963,17.0
131966,18.0
131976,33.0
131986,33.0
131996,41.0
132006,36.0
132008,19.0
132009,15.0
132019,23.0
132029,28.0
132036,16.0
132046,13.0
132056,30.0
132066,21.0
132068,16.0
132078,32.0
132086,31.0
132088,15.0
132091,15.0
132101,32.0
132111,32.0
132121,36.0
132126,26.0
132130,14.0
132140,27.0
132150,29.0
132156,30.0
132157,18.0
132163,26.0
132173,33.0
132183,38.0
132193,35.0
132200,32.0
132210,28.0
132220,38.0
132228,30.0
132238,35.0
132248,36.0
132254,17.0
132264,26.0
132269,17.0
132279,23.0
132285,17.0
132295,22.0
132305,29.0
132315,26.0
132325,29.0
132335,31.0
132345,34.0
132355,33.0
132365,32.0
132367,17.0
132376,30.0
132386,33.0
132396,33.0
132406,25.0
132416,34.0
132426,33.0
132436,32.0
132446,27.0
132450,18.0
132451,19.0
132458,29.0
132462,19.0
132472,28.0
132476,19.0
132486,22.0
132495,28.0
132503,26.0
132513,34.0
132523,28.0
132529,38.0
132530,17.0
132540,27.0
132550,26.0
132560,22.0
132568,39.0
132578,38.0
132584,27.0
132594,26.0
132604,24.0
132614,19.0
132624,36.0
132634,30.0
132638,18.0
132648,30.0
132658,26.0
132668,30.0
132678,24.0
132681,17.0
132691,35.0
132701,26.0
132711,37.0
132721,27.0
132731,29.0
132741,23.0
132751,32.0
132759,27.0
132769,18.0
132779,31.0
132789,32.0
132794,16.0
132804,37.0
132814,27.0
132822,27.0
132832,27.0
132842,27.0
132852,25.0
132862,29.0
132872,23.0
132882,33.0
132887,32.0
132888,20.0
132893,27.0
132903,25.0
132913,28.0
132923,30.0
132932,29.0
132942,29.0
132948,33.0
132958,30.0
132962,17.0
132972,37.0
132982,33.0
132988,22.0
132990,17.0
133000,17.0
133010,27.0
133020,30.0
133030,29.0
133040,26.0
133050,31.0
133051,16.0
133061,25.0
133066,15.0
133076,30.0
133086,34.0
133096,28.0
133105,40.0
133115,33.0
133125,28.0
133135,27.0
133145,32.0
133155,26.0
133164,24.0
133174,30.0
133184,37.0
133194,31.0
133203,27.0
133213,32.0
133223,30.0
133233,31.0
133243,20.0
133253,30.0
133263,20.0
133264,17.0
133274,28.0
133284,24.0
133287,17.0
133297,22.0
133300,18.0
133310,28.0
133320,36.0
133322,19.0
133332,28.0
133342,25.0
133352,34.0
133362,27.0
133372,33.0
133382,32.0
133392,30.0
133398,27.0
133406,29.0
133413,38.0
133421,33.0
133427,23.0
133437,24.0
133447,25.0
133454,22.0
133464,31.0
133474,25.0
133484,27.0
133493,30.0
133494,16.0
133504,22.0
133514,32.0
133524,34.0
133534,23.0
133536,17.0
133546,23.0
133556,31.0
133561,28.0
133571,38.0
133581,38.0
133584,19.0
133594,37.0
133604,35.0
133614,24.0
133624,37.0
133633,33.0
133643,20.0
133653,22.0
133660,24.0
133670,25.0
133680,23.0
133690,38.0
133700,35.0
133703,16.0
133713,36.0
133723,34.0
133733,32.0
133743,42.0
133753,26.0
133763,33.0
133773,32.0
133783,33.0
133784,16.0
133792,31.0
133799,29.0
133809,30.0
133819,32.0
133829,32.0
133839,27.0
133849,36.0
133859,24.0
133869,28.0
133871,13.0
133881,28.0
133888,37.0
133898,28.0
133907,28.0
133917,30.0
133927,29.0
133937,31.0
133947,35.0
133957,28.0
133958,15.0
133968,34.0
133978,27.0
133981,14.0
133991,20.0
134001,40.0
134011,32.0
134021,31.0
134031,27.0
134041,35.0
134051,35.0
134061,30.0
134071,34.0
134079,30.0
134088,20.0
134089,15.0
134092,16.0
134102,24.0
134105,15.0
134115,31.0
134125,41.0
134135,30.0
134145,31.0
134155,29.0
134165,30.0
134175,32.0
134177,16.0
134187,37.0
134197,34.0
134203,17.0
134213,26.0
134223,26.0
134233,22.0
134241,26.0
134251,25.0
134252,17.0
134262,35.0
134272,41.0
134281,25.0
134291,27.0
134301,37.0
134304,14.0
134314,27.0
134324,29.0
134331,16.0
134334,16.0
134341,23.0
134351,27.0
134355,17.0
134365,28.0
134375,23.0
134379,20.0
134388,31.0
134395,23.0
134397,14.0
134407,28.0
134417,22.0
134422,24.0
134432,25.0
134442,34.0
134452,33.0
134462,23.0
134471,29.0
134480,18.0
134485,18.0
134495,29.0
134505,34.0
134515,24.0
134525,31.0
134535,34.0
134538,18.0
134548,24.0
134558,29.0
134568,34.0
134578,43.0
134584,24.0
134594,25.0
134604,27.0
134605,17.0
134608,16.0
134618,35.0
134628,22.0
134638,24.0
134644,29.0
134654,30.0
134664,25.0
134667,16.0
134677,38.0
134684,32.0
134694,39.0
134704,25.0
134705,16.0
134713,24.0
134723,30.0
134725,19.0
134728,17.0
134738,30.0
134743,18.0
134753,23.0
134763,37.0
134773,38.0
134777,17.0
134787,23.0
134797,26.0
134807,34.0
134817,35.0
134820,16.0
134824,18.0
134834,37.0
134844,24.0
134854,27.0
134864,23.0
134867,17.0
134877,22.0
134887,30.0
134897,27.0
134907,32.0
134914,26.0
134923,27.0
134927,15.0
134937,22.0
134947,30.0
134957,28.0
134967,32.0
134977,30.0
134987,29.0
134997,32.0
135000,16.0
135010,37.0
135020,32.0
135030,29.0
135036,29.0
135046,25.0
135056,20.0
135058,16.0
135064,19.0
135066,19.0
135076,28.0
135086,26.0
135096,27.0
135106,33.0
135116,35.0
135126,31.0
135136,33.0
135137,16.0
135147,32.0
135157,27.0
135160,18.0
135170,27.0
135180,31.0
135190,27.0
135200,31.0
135210,29.0
135220,27.0
135230,25.0
135240,31.0
135250,34.0
135260,21.0
135270,30.0
135280,34.0
135286,23.0
135296,32.0
135301,26.0
135311,36.0
135321,31.0
135331,25.0
135341,34.0
135345,16.0
135355,33.0
135365,29.0
135375,39.0
135385,26.0
135395,27.0
135397,18.0
135403,24.0
135413,40.0
135421,27.0
135431,24.0
135435,18.0
135445,26.0
135455,29.0
135456,16.0
135466,26.0
135476,25.0
135486,27.0
135493,24.0
135503,24.0
135513,26.0
135523,30.0
135526,17.0
135536,20.0
135546,25.0
135550,17.0
135560,25.0
135570,33.0
135580,28.0
135588,28.0
135598,26.0
135608,27.0
135618,33.0
135628,36.0
135636,27.0
135646,33.0
135651,33.0
135661,21.0
135671,19.0
135681,34.0
135691,32.0
135692,16.0
135702,33.0
135709,30.0
135719,18.0
135727,22.0
135737,22.0
135747,25.0
135757,30.0
135767,29.0
135774,27.0
135782,36.0
135792,33.0
135802,23.0
135812,24.0
135816,15.0
135826,33.0
135836,42.0
135846,33.0
135856,26.0
135866,32.0
135876,37.0
135879,18.0
135889,18.0
135899,41.0
135901,18.0
135903,18.0
135907,19.0
135917,38.0
135927,24.0
135935,19.0
135945,22.0
135955,31.0
135965,29.0
135975,25.0
135978,17.0
135988,30.0
135998,24.0
136008,26.0
136018,36.0
136023,11.0
136029,28.0
136039,33.0
136046,16.0
136056,28.0
136057,15.0
136067,24.0
136077,29.0
136087,31.0
136092,22.0
136102,36.0
136106,17.0
136116,34.0
136124,24.0
136127,15.0
136137,33.0
136147,22.0
136156,27.0
136158,16.0
136162,16.0
136169,28.0
136177,22.0
136179,17.0
136189,32.0
136199,38.0
136209,29.0
136219,21.0
136221,17.0
136231,33.0
136241,37.0
136251,30.0
136253,14.0
136263,40.0
136273,30.0
136277,16.0
136287,34.0
136297,25.0
136305,30.0
136315,27.0
136325,30.0
136335,43.0
136345,27.0
136355,33.0
136365,28.0
136371,29.0
136381,25.0
136391,27.0
136401,26.0
136411,29.0
136421,28.0
136431,29.0
136441,40.0
136451,32.0
136461,29.0
136471,29.0
136478,29.0
136487,32.0
136491,19.0
136501,33.0
136511,32.0
136521,39.0
136531,31.0
136541,26.0
136551,33.0
136553,14.0
136563,37.0
136573,28.0
136583,33.0
136593,32.0
136594,18.0
136604,28.0
136614,28.0
136624,26.0
136631,23.0
136639,24.0
136649,32.0
136652,18.0
136662,25.0
136671,22.0
136681,20.0
136691,30.0
136696,16.0
136706,23.0
136709,16.0
136719,35.0
136729,27.0
136739,31.0
136749,31.0
136759,27.0
136769,31.0
136779,20.0
136789,32.0
136799,26.0
136800,17.0
136810,35.0
136815,17.0
136824,27.0
136825,18.0
136835,29.0
136842,27.0
136852,39.0
136855,15.0
136859,18.0
136866,32.0
136876,38.0
136885,31.0
136895,25.0
136904,21.0
136905,17.0
136910,19.0
136915,17.0
136920,25.0
136930,25.0
136940,30.0
136950,31.0
136960,31.0
136970,34.0
136980,33.0
136990,32.0
137000,42.0
137010,27.0
137020,33.0
137025,15.0
137035,22.0
137040,16.0
137043,17.0
137053,22.0
137059,12.0
137068,26.0
137078,31.0
137088,29.0
137098,24.0
137108,27.0
137118,27.0
137128,23.0
137138,32.0
137148,34.0
137158,29.0
137168,25.0
137178,27.0
137188,25.0
137198,34.0
137206,22.0
137216,32.0
137226,35.0
137236,33.0
137238,16.0
137245,28.0
137255,30.0
137262,15.0
137263,19.0
137267,15.0
137274,32.0
137284,37.0
137294,25.0
137297,17.0
137307,32.0
137317,27.0
137327,41.0
137334,23.0
137338,17.0
137343,28.0
137353,28.0
137363,27.0
137373,31.0
137374,16.0
137384,24.0
137394,29.0
137404,32.0
137410,29.0
137420,30.0
137421,17.0
137431,21.0
137441,41.0
137451,34.0
137461,29.0
137464,15.0
137474,23.0
137484,27.0
137494,36.0
137504,22.0
137514,34.0
137524,41.0
137534,36.0
137541,40.0
137551,26.0
137555,18.0
137559,16.0
137569,28.0
137579,27.0
137589,29.0
137596,17.0
137606,24.0
137616,16.0
137625,27.0
137631,25.0
137641,29.0
137651,22.0
137661,28.0
137671,27.0
137673,17.0
137683,32.0
137693,31.0
137703,26.0
137713,30.0
137723,32.0
137733,29.0
137743,34.0
137753,46.0
137763,36.0
137773,23.0
137783,29.0
137793,27.0
137797,16.0
137802,17.0
137812,18.0
137822,33.0
137832,30.0
137837,17.0
137846,32.0
137854,37.0
137864,28.0
137873,15.0
137877,17.0
137887,34.0
137896,28.0
137906,32.0
137916,31.0
137926,28.0
137936,38.0
137945,27.0
137955,15.0
137965,40.0
137975,26.0
137985,29.0
137995,23.0
138001,27.0
138011,29.0
138014,17.0
138024,29.0
138032,24.0
138042,29.0
138052,27.0
138062,27.0
138072,31.0
138074,16.0
138082,26.0
138084,16.0
138087,14.0
138097,31.0
138103,26.0
138107,18.0
138114,26.0
138124,27.0
138134,29.0
138141,15.0
138151,29.0
138161,31.0
138171,23.0
138181,33.0
138191,31.0
138201,28.0
138211,22.0
138221,22.0
138223,18.0
138227,15.0
138237,25.0
138247,23.0
138257,41.0
138259,16.0
138269,30.0
138278,29.0
138284,18.0
138294,37.0
138304,33.0
138314,25.0
138324,28.0
138325,18.0
138335,28.0
138341,25.0
138349,25.0
138351,16.0
138361,33.0
138365,18.0
138375,38.0
138379,17.0
138389,34.0
138399,25.0
138407,25.0
138410,13.0
138414,17.0
138416,17.0
138417,17.0
138427,33.0
138437,23.0
138446,34.0
138456,21.0
138466,25.0
138476,32.0
138486,32.0
138496,40.0
138506,26.0
138516,34.0
138525,23.0
138535,23.0
138545,31.0
138546,18.0
138556,17.0
138563,27.0
138573,35.0
138581,39.0
138591,22.0
138594,16.0
138600,24.0
138604,15.0
138613,22.0
138623,22.0
138633,32.0
138643,21.0
138647,15.0
138657,18.0
138667,34.0
138677,31.0
138687,33.0
138697,30.0
138707,24.0
138717,26.0
138722,27.0
138731,22.0
138741,26.0
138751,38.0
138761,21.0
138771,17.0
138776,31.0
138786,23.0
138796,30.0
138805,27.0
138815,24.0
138825,19.0
138829,19.0
138839,18.0
138849,32.0
138855,16.0
138865,27.0
138868,16.0
138877,27.0
138885,28.0
138895,35.0
138905,28.0
138912,29.0
138914,18.0
138924,24.0
138934,28.0
138944,34.0
138948,17.0
138958,31.0
138968,34.0
138969,18.0
138970,17.0
138980,41.0
138990,24.0
138999,25.0
139009,29.0
139019,34.0
139029,28.0
139039,25.0
139049,31.0
139059,33.0
139069,22.0
139079,32.0
139080,17.0
139090,31.0
139100,22.0
139110,31.0
139120,32.0
139130,26.0
139134,15.0
139144,25.0
139153,34.0
139163,31.0
139173,32.0
139183,29.0
139193,33.0
139203,26.0
139213,28.0
139223,25.0
139233,31.0
139243,33.0
139253,25.0
139262,21.0
139271,28.0
139272,16.0
139276,19.0
139286,36.0
139294,34.0
139299,21.0
139309,28.0
139314,27.0
139324,26.0
139334,26.0
139337,17.0
139347,24.0
139357,27.0
139358,18.0
139368,31.0
139374,27.0
139379,17.0
139389,27.0
139399,24.0
139409,22.0
139419,29.0
139424,18.0
139427,16.0
139436,23.0
139446,27.0
139456,35.0
139466,32.0
139467,16.0
139477,22.0
139487,25.0
139489,13.0
139499,30.0
139509,29.0
139519,29.0
139525,24.0
139535,32.0
139540,27.0
139550,33.0
139560,24.0
139570,35.0
139575,17.0
139585,26.0
139589,15.0
139599,30.0
139609,27.0
139619,29.0
139629,25.0
139639,28.0
139649,32.0
139659,29.0
139669,27.0
139679,33.0
139685,16.0
139695,30.0
139705,22.0
139715,30.0
139725,33.0
139735,32.0
139738,16.0
139745,25.0
139748,19.0
139758,28.0
139768,31.0
139770,17.0
139780,35.0
139790,33.0
139794,16.0
139804,30.0
139814,29.0
139821,40.0
139831,29.0
139841,27.0
139851,46.0
139852,19.0
139862,22.0
139872,33.0
139882,30.0
139892,28.0
139902,33.0
139905,18.0
139908,18.0
139918,37.0
139924,29.0
139934,29.0
139944,44.0
139952,22.0
139962,23.0
139972,33.0
139982,36.0
139992,28.0
140002,21.0
140012,38.0
140022,32.0
140032,35.0
140042,18.0
140050,29.0
140060,25.0
140066,32.0
140071,26.0
140081,39.0
140091,27.0
140101,21.0
140102,16.0
140112,20.0
140122,33.0
140132,26.0
140135,18.0
140145,25.0
140147,16.0
140151,16.0
140161,23.0
140171,27.0
140174,17.0
140184,39.0
140194,28.0
140204,35.0
140209,28.0
140212,13.0
140214,19.0
140218,16.0
140227,29.0
140237,28.0
140247,28.0
140251,16.0
140261,27.0
140271,21.0
140277,27.0
140287,40.0
140297,42.0
140307,31.0
140317,31.0
140326,31.0
140336,32.0
140346,29.0
140356,24.0
140366,29.0
140376,31.0
140386,30.0
140396,23.0
140406,29.0
140414,25.0
140424,34.0
140434,20.0
140438,18.0
140448,27.0
140458,26.0
140468,29.0
140478,29.0
140488,19.0
140496,25.0
140497,18.0
140507,31.0
140517,35.0
140527,25.0
140535,30.0
140545,31.0
140548,17.0
140558,23.0
140568,27.0
140578,27.0
140588,34.0
140596,30.0
140606,33.0
140607,16.0
140616,30.0
140626,19.0
140635,23.0
140645,34.0
140655,28.0
140660,15.0
140670,22.0
140674,17.0
140684,29.0
140694,35.0
140700,22.0
140710,18.0
140720,19.0
140730,26.0
140731,14.0
140740,27.0
140750,23.0
140760,32.0
140770,31.0
140780,27.0
140789,22.0
140798,37.0
140808,35.0
140817,20.0
140819,16.0
140827,28.0
140837,31.0
140847,31.0
140857,30.0
140867,31.0
140877,24.0
140887,37.0
140897,25.0
140906,29.0
140910,19.0
140920,30.0
140925,16.0
140930,16.0
140933,17.0
140943,22.0
140953,26.0
140959,13.0
140961,16.0
140971,31.0
140981,32.0
140991,40.0
141001,26.0
141011,31.0
141021,30.0
141031,25.0
141041,23.0
141051,30.0
141055,17.0
141065,30.0
141071,18.0
141074,16.0
141076,15.0
141082,23.0
141092,32.0
141102,32.0
141112,27.0
141122,36.0
141132,31.0
141142,24.0
141152,37.0
141155,15.0
141163,31.0
141165,17.0
141175,28.0
141185,24.0
141195,36.0
141205,35.0
141215,18.0
141225,29.0
141235,32.0
141236,0.0
141246,25.0
141256,22.0
141259,15.0
141261,17.0
141271,48.0
141281,28.0
141287,15.0
141297,21.0
141307,30.0
141317,21.0
141327,28.0
141330,19.0
141340,30.0
141341,16.0
141351,35.0
141358,16.0
141368,24.0
141378,36.0
141388,37.0
141390,18.0
141400,24.0
141404,15.0
141412,36.0
141422,28.0
141423,17.0
141432,30.0
141442,32.0
141451,32.0
141461,35.0
141471,36.0
141481,33.0
141491,31.0
141496,23.0
141506,28.0
141516,37.0
141526,21.0
141530,16.0
141540,26.0
141541,17.0
141551,28.0
141556,22.0
141559,17.0
141569,23.0
141579,34.0
141589,27.0
141592,16.0
141602,31.0
141612,31.0
141622,33.0
141632,29.0
141642,30.0
141652,25.0
141662,30.0
141672,27.0
141676,16.0
141686,21.0
141696,39.0
141702,32.0
141712,33.0
141722,32.0
141729,22.0
141739,36.0
141749,33.0
141752,17.0
141762,20.0
141772,25.0
141782,27.0
141784,16.0
141794,25.0
141804,24.0
141814,38.0
141824,30.0
141834,29.0
141835,18.0
141845,30.0
141847,15.0
141857,33.0
141867,33.0
141877,26.0
141887,24.0
141897,17.0
141907,37.0
141917,33.0
141927,37.0
141937,28.0
141947,24.0
141956,25.0
141957,16.0
141967,25.0
141974,18.0
141977,16.0
141987,30.0
141990,17.0
142000,26.0
142010,33.0
142013,16.0
142023,32.0
142027,17.0
142037,25.0
142047,30.0
142057,35.0
142059,17.0
142069,29.0
142077,29.0
142081,17.0
142086,16.0
142088,20.0
142098,26.0
142108,27.0
142118,25.0
142128,20.0
142138,32.0
142148,28.0
142158,25.0
142159,18.0
142169,35.0
142179,23.0
142189,32.0
142199,23.0
142209,30.0
142219,36.0
142224,28.0
142233,22.0
142239,21.0
142241,17.0
142242,16.0
142252,37.0
142262,33.0
142272,43.0
142277,16.0
142278,0.0
142288,33.0
142298,28.0
142305,31.0
142315,30.0
142325,27.0
142328,18.0
142331,18.0
142338,30.0
142348,25.0
142352,16.0
142362,24.0
142372,46.0
142374,17.0
142384,35.0
142394,20.0
142404,25.0
142414,23.0
142416,20.0
142424,26.0
142434,38.0
142444,33.0
142454,25.0
142459,21.0
142469,25.0
142479,33.0
142482,18.0
142484,17.0
142492,24.0
142502,35.0
142505,17.0
142515,38.0
142525,29.0
142533,19.0
142543,29.0
142544,17.0
142554,24.0
142564,36.0
142574,30.0
142584,26.0
142594,31.0
142604,31.0
142614,32.0
142624,25.0
142634,33.0
142635,15.0
142645,27.0
142655,36.0
142665,33.0
142675,26.0
142685,32.0
142695,18.0
142696,17.0
142706,33.0
142711,27.0
142721,29.0
142730,21.0
142740,20.0
142750,22.0
142760,22.0
142764,17.0
142774,23.0
142775,18.0
142785,22.0
142788,18.0
142792,15.0
142802,24.0
142807,16.0
142817,27.0
142827,33.0
142837,33.0
142847,36.0
142855,34.0
142865,35.0
142875,30.0
142885,37.0
142887,19.0
142897,33.0
142907,32.0
142917,27.0
142924,16.0
142934,27.0
142937,19.0
142942,27.0
142952,32.0
142953,17.0
142963,27.0
142970,20.0
142974,16.0
142978,20.0
142979,0.0
142989,26.0
142998,33.0
143008,27.0
143009,17.0
143019,36.0
143027,33.0
143037,33.0
143047,27.0
143057,29.0
143058,16.0
143068,27.0
143078,28.0
143079,20.0
143080,15.0
143090,30.0
143093,19.0
143103,18.0
143113,31.0
143123,22.0
143133,28.0
143143,29.0
143153,27.0
143154,17.0
143164,26.0
143174,38.0
143178,17.0
143188,39.0
143198,34.0
143203,19.0
143209,34.0
143219,35.0
143229,39.0
143238,25.0
143239,16.0
143240,16.0
143250,34.0
143260,26.0
143270,32.0
143280,27.0
143285,25.0
143290,19.0
143300,29.0
143310,20.0
143320,43.0
143322,19.0
143327,18.0
143337,32.0
143347,28.0
143349,16.0
143351,17.0
143353,17.0
143363,22.0
143364,18.0
143374,31.0
143381,23.0
143386,27.0
143396,26.0
143406,37.0
143416,36.0
143426,23.0
143436,23.0
143437,17.0
143440,18.0
143450,28.0
143460,23.0
143470,26.0
143480,34.0
143490,25.0
143500,37.0
143509,32.0
143515,34.0
143525,30.0
143535,35.0
143545,30.0
143555,29.0
143565,25.0
143575,31.0
143577,17.0
143580,18.0
143590,41.0
143594,19.0
143604,34.0
143614,23.0
143615,16.0
143622,30.0
143632,25.0
143634,18.0
143644,26.0
143654,25.0
143657,20.0
143660,17.0
143670,26.0
143680,32.0
143690,18.0
143695,19.0
143701,19.0
143709,24.0
143719,39.0
143725,23.0
143730,26.0
143740,27.0
143744,15.0
143754,32.0
143764,26.0
143774,39.0
143781,27.0
143789,23.0
143799,30.0
143809,35.0
143819,23.0
143821,17.0
143826,27.0
143836,32.0
143841,20.0
143851,27.0
143861,25.0
143868,35.0
143878,36.0
143888,20.0
143892,17.0
143902,31.0
143912,39.0
143922,24.0
143932,28.0
143942,32.0
143952,31.0
143962,37.0
143969,24.0
143979,31.0
143981,15.0
143982,15.0
143992,22.0
143997,26.0
144007,32.0
144017,25.0
144027,23.0
144037,36.0
144047,27.0
144057,37.0
144067,27.0
144077,29.0
144087,25.0
144088,18.0
144098,32.0
144108,24.0
144118,26.0
144128,28.0
144138,23.0
144148,23.0
144158,36.0
144168,31.0
144178,30.0
144188,35.0
144189,16.0
144190,17.0
144200,34.0
144204,18.0
144214,20.0
144224,31.0
144231,31.0
144241,21.0
144243,20.0
144253,19.0
144263,30.0
144273,32.0
144279,17.0
144289,37.0
144291,16.0
144293,15.0
144301,29.0
144311,30.0
144321,25.0
144331,31.0
144336,32.0
144346,27.0
144347,17.0
144357,22.0
144362,18.0
144367,30.0
144377,33.0
144379,19.0
144389,33.0
144393,16.0
144403,24.0
144413,30.0
144422,31.0
144425,18.0
144435,27.0
144440,28.0
144450,29.0
144452,14.0
144460,21.0
144470,30.0
144480,35.0
144490,36.0
144496,28.0
144506,25.0
144516,22.0
144526,27.0
144529,17.0
144539,38.0
144542,17.0
144552,22.0
144562,25.0
144572,21.0
144582,22.0
144592,29.0
144599,23.0
144602,16.0
144612,23.0
144622,27.0
144632,22.0
144642,31.0
144652,25.0
144658,16.0
144660,16.0
144670,22.0
144680,25.0
144685,21.0
144693,32.0
144703,19.0
144713,34.0
144723,29.0
144733,44.0
144736,18.0
144746,23.0
144756,20.0
144757,20.0
144767,35.0
144777,32.0
144779,15.0
144789,26.0
144799,31.0
144809,38.0
144818,32.0
144828,26.0
144838,31.0
144848,27.0
144858,34.0
144860,16.0
144870,29.0
144872,16.0
144882,27.0
144892,30.0
144902,33.0
144904,17.0
144905,16.0
144915,36.0
144918,16.0
144928,30.0
144938,29.0
144940,17.0
144950,28.0
144955,25.0
144965,34.0
144975,33.0
144985,26.0
144995,25.0
145005,27.0
145015,33.0
145023,29.0
145033,24.0
145043,29.0
145053,39.0
145063,33.0
145068,31.0
145078,26.0
145088,37.0
145098,32.0
145103,27.0
145109,30.0
145119,35.0
145129,29.0
145139,28.0
145149,31.0
145155,20.0
145165,24.0
145175,26.0
145185,25.0
145191,16.0
145201,20.0
145211,29.0
145215,17.0
145225,25.0
145235,33.0
145245,36.0
145255,39.0
145265,22.0
145275,30.0
145284,30.0
145294,30.0
145304,30.0
145310,16.0
145320,22.0
145330,23.0
145340,30.0
145350,37.0
145351,18.0
145361,33.0
145365,13.0
145368,17.0
145378,22.0
145388,31.0
145398,25.0
145404,24.0
145412,33.0
145422,38.0
145432,24.0
145442,28.0
145448,21.0
145458,23.0
145466,25.0
145476,31.0
145485,17.0
145495,36.0
145501,15.0
145511,23.0
145513,14.0
145523,25.0
145533,27.0
145538,29.0
145548,21.0
145558,29.0
145568,32.0
145569,18.0
145571,16.0
145581,22.0
145591,30.0
145601,37.0
145607,14.0
145617,21.0
145627,42.0
145629,14.0
145639,34.0
145649,39.0
145657,34.0
145665,27.0
145675,30.0
145685,14.0
145695,22.0
145705,29.0
145715,25.0
145717,17.0
145727,33.0
145735,31.0
145740,24.0
145748,23.0
145749,15.0
145755,21.0
145756,17.0
145766,23.0
145771,29.0
145781,30.0
145784,19.0
145794,24.0
145804,28.0
145806,16.0
145808,16.0
145809,18.0
145819,24.0
145829,30.0
145830,16.0
145840,36.0
145847,30.0
145857,28.0
145866,19.0
145876,25.0
145886,31.0
145887,17.0
145897,20.0
145899,16.0
145909,32.0
145911,16.0
145913,13.0
145923,29.0
145925,17.0
145931,27.0
145941,27.0
145944,18.0
145951,22.0
145960,35.0
145970,16.0
145973,15.0
145983,21.0
145993,38.0
146003,22.0
146013,35.0
146023,28.0
146033,25.0
146043,29.0
146053,27.0
146063,31.0
146068,21.0
146078,26.0
146085,21.0
146095,36.0
146105,30.0
146115,21.0
146117,19.0
146127,38.0
146134,30.0
146144,28.0
146154,24.0
146155,18.0
146165,27.0
146168,16.0
146178,21.0
146179,0.0
146189,25.0
146199,32.0
146200,17.0
146207,28.0
146217,31.0
146227,37.0
146232,18.0
146237,17.0
146244,30.0
146254,22.0
146264,35.0
146274,33.0
146284,25.0
146294,27.0
146304,32.0
146314,28.0
146324,30.0
146334,30.0
146344,28.0
146354,34.0
146364,33.0
146366,16.0
146369,15.0
146377,31.0
146387,29.0
146396,39.0
146406,32.0
146416,24.0
146426,31.0
146434,21.0
146444,30.0
146454,20.0
146464,29.0
146474,40.0
146484,35.0
146493,24.0
146494,14.0
146503,45.0
146507,18.0
146517,25.0
146527,31.0
146534,28.0
146544,27.0
146554,32.0
146564,31.0
146574,23.0
146583,24.0
146593,39.0
146603,23.0
146607,15.0
146612,16.0
146622,36.0
146632,27.0
146639,28.0
146649,30.0
146657,28.0
146658,18.0
146662,17.0
146672,27.0
146682,27.0
146692,33.0
146702,27.0
146707,28.0
146717,25.0
146727,31.0
146737,26.0
146747,27.0
146748,15.0
146758,30.0
146768,21.0
146776,32.0
146782,30.0
146792,33.0
146802,23.0
146812,33.0
146819,28.0
146829,27.0
146831,16.0
146835,15.0
146836,0.0
146840,18.0
146850,29.0
146860,38.0
146870,28.0
146880,28.0
146890,35.0
146900,30.0
146910,35.0
146920,27.0
146930,31.0
146940,36.0
146950,35.0
146956,24.0
146966,27.0
146976,26.0
146982,18.0
146986,16.0
146996,42.0
147003,28.0
147013,37.0
147017,18.0
147022,33.0
147030,24.0
147033,17.0
147034,0.0
147044,29.0
147053,16.0
147060,23.0
147070,21.0
147080,32.0
147090,30.0
147100,30.0
147103,17.0
147106,15.0
147116,30.0
147126,40.0
147136,33.0
147146,29.0
147156,29.0
147164,23.0
147174,26.0
147181,33.0
147191,39.0
147197,25.0
147207,19.0
147213,17.0
147221,23.0
147231,25.0
147241,39.0
147244,16.0
147246,16.0
147256,21.0
147266,27.0
147267,16.0
147277,27.0
147287,29.0
147297,32.0
147307,34.0
147317,21.0
147322,17.0
147331,30.0
147337,17.0
147347,29.0
147357,25.0
147365,17.0
147375,24.0
147383,26.0
147391,31.0
147401,27.0
147403,16.0
147407,15.0
147410,17.0
147420,28.0
147430,27.0
147431,17.0
147441,29.0
147448,34.0
147454,18.0
147456,18.0
147466,27.0
147476,39.0
147486,37.0
147496,32.0
147506,21.0
147516,39.0
147520,15.0
147523,18.0
147526,16.0
147536,24.0
147542,16.0
147552,36.0
147561,31.0
147571,27.0
147581,30.0
147591,34.0
147601,28.0
147611,28.0
147621,34.0
147631,22.0
147641,31.0
147651,21.0
147661,25.0
147670,35.0
147680,24.0
147687,29.0
147689,17.0
147692,16.0
147702,31.0
147712,33.0
147722,29.0
147732,33.0
147742,27.0
147746,16.0
147756,23.0
147766,30.0
147772,16.0
147778,16.0
147788,34.0
147795,26.0
147803,24.0
147808,14.0
147813,16.0
147823,26.0
147826,18.0
147836,31.0
147845,25.0
147855,27.0
147865,31.0
147875,15.0
147885,27.0
147895,34.0
147900,16.0
147907,14.0
147908,16.0
147918,28.0
147921,17.0
147931,25.0
147941,40.0
147951,35.0
147953,17.0
147954,0.0
147964,31.0
147974,32.0
147984,31.0
147994,22.0
148004,31.0
148008,16.0
148018,35.0
148024,19.0
148025,18.0
148035,30.0
148045,31.0
148055,27.0
148057,17.0
148060,17.0
148068,26.0
148078,22.0
148088,24.0
148098,36.0
148100,14.0
148104,16.0
148114,27.0
148124,26.0
148134,22.0
148144,23.0
148154,38.0
148164,21.0
148174,30.0
148178,20.0
148188,18.0
148198,35.0
148208,23.0
148218,29.0
148228,22.0
148238,15.0
148242,17.0
148252,24.0
148262,38.0
148268,26.0
148278,32.0
148288,18.0
148298,22.0
148308,26.0
148318,25.0
148328,27.0
148338,32.0
148340,16.0
148350,25.0
148360,22.0
148370,20.0
148379,38.0
148389,29.0
148396,35.0
148406,22.0
148416,36.0
148426,28.0
148436,28.0
148446,28.0
148454,20.0
148455,16.0
148465,32.0
148475,29.0
148485,32.0
148489,18.0
148499,31.0
148504,17.0
148514,28.0
148524,32.0
148534,34.0
148544,28.0
148554,30.0
148559,27.0
148569,18.0
148579,28.0
148589,29.0
148590,16.0
148600,21.0
148608,35.0
148618,28.0
148628,29.0
148638,32.0
148648,32.0
148656,38.0
148663,32.0
148669,16.0
148679,27.0
148689,29.0
148699,27.0
148709,23.0
148719,19.0
148729,33.0
148734,16.0
148735,15.0
148745,32.0
148755,25.0
148765,24.0
148773,20.0
148776,18.0
148786,31.0
148796,22.0
148798,17.0
148807,27.0
148817,20.0
148827,24.0
148835,29.0
148845,32.0
148855,38.0
148865,19.0
148875,26.0
148881,17.0
148891,36.0
148901,32.0
148911,37.0
148921,21.0
148927,31.0
148928,18.0
148938,37.0
148947,24.0
148951,18.0
148961,32.0
148963,18.0
148972,26.0
148979,33.0
148989,28.0
148999,32.0
149009,28.0
149019,32.0
149029,35.0
149037,15.0
149047,33.0
149057,32.0
149067,44.0
149073,17.0
149083,38.0
149086,19.0
149096,19.0
149101,16.0
149111,27.0
149118,27.0
149128,38.0
149138,31.0
149148,23.0
149157,30.0
149166,30.0
149176,20.0
149186,40.0
149196,32.0
149202,16.0
149212,35.0
149222,29.0
149224,16.0
149234,25.0
149244,32.0
149254,29.0
149264,26.0
149273,29.0
149283,27.0
149293,28.0
149301,32.0
149311,30.0
149319,26.0
149329,31.0
149339,36.0
149349,34.0
149354,24.0
149357,16.0
149367,34.0
149373,17.0
149383,34.0
149393,34.0
149403,28.0
149413,35.0
149414,18.0
149420,25.0
149430,38.0
149440,32.0
149450,30.0
149451,16.0
149455,16.0
149465,32.0
149467,16.0
149477,35.0
149483,33.0
149493,37.0
149494,17.0
149496,15.0
149506,17.0
149516,30.0
149523,26.0
149532,27.0
149542,29.0
149552,31.0
149557,30.0
149567,29.0
149577,22.0
149587,18.0
149589,16.0
149590,19.0
149600,33.0
149610,20.0
149616,21.0
149621,23.0
149631,31.0
149632,0.0
149640,28.0
149650,33.0
149657,23.0
149667,22.0
149673,30.0
149683,34.0
149693,31.0
149699,25.0
149709,24.0
149719,27.0
149729,28.0
149739,22.0
149749,31.0
149759,29.0
149769,28.0
149779,36.0
149789,32.0
149799,39.0
149809,30.0
149814,16.0
149824,31.0
149834,25.0
149837,15.0
149847,30.0
149857,28.0
149867,35.0
149877,40.0
149887,39.0
149897,27.0
149907,27.0
149909,17.0
149910,16.0
149920,21.0
149930,24.0
149938,32.0
149948,31.0
149958,34.0
149968,28.0
149978,39.0
149988,26.0
149998,29.0
150008,34.0
