timesteps,episode_reward
10,19.0
20,20.0
22,0.0
32,17.0
42,57.0
52,18.0
62,18.0
63,0.0
73,18.0
83,17.0
91,19.0
101,18.0
103,0.0
112,0.0
122,16.0
125,20.0
127,0.0
133,15.0
143,16.0
153,20.0
157,0.0
163,17.0
173,18.0
183,18.0
191,19.0
201,43.0
211,60.0
213,18.0
223,0.0
233,14.0
238,17.0
243,19.0
253,0.0
258,17.0
268,18.0
269,0.0
279,16.0
289,17.0
295,0.0
298,0.0
308,19.0
311,0.0
321,18.0
329,17.0
336,63.0
346,15.0
356,17.0
363,17.0
373,20.0
383,18.0
390,17.0
400,18.0
410,53.0
420,17.0
430,20.0
436,17.0
446,20.0
454,18.0
464,57.0
467,18.0
474,18.0
484,19.0
490,0.0
500,18.0
510,19.0
512,0.0
522,15.0
528,17.0
538,17.0
548,18.0
553,18.0
563,17.0
573,19.0
583,19.0
589,0.0
599,17.0
609,18.0
619,15.0
620,0.0
630,16.0
631,0.0
641,19.0
645,0.0
649,19.0
652,0.0
654,18.0
664,46.0
674,17.0
684,16.0
694,44.0
698,0.0
708,16.0
709,0.0
719,51.0
723,14.0
724,0.0
729,19.0
731,0.0
741,17.0
742,0.0
748,16.0
758,18.0
768,18.0
778,17.0
783,17.0
793,16.0
797,17.0
800,17.0
801,0.0
811,17.0
821,16.0
831,16.0
838,0.0
848,17.0
858,19.0
864,19.0
866,19.0
876,51.0
886,18.0
896,17.0
899,16.0
909,18.0
919,16.0
929,43.0
939,0.0
949,13.0
955,20.0
965,19.0
973,17.0
983,59.0
993,17.0
1003,19.0
1007,0.0
1010,18.0
1014,19.0
1021,18.0
1031,19.0
1041,19.0
1051,19.0
1054,0.0
1063,18.0
1073,20.0
1083,53.0
1093,0.0
1103,18.0
1113,18.0
1123,44.0
1133,0.0
1143,15.0
1153,17.0
1163,16.0
1173,20.0
1183,16.0
1193,0.0
1201,19.0
1211,18.0
1217,18.0
1222,18.0
1232,18.0
1242,0.0
1252,20.0
1262,18.0
1272,20.0
1280,19.0
1290,16.0
1300,16.0
1302,0.0
1312,53.0
1315,0.0
1319,18.0
1329,65.0
1332,18.0
1342,19.0
1352,18.0
1354,0.0
1364,18.0
1374,17.0
1384,18.0
1394,17.0
1404,19.0
1414,16.0
1424,50.0
1434,16.0
1444,17.0
1454,16.0
1464,20.0
1474,18.0
1484,16.0
1494,19.0
1504,17.0
1514,43.0
1524,15.0
1534,19.0
1535,19.0
1545,18.0
1555,17.0
1565,17.0
1569,16.0
1571,0.0
1576,16.0
1586,17.0
1596,19.0
1605,18.0
1611,0.0
1621,19.0
1631,16.0
1641,18.0
1651,19.0
1661,18.0
1671,52.0
1681,15.0
1686,20.0
1693,16.0
1703,19.0
1706,19.0
1715,18.0
1716,0.0
1725,17.0
1726,0.0
1734,19.0
1740,0.0
1750,19.0
1758,16.0
1768,19.0
1775,15.0
1785,51.0
1794,0.0
1804,18.0
1814,17.0
1823,17.0
1830,19.0
1840,20.0
1850,20.0
1851,0.0
1861,20.0
1868,16.0
1873,19.0
1883,18.0
1893,0.0
1903,16.0
1905,16.0
1911,17.0
1920,17.0
1929,19.0
1939,18.0
1949,16.0
1959,19.0
1960,0.0
1970,18.0
1980,20.0
1990,17.0
1999,18.0
2007,0.0
2014,19.0
2024,17.0
2027,0.0
2037,17.0
2041,0.0
2051,50.0
2061,54.0
2071,59.0
2081,18.0
2091,17.0
2095,19.0
2102,18.0
2112,18.0
2122,17.0
2124,0.0
2126,0.0
2136,18.0
2146,18.0
2156,19.0
2166,20.0
2175,18.0
2178,0.0
2183,16.0
2193,16.0
2200,18.0
2210,15.0
2220,0.0
2225,19.0
2235,18.0
2245,19.0
2255,18.0
2261,15.0
2262,18.0
2269,0.0
2277,19.0
2287,0.0
2297,18.0
2307,19.0
2317,18.0
2322,16.0
2332,17.0
2341,53.0
2346,0.0
2356,16.0
2359,0.0
2369,17.0
2379,17.0
2389,19.0
2399,17.0
2409,19.0
2410,0.0
2420,17.0
2430,15.0
2440,18.0
2446,19.0
2456,17.0
2466,18.0
2471,15.0
2481,16.0
2491,18.0
2496,17.0
2505,18.0
2515,18.0
2525,13.0
2535,18.0
2544,15.0
2546,0.0
2556,18.0
2566,19.0
2576,17.0
2586,52.0
2596,18.0
2606,15.0
2608,0.0
2618,19.0
2628,16.0
2634,18.0
2644,17.0
2649,19.0
2659,17.0
2669,18.0
2671,0.0
2674,17.0
2684,16.0
2690,19.0
2700,50.0
2701,0.0
2703,0.0
2708,17.0
2718,17.0
2728,18.0
2730,0.0
2731,0.0
2741,20.0
2751,18.0
2757,18.0
2766,16.0
2771,16.0
2776,20.0
2780,0.0
2783,19.0
2787,0.0
2797,19.0
2807,17.0
2817,19.0
2821,0.0
2829,20.0
2830,0.0
2836,19.0
2846,18.0
2848,0.0
2858,17.0
2868,17.0
2873,0.0
2880,0.0
2886,19.0
2891,19.0
2901,17.0
2911,18.0
2921,17.0
2931,57.0
2936,18.0
2946,20.0
2956,0.0
2966,20.0
2971,0.0
2981,0.0
2991,18.0
3001,16.0
3010,0.0
3020,19.0
3030,18.0
3035,17.0
3045,19.0
3053,20.0
3063,17.0
3064,0.0
3068,17.0
3078,0.0
3088,16.0
3098,54.0
3102,18.0
3104,0.0
3111,17.0
3119,16.0
3125,17.0
3135,19.0
3145,32.0
3155,17.0
3164,17.0
3166,17.0
3176,17.0
3178,0.0
3188,18.0
3198,53.0
3202,0.0
3204,17.0
3214,18.0
3217,18.0
3227,17.0
3237,19.0
3247,18.0
3253,0.0
3263,17.0
3269,17.0
3276,15.0
3278,0.0
3284,18.0
3294,50.0
3304,18.0
3314,52.0
3322,17.0
3326,19.0
3336,19.0
3346,44.0
3352,18.0
3362,19.0
3372,19.0
3382,56.0
3392,20.0
3402,54.0
3410,19.0
3418,18.0
3428,17.0
3438,18.0
3447,59.0
3457,17.0
3463,15.0
3473,17.0
3483,18.0
3493,17.0
3503,54.0
3504,0.0
3514,16.0
3524,19.0
3534,18.0
3544,19.0
3547,15.0
3557,17.0
3558,0.0
3568,53.0
3578,18.0
3588,17.0
3598,18.0
3608,17.0
3618,17.0
3621,15.0
3631,48.0
3641,0.0
3651,18.0
3661,18.0
3666,18.0
3668,0.0
3678,19.0
3681,16.0
3691,18.0
3701,48.0
3703,0.0
3713,51.0
3716,17.0
3726,45.0
3729,0.0
3732,0.0
3742,62.0
3748,20.0
3758,18.0
3768,20.0
3778,17.0
3779,0.0
3789,18.0
3799,18.0
3809,19.0
3819,54.0
3829,15.0
3835,18.0
3836,18.0
3839,18.0
3843,0.0
3853,61.0
3863,19.0
3873,19.0
3876,0.0
3886,60.0
3896,18.0
3906,15.0
3914,17.0
3916,0.0
3925,19.0
3935,17.0
3936,17.0
3942,17.0
3945,0.0
3950,17.0
3951,0.0
3956,17.0
3966,17.0
3976,49.0
3981,13.0
3989,19.0
3990,0.0
4000,13.0
4010,17.0
4020,49.0
4021,0.0
4031,18.0
4037,18.0
4047,19.0
4057,18.0
4067,16.0
4077,15.0
4080,0.0
4090,17.0
4100,17.0
4110,43.0
4120,19.0
4130,15.0
4140,18.0
4150,17.0
4154,0.0
4164,17.0
4174,54.0
4184,17.0
4194,18.0
4197,0.0
4207,16.0
4217,19.0
4224,18.0
4226,17.0
4233,19.0
4241,18.0
4242,0.0
4252,19.0
4262,15.0
4272,18.0
4282,18.0
4288,17.0
4298,18.0
4300,0.0
4302,0.0
4312,17.0
4322,18.0
4332,18.0
4333,0.0
4335,0.0
4345,52.0
4355,18.0
4359,18.0
4369,15.0
4379,19.0
4386,18.0
4396,55.0
4406,19.0
4416,20.0
4417,0.0
4420,19.0
4430,17.0
4440,18.0
4450,17.0
4460,20.0
4468,18.0
4478,19.0
4480,17.0
4490,20.0
4500,54.0
4510,19.0
4520,17.0
4530,18.0
4540,0.0
4550,16.0
4556,17.0
4566,17.0
4576,0.0
4581,0.0
4586,18.0
4594,19.0
4597,17.0
4600,0.0
4610,18.0
4613,0.0
4623,17.0
4628,19.0
4633,18.0
4643,54.0
4645,18.0
4655,17.0
4665,51.0
4675,19.0
4685,57.0
4695,16.0
4705,58.0
4715,17.0
4716,16.0
4726,18.0
4736,17.0
4739,0.0
4749,20.0
4758,15.0
4762,0.0
4772,18.0
4778,16.0
4788,16.0
4791,0.0
4801,16.0
4811,18.0
4814,0.0
4817,17.0
4827,57.0
4837,18.0
4841,18.0
4851,19.0
4861,19.0
4864,0.0
4869,19.0
4879,17.0
4889,18.0
4899,54.0
4909,18.0
4919,17.0
4927,15.0
4937,18.0
4944,15.0
4954,17.0
4962,19.0
4972,18.0
4981,49.0
4991,19.0
5001,18.0
5003,18.0
5007,17.0
5017,14.0
5021,17.0
5030,18.0
5040,19.0
5050,16.0
5060,19.0
5070,49.0
5080,18.0
5090,18.0
5094,17.0
5104,19.0
5109,19.0
5112,0.0
5119,17.0
5129,20.0
5136,19.0
5146,17.0
5156,17.0
5166,19.0
5176,18.0
5181,0.0
5191,18.0
5201,18.0
5211,19.0
5221,16.0
5222,0.0
5232,17.0
5242,15.0
5245,0.0
5251,19.0
5261,17.0
5271,51.0
5272,0.0
5282,17.0
5292,20.0
5302,17.0
5312,16.0
5313,0.0
5323,16.0
5333,18.0
5343,16.0
5353,17.0
5354,0.0
5364,16.0
5374,18.0
5379,18.0
5389,18.0
5390,0.0
5391,0.0
5401,18.0
5411,19.0
5421,17.0
5431,16.0
5441,18.0
5451,17.0
5459,18.0
5460,0.0
5470,16.0
5472,0.0
5482,17.0
5492,54.0
5502,55.0
5512,17.0
5522,18.0
5526,0.0
5536,18.0
5546,14.0
5556,19.0
5566,48.0
5576,19.0
5586,17.0
5593,16.0
5596,0.0
5606,56.0
5612,17.0
5622,17.0
5632,19.0
5642,17.0
5652,19.0
5662,17.0
5663,19.0
5673,19.0
5683,17.0
5686,19.0
5696,15.0
5705,20.0
5715,16.0
5720,18.0
5729,15.0
5739,18.0
5749,17.0
5759,18.0
5767,18.0
5769,0.0
5779,18.0
5787,19.0
5797,18.0
5807,52.0
5817,0.0
5827,17.0
5837,16.0
5847,18.0
5857,51.0
5867,52.0
5877,16.0
5887,17.0
5897,17.0
5901,0.0
5903,0.0
5906,0.0
5913,0.0
5923,18.0
5933,50.0
5943,48.0
5953,19.0
5962,17.0
5972,54.0
5982,18.0
5992,17.0
6002,55.0
6012,17.0
6014,0.0
6024,17.0
6034,18.0
6044,17.0
6054,18.0
6064,18.0
6074,49.0
6076,15.0
6086,48.0
6096,20.0
6106,48.0
6116,20.0
6121,18.0
6131,16.0
6137,17.0
6147,18.0
6157,55.0
6167,18.0
6177,18.0
6187,47.0
6197,19.0
6198,16.0
6208,17.0
6218,18.0
6224,18.0
6230,17.0
6240,16.0
6243,0.0
6253,16.0
6257,0.0
6267,16.0
6277,17.0
6287,17.0
6297,17.0
6307,16.0
6317,19.0
6327,53.0
6337,19.0
6347,55.0
6351,18.0
6353,18.0
6362,19.0
6372,19.0
6382,19.0
6392,19.0
6402,18.0
6407,18.0
6417,17.0
6427,17.0
6437,18.0
6447,16.0
6450,0.0
6454,18.0
6464,16.0
6466,18.0
6476,16.0
6486,17.0
6496,18.0
6501,18.0
6502,0.0
6505,18.0
6510,15.0
6520,19.0
6530,52.0
6532,19.0
6542,18.0
6549,20.0
6558,56.0
6561,16.0
6563,0.0
6573,18.0
6583,51.0
6593,17.0
6603,52.0
6613,18.0
6623,57.0
6633,17.0
6643,19.0
6650,0.0
6652,0.0
6657,19.0
6667,51.0
6674,17.0
6684,17.0
6694,16.0
6704,18.0
6714,16.0
6724,19.0
6734,19.0
6744,18.0
6753,15.0
6763,16.0
6771,50.0
6781,17.0
6791,19.0
6801,17.0
6811,16.0
6821,18.0
6827,19.0
6837,47.0
6845,18.0
6855,18.0
6865,18.0
6875,46.0
6885,52.0
6890,15.0
6900,18.0
6910,18.0
6920,19.0
6930,18.0
6934,0.0
6944,16.0
6954,18.0
6964,16.0
6974,16.0
6977,0.0
6979,18.0
6989,17.0
6999,18.0
7009,18.0
7019,18.0
7026,0.0
7036,17.0
7046,17.0
7056,19.0
7066,17.0
7076,18.0
7086,17.0
7096,15.0
7102,18.0
7112,49.0
7114,0.0
7124,49.0
7132,18.0
7142,17.0
7152,47.0
7162,17.0
7168,17.0
7172,20.0
7176,17.0
7177,0.0
7187,20.0
7191,0.0
7201,19.0
7202,0.0
7209,17.0
7219,19.0
7227,19.0
7237,19.0
7247,18.0
7257,18.0
7267,17.0
7277,17.0
7287,40.0
7297,52.0
7307,47.0
7317,16.0
7327,55.0
7337,18.0
7347,16.0
7349,0.0
7359,56.0
7361,0.0
7369,18.0
7379,17.0
7389,18.0
7394,18.0
7404,18.0
7414,18.0
7418,0.0
7428,19.0
7438,45.0
7440,0.0
7450,18.0
7460,18.0
7470,17.0
7480,51.0
7481,0.0
7491,19.0
7501,19.0
7511,20.0
7521,19.0
7531,16.0
7538,18.0
7548,66.0
7555,19.0
7565,18.0
7575,17.0
7576,0.0
7586,19.0
7588,16.0
7597,17.0
7607,18.0
7617,17.0
7627,57.0
7631,0.0
7640,16.0
7650,44.0
7655,15.0
7664,19.0
7674,0.0
7684,40.0
7694,17.0
7704,17.0
7714,57.0
7724,18.0
7734,40.0
7744,18.0
7748,18.0
7758,48.0
7768,17.0
7769,16.0
7779,52.0
7789,49.0
7799,19.0
7809,18.0
7819,18.0
7829,0.0
7838,18.0
7847,51.0
7857,56.0
7862,17.0
7872,17.0
7879,16.0
7881,0.0
7891,20.0
7901,18.0
7904,0.0
7914,19.0
7924,18.0
7934,20.0
7944,19.0
7953,19.0
7954,0.0
7961,19.0
7971,17.0
7981,55.0
7991,17.0
7999,17.0
8003,0.0
8013,0.0
8023,18.0
8033,44.0
8036,16.0
8046,18.0
8056,18.0
8066,17.0
8072,0.0
8082,18.0
8092,16.0
8102,17.0
8112,54.0
8122,14.0
8132,55.0
8142,19.0
8152,20.0
8162,47.0
8168,18.0
8178,16.0
8182,18.0
8192,17.0
8197,20.0
8207,19.0
8217,50.0
8225,19.0
8235,55.0
8245,17.0
8246,0.0
8256,17.0
8262,14.0
8272,51.0
8276,16.0
8286,17.0
8289,18.0
8290,0.0
8292,17.0
8302,53.0
8309,19.0
8319,59.0
8329,55.0
8333,18.0
8334,0.0
8342,19.0
8352,18.0
8359,19.0
8360,0.0
8370,19.0
8380,43.0
8390,18.0
8400,17.0
8405,0.0
8413,17.0
8423,19.0
8433,19.0
8443,44.0
8453,18.0
8463,17.0
8473,49.0
8483,17.0
8489,0.0
8499,54.0
8509,16.0
8511,0.0
8516,18.0
8521,17.0
8531,56.0
8541,17.0
8543,0.0
8549,17.0
8559,17.0
8563,19.0
8564,20.0
8574,18.0
8584,17.0
8586,16.0
8593,18.0
8603,19.0
8613,16.0
8623,16.0
8632,44.0
8639,17.0
8649,16.0
8657,17.0
8663,20.0
8669,17.0
8672,16.0
8682,53.0
8692,18.0
8702,19.0
8712,18.0
8722,18.0
8732,15.0
8742,49.0
8752,17.0
8762,20.0
8772,18.0
8782,46.0
8792,15.0
8802,17.0
8812,51.0
8822,54.0
8828,0.0
8833,16.0
8838,18.0
8848,17.0
8855,17.0
8858,0.0
8868,19.0
8875,20.0
8882,20.0
8892,49.0
8902,17.0
8912,19.0
8921,16.0
8931,16.0
8933,0.0
8943,56.0
8944,0.0
8954,19.0
8964,50.0
8974,44.0
8979,18.0
8980,18.0
8990,51.0
9000,17.0
9010,0.0
9020,19.0
9030,19.0
9040,17.0
9044,14.0
9054,17.0
9057,0.0
9067,16.0
9075,17.0
9085,19.0
9095,46.0
9096,0.0
9100,19.0
9110,19.0
9120,16.0
9123,18.0
9130,15.0
9131,19.0
9134,19.0
9144,51.0
9152,20.0
9162,17.0
9171,19.0
9174,17.0
9181,17.0
9182,0.0
9192,53.0
9202,17.0
9212,19.0
9222,17.0
9223,16.0
9233,18.0
9234,0.0
9244,16.0
9254,16.0
9264,17.0
9272,17.0
9282,18.0
9292,52.0
9302,53.0
9312,19.0
9322,19.0
9324,15.0
9333,20.0
9343,17.0
9346,0.0
9352,17.0
9360,18.0
9370,44.0
9374,18.0
9375,0.0
9385,18.0
9395,19.0
9405,15.0
9414,17.0
9424,51.0
9431,18.0
9441,18.0
9451,18.0
9452,0.0
9457,17.0
9467,52.0
9477,55.0
9487,18.0
9497,20.0
9507,50.0
9517,51.0
9527,17.0
9537,17.0
9539,18.0
9549,19.0
9551,17.0
9561,17.0
9571,19.0
9581,15.0
9587,18.0
9595,55.0
9605,18.0
9615,16.0
9625,18.0
9635,16.0
9645,16.0
9646,0.0
9649,17.0
9650,0.0
9660,16.0
9665,16.0
9668,17.0
9675,18.0
9685,57.0
9695,18.0
9703,20.0
9705,16.0
9707,0.0
9713,0.0
9723,54.0
9733,20.0
9737,0.0
9747,15.0
9757,19.0
9767,20.0
9777,18.0
9787,46.0
9797,53.0
9805,18.0
9815,18.0
9825,17.0
9835,18.0
9845,17.0
9855,16.0
9865,46.0
9875,19.0
9885,17.0
9895,18.0
9905,17.0
9907,17.0
9917,20.0
9927,19.0
9929,0.0
9931,19.0
9941,17.0
9951,20.0
9961,44.0
9965,18.0
9969,18.0
9970,0.0
9980,17.0
9990,19.0
9996,17.0
10005,15.0
10014,17.0
10024,18.0
10034,49.0
10044,18.0
10051,19.0
10056,19.0
10066,19.0
10070,19.0
10080,19.0
10090,20.0
10100,19.0
10104,16.0
10110,17.0
10120,16.0
10122,19.0
10131,18.0
10141,19.0
10151,17.0
10161,17.0
10171,16.0
10181,16.0
10191,18.0
10201,56.0
10211,18.0
10221,56.0
10224,19.0
10234,43.0
10241,18.0
10243,0.0
10249,18.0
10251,0.0
10261,19.0
10271,19.0
10281,53.0
10291,50.0
10294,19.0
10304,17.0
10314,19.0
10315,0.0
10325,19.0
10335,60.0
10345,18.0
10355,56.0
10365,18.0
10375,19.0
10385,17.0
10389,0.0
10399,49.0
10409,20.0
10419,53.0
10429,18.0
10430,0.0
10438,16.0
10446,55.0
10456,19.0
10466,63.0
10476,16.0
10479,0.0
10489,17.0
10490,0.0
10500,49.0
10502,18.0
10512,16.0
10522,18.0
10524,18.0
10533,19.0
10543,0.0
10546,0.0
10551,19.0
10554,0.0
10557,0.0
10567,51.0
10576,19.0
10586,17.0
10596,54.0
10606,49.0
10615,15.0
10625,18.0
10635,19.0
10643,0.0
10645,0.0
10648,18.0
10658,17.0
10668,18.0
10678,53.0
10682,0.0
10692,20.0
10699,0.0
10701,0.0
10711,63.0
10714,20.0
10724,18.0
10726,0.0
10736,17.0
10746,53.0
10756,54.0
10759,0.0
10769,18.0
10778,18.0
10788,17.0
10798,17.0
10808,53.0
10818,18.0
10821,0.0
10831,17.0
10841,18.0
10851,19.0
10860,17.0
10870,19.0
10880,51.0
10890,17.0
10891,0.0
10901,16.0
10911,16.0
10919,17.0
10929,17.0
10939,19.0
10949,19.0
10959,18.0
10969,15.0
10979,17.0
10989,49.0
10995,17.0
11005,55.0
11015,46.0
11017,0.0
11027,16.0
11037,16.0
11041,17.0
11051,16.0
11061,18.0
11071,17.0
11073,0.0
11083,53.0
11093,19.0
11096,17.0
11106,19.0
11116,18.0
11126,55.0
11136,41.0
11146,41.0
11156,14.0
11166,42.0
11176,52.0
11186,16.0
11196,18.0
11204,19.0
11207,14.0
11208,0.0
11218,50.0
11228,18.0
11229,0.0
11239,17.0
11249,16.0
11255,19.0
11265,57.0
11272,18.0
11282,19.0
11292,52.0
11302,57.0
11312,18.0
11322,55.0
11332,54.0
11338,18.0
11348,18.0
11358,17.0
11368,55.0
11378,48.0
11388,20.0
11398,17.0
11408,53.0
11418,17.0
11428,55.0
11434,18.0
11440,0.0
11441,0.0
11446,16.0
11456,54.0
11458,0.0
11468,55.0
11478,20.0
11486,20.0
11496,18.0
11506,17.0
11516,15.0
11517,0.0
11527,18.0
11534,18.0
11544,20.0
11548,17.0
11558,51.0
11559,0.0
11564,13.0
11574,17.0
11584,18.0
11594,20.0
11604,19.0
11606,0.0
11616,55.0
11626,18.0
11632,18.0
11642,15.0
11652,17.0
11662,56.0
11670,19.0
11680,18.0
11690,18.0
11697,19.0
11706,17.0
11716,0.0
11720,17.0
11724,0.0
11734,19.0
11739,17.0
11744,20.0
11753,16.0
11763,58.0
11773,46.0
11777,19.0
11782,18.0
11791,18.0
11801,17.0
11811,47.0
11821,17.0
11831,18.0
11841,54.0
11851,17.0
11861,17.0
11871,18.0
11881,15.0
11888,16.0
11898,17.0
11908,46.0
11918,19.0
11928,51.0
11934,19.0
11944,50.0
11946,19.0
11956,19.0
11966,20.0
11976,19.0
11986,56.0
11996,51.0
12006,0.0
12016,17.0
12023,19.0
12033,17.0
12043,17.0
12053,18.0
12057,17.0
12067,52.0
12077,54.0
12087,19.0
12097,17.0
12107,47.0
12117,54.0
12127,18.0
12133,18.0
12143,60.0
12153,19.0
12163,18.0
12173,18.0
12183,17.0
12193,51.0
12200,17.0
12210,17.0
12211,0.0
12221,18.0
12228,0.0
12238,53.0
12248,17.0
12258,18.0
12259,0.0
12269,53.0
12279,16.0
12289,51.0
12291,0.0
12301,63.0
12311,57.0
12321,46.0
12331,13.0
12332,0.0
12342,58.0
12352,14.0
12362,51.0
12372,0.0
12379,18.0
12389,20.0
12399,62.0
12409,17.0
12418,55.0
12428,18.0
12438,54.0
12448,49.0
12458,54.0
12468,16.0
12473,18.0
12482,19.0
12492,16.0
12497,49.0
12503,17.0
12513,44.0
12523,17.0
12533,56.0
12541,50.0
12547,51.0
12557,48.0
12567,18.0
12577,56.0
12587,17.0
12592,19.0
12602,54.0
12608,0.0
12614,18.0
12624,16.0
12632,16.0
12642,59.0
12646,0.0
12656,17.0
12666,18.0
12676,15.0
12686,46.0
12691,19.0
12692,0.0
12702,20.0
12710,15.0
12713,19.0
12723,14.0
12733,17.0
12738,19.0
12748,19.0
12755,17.0
12762,17.0
12772,57.0
12780,19.0
12785,20.0
12791,17.0
12801,50.0
12809,16.0
12819,18.0
12826,17.0
12828,0.0
12829,0.0
12839,46.0
12842,0.0
12852,19.0
12862,52.0
12872,15.0
12882,15.0
12888,17.0
12898,63.0
12908,54.0
12914,19.0
12924,18.0
12933,58.0
12943,0.0
12953,16.0
12963,45.0
12973,45.0
12983,51.0
12993,19.0
13003,16.0
13013,19.0
13019,17.0
13029,17.0
13033,19.0
13043,58.0
13053,16.0
13063,17.0
13073,17.0
13082,60.0
13092,16.0
13102,17.0
13112,16.0
13122,18.0
13132,49.0
13142,48.0
13144,18.0
13149,18.0
13159,54.0
13169,16.0
13179,57.0
13184,19.0
13187,18.0
13197,57.0
13207,56.0
13217,16.0
13222,19.0
13232,52.0
13240,54.0
13250,17.0
13260,16.0
13270,56.0
13280,17.0
13290,50.0
13300,59.0
13310,49.0
13320,56.0
13330,18.0
13340,17.0
13350,19.0
13359,56.0
13368,18.0
13374,17.0
13384,51.0
13394,19.0
13398,0.0
13408,52.0
13418,48.0
13428,18.0
13430,17.0
13440,19.0
13444,16.0
13454,54.0
13458,18.0
13463,18.0
13472,17.0
13482,54.0
13485,18.0
13495,17.0
13505,62.0
13506,19.0
13516,17.0
13526,18.0
13529,0.0
13539,50.0
13543,19.0
13553,47.0
13563,55.0
13572,16.0
13582,18.0
13592,16.0
13601,43.0
13607,36.0
13617,57.0
13627,53.0
13631,16.0
13636,18.0
13646,60.0
13656,16.0
13664,19.0
13674,48.0
13684,16.0
13694,54.0
13704,17.0
13714,53.0
13724,18.0
13731,19.0
13741,56.0
13745,19.0
13755,49.0
13761,20.0
13769,20.0
13779,17.0
13789,16.0
13799,19.0
13809,49.0
13819,17.0
13821,17.0
13831,17.0
13841,16.0
13843,0.0
13853,37.0
13863,57.0
13873,58.0
13883,62.0
13884,17.0
13894,17.0
13904,16.0
13914,18.0
13924,50.0
13934,16.0
13944,53.0
13954,50.0
13964,19.0
13972,44.0
13982,18.0
13984,0.0
13994,17.0
14004,18.0
14012,45.0
14021,55.0
14031,19.0
14041,16.0
14051,18.0
14061,48.0
14071,15.0
14078,17.0
14088,16.0
14095,19.0
14096,0.0
14106,56.0
14108,18.0
14114,18.0
14124,18.0
14134,18.0
14144,42.0
14146,0.0
14149,0.0
14159,53.0
14166,18.0
14176,20.0
14181,0.0
14191,19.0
14193,0.0
14203,52.0
14213,16.0
14222,16.0
14232,18.0
14242,16.0
14243,0.0
14253,50.0
14263,19.0
14266,18.0
14276,17.0
14286,56.0
14296,58.0
14306,16.0
14316,61.0
14326,19.0
14336,15.0
14341,18.0
14351,51.0
14361,51.0
14371,16.0
14374,18.0
14384,17.0
14394,52.0
14404,51.0
14410,19.0
14420,18.0
14426,18.0
14430,18.0
14440,17.0
14441,0.0
14448,18.0
14450,0.0
14460,18.0
14470,52.0
14471,0.0
14480,60.0
14490,56.0
14500,17.0
14508,18.0
14518,16.0
14528,45.0
14538,16.0
14541,17.0
14551,49.0
14561,17.0
14562,0.0
14572,56.0
14576,16.0
14580,20.0
14585,16.0
14595,17.0
14599,18.0
14609,59.0
14619,45.0
14627,19.0
14628,0.0
14632,16.0
14642,49.0
14644,19.0
14647,19.0
14657,55.0
14658,0.0
14668,53.0
14672,15.0
14682,53.0
14692,19.0
14693,0.0
14703,53.0
14713,65.0
14719,18.0
14722,19.0
14732,49.0
14742,18.0
14743,0.0
14753,55.0
14754,0.0
14764,17.0
14774,57.0
14776,0.0
14786,0.0
14796,16.0
14803,18.0
14805,0.0
14812,47.0
14815,18.0
14825,56.0
14829,0.0
14839,47.0
14849,19.0
14859,17.0
14869,53.0
14879,18.0
14885,19.0
14895,19.0
14905,18.0
14915,48.0
14925,18.0
14935,20.0
14936,0.0
14939,0.0
14948,53.0
14953,15.0
14963,15.0
14973,48.0
14983,17.0
14990,51.0
15000,58.0
15003,19.0
15013,49.0
15018,17.0
15028,17.0
15038,55.0
15048,18.0
15058,57.0
15068,44.0
15078,20.0
15086,16.0
15088,0.0
15098,18.0
15108,19.0
15118,19.0
15128,61.0
15135,18.0
15145,18.0
15155,17.0
15165,49.0
15166,0.0
15176,57.0
15179,0.0
15189,58.0
15199,55.0
15209,36.0
15219,16.0
15229,17.0
15239,18.0
15249,44.0
15259,51.0
15262,18.0
15272,19.0
15277,18.0
15278,0.0
15288,20.0
15298,50.0
15308,56.0
15317,20.0
15326,17.0
15336,53.0
15338,0.0
15342,18.0
15352,47.0
15362,49.0
15372,51.0
15382,19.0
15391,18.0
15401,19.0
15411,15.0
15420,48.0
15430,16.0
15437,17.0
15447,54.0
15456,60.0
15466,51.0
15476,19.0
15486,20.0
15493,18.0
15494,18.0
15504,53.0
15514,51.0
15518,0.0
15528,50.0
15538,49.0
15541,17.0
15543,0.0
15553,60.0
15563,50.0
15571,18.0
15580,50.0
15585,18.0
15595,17.0
15605,45.0
15613,44.0
15615,19.0
15623,16.0
15625,0.0
15635,17.0
15645,16.0
15650,16.0
15660,17.0
15670,52.0
15680,54.0
15690,49.0
15699,15.0
15707,55.0
15717,17.0
15727,18.0
15737,56.0
15747,57.0
15757,17.0
15767,59.0
15768,0.0
15778,19.0
15784,18.0
15785,0.0
15786,16.0
15796,36.0
15806,51.0
15810,18.0
15820,50.0
15821,0.0
15825,18.0
15835,41.0
15843,19.0
15853,15.0
15863,48.0
15870,17.0
15880,51.0
15888,17.0
15898,57.0
15905,59.0
15915,56.0
15916,0.0
15926,18.0
15931,18.0
15933,0.0
15938,16.0
15948,43.0
15949,0.0
15956,55.0
15966,17.0
15976,18.0
15979,0.0
15989,57.0
15999,19.0
16009,18.0
16019,19.0
16029,18.0
16039,18.0
16043,0.0
16053,20.0
16063,54.0
16064,0.0
16065,0.0
16075,56.0
16079,19.0
16089,17.0
16099,17.0
16105,16.0
16110,0.0
16120,50.0
16126,15.0
16136,42.0
16146,0.0
16156,60.0
16163,49.0
16167,18.0
16177,50.0
16187,62.0
16189,19.0
16199,63.0
16209,57.0
16211,0.0
16221,56.0
16231,47.0
16241,53.0
16251,18.0
16261,53.0
16265,19.0
16275,17.0
16284,52.0
16291,17.0
16296,16.0
16304,18.0
16314,17.0
16324,19.0
16334,18.0
16344,17.0
16348,17.0
16349,19.0
16359,56.0
16369,53.0
16379,53.0
16389,17.0
16399,42.0
16401,19.0
16402,19.0
16403,0.0
16413,49.0
16414,0.0
16424,17.0
16429,16.0
16439,16.0
16449,19.0
16459,19.0
16469,44.0
16479,17.0
16485,18.0
16495,17.0
16501,19.0
16510,19.0
16518,17.0
16528,47.0
16537,40.0
16547,16.0
16550,15.0
16553,17.0
16563,19.0
16573,17.0
16583,52.0
16593,17.0
16603,15.0
16612,54.0
16620,18.0
16630,47.0
16640,17.0
16650,48.0
16660,51.0
16670,18.0
16680,50.0
16682,0.0
16692,15.0
16702,48.0
16712,19.0
16722,52.0
16732,19.0
16741,58.0
16746,18.0
16756,18.0
16766,18.0
16776,17.0
16784,50.0
16787,16.0
16788,0.0
16798,20.0
16808,17.0
16811,18.0
16821,55.0
16831,18.0
16833,0.0
16843,44.0
16853,17.0
16859,19.0
16869,52.0
16879,17.0
16889,50.0
16896,0.0
16897,0.0
16907,18.0
16917,46.0
16920,0.0
16930,50.0
16940,46.0
16943,18.0
16945,0.0
16955,54.0
16965,50.0
16968,17.0
16975,16.0
16985,64.0
16990,50.0
17000,50.0
17003,17.0
17013,18.0
17016,0.0
17026,50.0
17036,57.0
17042,19.0
17048,19.0
17058,56.0
17068,19.0
17078,44.0
17088,51.0
17092,15.0
17097,18.0
17105,19.0
17115,18.0
17118,18.0
17128,58.0
17129,0.0
17139,17.0
17149,47.0
17159,52.0
17163,0.0
17173,51.0
17183,58.0
17187,20.0
17197,17.0
17201,18.0
17206,19.0
17216,18.0
17226,50.0
17236,51.0
17246,17.0
17256,56.0
17266,17.0
17268,0.0
17278,18.0
17279,19.0
17284,0.0
17294,48.0
17304,17.0
17314,16.0
17315,16.0
17323,17.0
17330,45.0
17340,17.0
17350,17.0
17360,18.0
17370,18.0
17380,51.0
17390,50.0
17400,60.0
17410,18.0
17420,52.0
17429,16.0
17439,18.0
17449,19.0
17459,58.0
17462,17.0
17467,16.0
17477,45.0
17484,42.0
17494,50.0
17501,20.0
17511,47.0
17512,0.0
17522,62.0
17532,35.0
17542,16.0
17552,43.0
17553,0.0
17560,18.0
17570,51.0
17580,16.0
17590,53.0
17600,65.0
17608,18.0
17614,20.0
17624,14.0
17627,17.0
17637,19.0
17647,52.0
17650,18.0
17660,18.0
17670,51.0
17680,18.0
17690,46.0
17696,18.0
17698,0.0
17708,52.0
17718,51.0
17728,52.0
17738,17.0
17745,49.0
17750,18.0
17757,15.0
17767,46.0
17771,20.0
17781,17.0
17788,18.0
17798,18.0
17808,18.0
17809,0.0
17812,0.0
17818,18.0
17821,15.0
17831,53.0
17841,18.0
17847,17.0
17857,53.0
17867,53.0
17877,16.0
17887,18.0
17897,16.0
17905,17.0
17914,55.0
17917,15.0
17927,43.0
17937,42.0
17943,17.0
17953,42.0
17963,47.0
17964,0.0
17974,49.0
17984,17.0
17992,20.0
18002,17.0
18012,47.0
18022,49.0
18032,51.0
18042,56.0
18048,17.0
18053,16.0
18062,49.0
18070,19.0
18072,0.0
18082,53.0
18092,50.0
18102,18.0
18111,57.0
18121,51.0
18131,57.0
18132,19.0
18138,18.0
18148,38.0
18158,44.0
18168,17.0
18178,48.0
18188,19.0
18198,19.0
18208,17.0
18209,18.0
18218,19.0
18228,16.0
18234,18.0
18244,17.0
18254,50.0
18264,19.0
18274,43.0
18281,18.0
18291,17.0
18301,51.0
18310,54.0
18320,49.0
18321,0.0
18331,48.0
18341,44.0
18351,18.0
18361,48.0
18371,15.0
18381,48.0
18391,51.0
18392,18.0
18402,41.0
18409,20.0
18419,18.0
18429,59.0
18439,17.0
18447,50.0
18457,51.0
18463,52.0
18473,18.0
18483,58.0
18491,17.0
18501,50.0
18506,16.0
18516,16.0
18526,54.0
18536,19.0
18546,53.0
18550,17.0
18560,17.0
18570,49.0
18571,0.0
18574,0.0
18584,48.0
18591,49.0
18601,54.0
18611,53.0
18621,52.0
18627,19.0
18637,54.0
18641,17.0
18649,19.0
18655,16.0
18665,59.0
18675,49.0
18685,51.0
18689,19.0
18692,16.0
18702,47.0
18712,18.0
18714,17.0
18724,16.0
18725,18.0
18735,19.0
18745,47.0
18755,18.0
18765,60.0
18772,58.0
18782,47.0
18789,61.0
18799,19.0
18809,49.0
18813,15.0
18818,0.0
18821,18.0
18827,49.0
18828,0.0
18835,14.0
18845,52.0
18849,17.0
18859,56.0
18869,49.0
18876,19.0
18886,40.0
18887,0.0
18897,54.0
18907,52.0
18917,55.0
18921,19.0
18931,18.0
18935,0.0
18945,53.0
18955,18.0
18965,41.0
18975,52.0
18984,18.0
18994,50.0
19004,53.0
19014,49.0
19018,19.0
19028,48.0
19033,0.0
19043,50.0
19053,51.0
19063,44.0
19073,19.0
19083,46.0
19086,16.0
19096,20.0
19106,19.0
19116,43.0
19117,0.0
19127,37.0
19137,17.0
19147,16.0
19157,50.0
19167,17.0
19177,55.0
19184,16.0
19194,20.0
19204,18.0
19214,52.0
19224,19.0
19234,19.0
19244,51.0
19254,62.0
19264,48.0
19269,16.0
19277,50.0
19279,0.0
19284,19.0
19291,18.0
19301,52.0
19308,18.0
19318,58.0
19328,17.0
19338,20.0
19348,51.0
19356,35.0
19359,17.0
19366,58.0
19370,16.0
19380,55.0
19386,18.0
19391,19.0
19395,0.0
19405,17.0
19406,0.0
19411,17.0
19412,0.0
19419,19.0
19429,48.0
19439,48.0
19449,17.0
19453,18.0
19455,0.0
19458,16.0
19466,50.0
19476,52.0
19486,51.0
19496,19.0
19506,50.0
19516,18.0
19526,49.0
19536,59.0
19546,51.0
19556,17.0
19566,15.0
19576,17.0
19586,57.0
19594,0.0
19604,52.0
19614,46.0
19620,18.0
19630,47.0
19640,56.0
19642,0.0
19652,58.0
19662,17.0
19672,47.0
19682,57.0
19692,42.0
19702,43.0
19710,18.0
19711,0.0
19714,19.0
19724,50.0
19734,53.0
19739,17.0
19749,51.0
19759,18.0
19769,18.0
19779,48.0
19783,0.0
19791,19.0
19797,19.0
19800,0.0
19810,46.0
19811,0.0
19821,20.0
19825,19.0
19835,47.0
19845,51.0
19855,46.0
19865,59.0
19872,18.0
19874,18.0
19878,19.0
19885,55.0
19895,53.0
19905,46.0
19915,48.0
19925,59.0
19935,48.0
19940,17.0
19950,47.0
19954,19.0
19963,55.0
19973,19.0
19981,50.0
19991,55.0
19992,0.0
19993,0.0
19999,0.0
20008,18.0
20018,45.0
20020,19.0
20022,0.0
20032,48.0
20042,20.0
20052,44.0
20059,14.0
20061,0.0
20070,51.0
20071,0.0
20075,0.0
20085,17.0
20086,0.0
20088,0.0
20098,47.0
20106,58.0
20116,49.0
20117,0.0
20125,18.0
20135,19.0
20143,15.0
20153,53.0
20163,17.0
20173,60.0
20178,17.0
20188,18.0
20192,19.0
20202,54.0
20206,18.0
20215,51.0
20218,0.0
20221,17.0
20231,48.0
20241,16.0
20251,52.0
20261,48.0
20264,18.0
20269,19.0
20270,0.0
20280,57.0
20290,44.0
20291,0.0
20301,20.0
20311,50.0
20315,18.0
20318,18.0
20328,18.0
20338,48.0
20348,17.0
20351,16.0
20361,61.0
20371,59.0
20381,18.0
20383,17.0
20393,0.0
20394,18.0
20404,51.0
20411,16.0
20421,54.0
20431,15.0
20433,17.0
20440,18.0
20450,59.0
20453,18.0
20456,19.0
20459,19.0
20467,17.0
20477,45.0
20487,55.0
20497,20.0
20507,18.0
20508,17.0
20517,16.0
20527,61.0
20535,45.0
20545,49.0
20547,0.0
20557,59.0
20564,52.0
20574,18.0
20584,44.0
20594,51.0
20601,56.0
20611,19.0
20621,55.0
20631,52.0
20638,18.0
20648,59.0
20658,48.0
20668,51.0
20678,43.0
20688,47.0
20698,59.0
20708,49.0
20718,44.0
20728,17.0
20737,59.0
20747,47.0
20757,42.0
20766,19.0
20774,15.0
20784,58.0
20787,19.0
20797,47.0
20807,54.0
20817,17.0
20827,50.0
20837,14.0
20846,56.0
20856,60.0
20866,14.0
20876,49.0
20886,48.0
20896,52.0
20906,53.0
20916,50.0
20926,20.0
20936,19.0
20946,47.0
20956,57.0
20961,43.0
20971,17.0
20978,20.0
20988,19.0
20998,17.0
21001,16.0
21011,58.0
21014,17.0
21024,53.0
21034,50.0
21040,20.0
21050,44.0
21051,0.0
21060,49.0
21070,54.0
21072,16.0
21082,52.0
21092,20.0
21102,19.0
21106,19.0
21116,59.0
21124,48.0
21134,55.0
21135,0.0
21145,56.0
21150,16.0
21160,17.0
21167,17.0
21177,46.0
21187,45.0
21197,17.0
21204,58.0
21211,61.0
21221,49.0
21225,16.0
21230,18.0
21240,46.0
21241,0.0
21251,49.0
21255,20.0
21256,0.0
21266,52.0
21276,51.0
21286,54.0
21290,16.0
21300,52.0
21310,15.0
21319,44.0
21329,50.0
21337,17.0
21339,18.0
21349,55.0
21359,54.0
21369,54.0
21378,54.0
21388,17.0
21397,53.0
21407,40.0
21413,17.0
21423,53.0
21433,43.0
21443,56.0
21444,0.0
21454,18.0
21462,18.0
21472,52.0
21482,15.0
21492,20.0
21502,16.0
21503,0.0
21504,17.0
21514,54.0
21524,16.0
21534,52.0
21535,0.0
21540,18.0
21543,0.0
21553,48.0
21563,15.0
21573,49.0
21583,17.0
21593,15.0
21603,48.0
21606,18.0
21616,18.0
21619,20.0
21628,49.0
21633,19.0
21643,50.0
21644,19.0
21654,58.0
21664,59.0
21671,18.0
21681,16.0
21691,45.0
21701,17.0
21711,48.0
21720,55.0
21730,56.0
21740,20.0
21750,52.0
21751,0.0
21757,18.0
21766,62.0
21776,58.0
21786,51.0
21792,51.0
21802,46.0
21812,49.0
21822,47.0
21832,58.0
21842,44.0
21852,16.0
21854,0.0
21858,16.0
21868,51.0
21872,0.0
21882,19.0
21892,17.0
21902,17.0
21912,59.0
21920,19.0
21927,19.0
21937,53.0
21942,15.0
21951,58.0
21958,55.0
21968,53.0
21978,53.0
21986,51.0
21996,61.0
22000,18.0
22002,0.0
22011,16.0
22017,16.0
22027,48.0
22037,18.0
22038,16.0
22044,17.0
22054,49.0
22064,57.0
22074,58.0
22084,55.0
22092,50.0
22102,43.0
22112,57.0
22122,36.0
22132,55.0
22142,17.0
22152,19.0
22162,49.0
22172,60.0
22182,18.0
22186,17.0
22196,56.0
22199,0.0
22209,54.0
22219,50.0
22225,17.0
22235,42.0
22237,17.0
22243,54.0
22253,50.0
22255,0.0
22263,15.0
22273,18.0
22283,45.0
22287,0.0
22297,50.0
22307,16.0
22317,49.0
22327,15.0
22337,51.0
22347,20.0
22357,18.0
22367,55.0
22371,18.0
22381,17.0
22382,0.0
22392,43.0
22402,50.0
22412,53.0
22422,56.0
22426,18.0
22436,17.0
22440,18.0
22443,19.0
22453,49.0
22463,43.0
22465,19.0
22475,52.0
22485,53.0
22495,52.0
22504,18.0
22514,50.0
22524,47.0
22534,45.0
22544,44.0
22554,50.0
22564,17.0
22574,55.0
22584,15.0
22594,49.0
22604,59.0
22606,0.0
22609,16.0
22619,55.0
22629,48.0
22639,17.0
22649,43.0
22657,55.0
22667,19.0
22677,18.0
22687,18.0
22692,19.0
22702,44.0
22710,19.0
22712,0.0
22721,43.0
22729,52.0
22739,52.0
22749,55.0
22759,50.0
22769,57.0
22776,18.0
22786,57.0
22792,18.0
22802,15.0
22812,52.0
22822,60.0
22831,16.0
22841,57.0
22851,49.0
22861,46.0
22871,52.0
22881,50.0
22891,51.0
22901,53.0
22904,16.0
22914,51.0
22919,16.0
22921,0.0
22924,0.0
22934,57.0
22939,17.0
22944,17.0
22945,0.0
22949,50.0
22958,52.0
22962,0.0
22972,18.0
22979,18.0
22981,17.0
22991,60.0
23001,17.0
23004,0.0
23014,36.0
23024,55.0
23034,15.0
23035,0.0
23045,48.0
23050,57.0
23054,18.0
23064,17.0
23074,43.0
23084,18.0
23091,17.0
23101,19.0
23111,49.0
23120,56.0
23130,17.0
23133,0.0
23143,54.0
23153,47.0
23163,18.0
23173,57.0
23183,59.0
23193,42.0
23203,47.0
23213,53.0
23223,53.0
23230,20.0
23232,19.0
23238,18.0
23248,19.0
23251,0.0
23261,16.0
23264,0.0
23267,18.0
23277,50.0
23278,18.0
23288,16.0
23298,51.0
23308,52.0
23309,0.0
23319,46.0
23329,56.0
23339,20.0
23346,18.0
23356,54.0
23363,19.0
23369,19.0
23379,54.0
23389,59.0
23399,59.0
23409,49.0
23413,16.0
23421,18.0
23430,17.0
23440,52.0
23444,19.0
23454,12.0
23464,19.0
23474,57.0
23475,0.0
23485,49.0
23491,18.0
23497,54.0
23507,53.0
23516,46.0
23517,0.0
23527,54.0
23529,0.0
23539,50.0
23541,0.0
23551,16.0
23561,45.0
23571,17.0
23581,54.0
23591,18.0
23596,18.0
23606,49.0
23616,52.0
23626,18.0
23636,18.0
23637,0.0
23647,18.0
23657,50.0
23667,16.0
23673,18.0
23675,0.0
23685,17.0
23695,33.0
23705,63.0
23713,17.0
23714,0.0
23724,42.0
23730,17.0
23736,16.0
23739,20.0
23742,0.0
23752,47.0
23754,0.0
23764,52.0
23774,51.0
23777,17.0
23787,63.0
23794,0.0
23802,18.0
23810,40.0
23820,49.0
23830,55.0
23840,19.0
23850,48.0
23855,19.0
23865,16.0
23875,50.0
23885,45.0
23895,20.0
23905,17.0
23909,15.0
23916,54.0
23925,54.0
23932,52.0
23942,46.0
23952,19.0
23960,16.0
23970,18.0
23980,52.0
23990,19.0
24000,56.0
24010,38.0
24020,55.0
24030,41.0
24034,19.0
24042,18.0
24052,60.0
24062,57.0
24069,17.0
24078,50.0
24080,17.0
24084,19.0
24094,50.0
24104,57.0
24114,48.0
24124,66.0
24134,53.0
24143,18.0
24153,16.0
24163,62.0
24173,19.0
24183,13.0
24193,52.0
24198,51.0
24208,19.0
24212,17.0
24222,18.0
24232,54.0
24233,18.0
24243,19.0
24244,0.0
24254,16.0
24263,17.0
24267,19.0
24269,0.0
24279,19.0
24285,18.0
24289,16.0
24290,0.0
24298,16.0
24308,19.0
24318,54.0
24321,18.0
24331,53.0
24341,17.0
24351,54.0
24356,16.0
24366,49.0
24369,19.0
24379,17.0
24389,51.0
24399,18.0
24402,18.0
24412,47.0
24422,43.0
24432,50.0
24442,54.0
24444,0.0
24454,47.0
24464,52.0
24474,53.0
24484,43.0
24494,46.0
24504,47.0
24514,57.0
24517,17.0
24527,46.0
24537,46.0
24547,49.0
24557,52.0
24567,51.0
24577,52.0
24587,59.0
24597,55.0
24607,37.0
24617,16.0
24623,19.0
24633,55.0
24634,0.0
24644,17.0
24654,47.0
24660,19.0
24670,46.0
24680,53.0
24682,20.0
24688,15.0
24698,50.0
24708,51.0
24718,16.0
24728,48.0
24738,55.0
24748,52.0
24751,0.0
24761,47.0
24771,47.0
24781,52.0
24791,60.0
24801,48.0
24811,56.0
24821,18.0
24831,18.0
24841,15.0
24843,0.0
24853,51.0
24859,46.0
24869,55.0
24879,57.0
24886,16.0
24894,14.0
24904,17.0
24914,54.0
24915,0.0
24925,54.0
24934,50.0
24944,45.0
24949,18.0
24956,55.0
24966,54.0
24976,52.0
24986,60.0
24990,17.0
25000,16.0
25004,19.0
25010,0.0
25020,42.0
25023,16.0
25033,16.0
25043,48.0
25053,50.0
25063,17.0
25073,56.0
25083,49.0
25093,20.0
25103,49.0
25113,57.0
25123,47.0
25125,0.0
25135,51.0
25138,17.0
25148,55.0
25158,18.0
25168,16.0
25178,60.0
25188,37.0
25198,45.0
25200,0.0
25206,18.0
25216,17.0
25226,56.0
25236,56.0
25246,50.0
25249,0.0
25259,53.0
25269,51.0
25279,47.0
25285,16.0
25295,18.0
25297,0.0
25307,54.0
25317,51.0
25327,48.0
25329,19.0
25336,18.0
25339,18.0
25349,17.0
25352,20.0
25362,19.0
25372,53.0
25382,55.0
25392,46.0
25402,53.0
25404,0.0
25414,55.0
25417,0.0
25427,52.0
25437,50.0
25447,45.0
25457,55.0
25467,57.0
25472,56.0
25479,52.0
25489,16.0
25499,50.0
25503,19.0
25508,18.0
25518,18.0
25528,46.0
25538,50.0
25542,17.0
25552,47.0
25562,51.0
25564,19.0
25574,48.0
25584,58.0
25594,46.0
25599,15.0
25600,0.0
25610,57.0
25620,48.0
25621,18.0
25631,38.0
25638,49.0
25648,19.0
25658,18.0
25663,18.0
25673,57.0
25683,49.0
25693,18.0
25703,19.0
25713,54.0
25716,19.0
25726,45.0
25736,57.0
25737,0.0
25742,16.0
25752,19.0
25759,54.0
25761,0.0
25771,52.0
25780,20.0
25790,53.0
25797,52.0
25802,18.0
25803,0.0
25813,51.0
25823,50.0
25824,17.0
25834,58.0
25844,18.0
25854,16.0
25859,17.0
25869,59.0
25879,15.0
25889,48.0
25899,49.0
25903,17.0
25906,19.0
25916,54.0
25921,18.0
25924,0.0
25934,50.0
25944,57.0
25946,16.0
25956,19.0
25966,57.0
25969,18.0
25979,19.0
25982,20.0
25984,18.0
25991,15.0
25995,17.0
26005,48.0
26009,15.0
26012,20.0
26022,50.0
26032,17.0
26039,59.0
26049,48.0
26057,50.0
26067,53.0
26077,55.0
26087,61.0
26097,58.0
26107,58.0
26112,17.0
26122,40.0
26132,50.0
26142,17.0
26152,52.0
26162,17.0
26172,54.0
26177,18.0
26182,17.0
26184,0.0
26185,16.0
26189,16.0
26199,50.0
26209,57.0
26210,16.0
26211,0.0
26216,16.0
26220,0.0
26230,47.0
26240,18.0
26250,46.0
26260,60.0
26270,51.0
26280,57.0
26287,17.0
26294,16.0
26304,52.0
26314,18.0
26324,62.0
26330,17.0
26339,18.0
26349,50.0
26350,0.0
26360,51.0
26370,54.0
26380,63.0
26390,57.0
26393,16.0
26403,52.0
26413,55.0
26423,18.0
26432,19.0
26442,19.0
26452,47.0
26462,53.0
26472,15.0
26482,51.0
26492,56.0
26502,46.0
26512,49.0
26516,19.0
26524,50.0
26534,55.0
26543,40.0
26545,16.0
26555,48.0
26565,56.0
26575,51.0
26585,17.0
26590,18.0
26600,44.0
26610,58.0
26620,50.0
26630,43.0
26640,40.0
26645,56.0
26655,58.0
26665,53.0
26675,52.0
26685,19.0
26695,17.0
26705,52.0
26715,46.0
26725,18.0
26735,42.0
26736,0.0
26739,0.0
26745,16.0
26755,60.0
26756,0.0
26762,19.0
26764,17.0
26774,48.0
26779,17.0
26789,46.0
26799,56.0
26806,52.0
26816,19.0
26826,51.0
26833,56.0
26843,45.0
26845,0.0
26849,19.0
26851,0.0
26853,17.0
26863,16.0
26873,19.0
26881,44.0
26891,48.0
26901,43.0
26911,54.0
26918,52.0
26928,58.0
26938,56.0
26940,18.0
26950,53.0
26954,17.0
26964,53.0
26966,18.0
26967,0.0
26969,0.0
26979,17.0
26989,56.0
26990,0.0
27000,47.0
27010,17.0
27020,52.0
27030,56.0
27040,18.0
27050,49.0
27060,38.0
27068,57.0
27078,52.0
27087,15.0
27097,46.0
27107,49.0
27117,45.0
27127,58.0
27137,57.0
27139,0.0
27149,54.0
27156,18.0
27166,55.0
27176,49.0
27186,61.0
27194,50.0
27204,50.0
27214,55.0
27215,0.0
27225,18.0
27235,42.0
27238,0.0
27239,0.0
27240,17.0
27250,51.0
27260,19.0
27270,49.0
27280,50.0
27290,63.0
27300,54.0
27305,18.0
27315,50.0
27325,56.0
27335,19.0
27345,18.0
27355,50.0
27365,50.0
27375,51.0
27385,18.0
27395,48.0
27405,46.0
27415,52.0
27420,52.0
27430,59.0
27440,51.0
27450,51.0
27460,54.0
27470,47.0
27480,46.0
27485,18.0
27495,56.0
27505,44.0
27510,18.0
27520,18.0
27525,18.0
27535,50.0
27542,55.0
27552,52.0
27562,52.0
27572,18.0
27582,16.0
27587,16.0
27597,47.0
27607,53.0
27617,20.0
27627,15.0
27637,56.0
27640,18.0
27650,44.0
27659,48.0
27667,16.0
27677,19.0
27687,19.0
27697,17.0
27707,55.0
27717,55.0
27727,50.0
27728,0.0
27733,18.0
27743,57.0
27753,59.0
27759,16.0
27762,17.0
27766,17.0
27776,49.0
27786,49.0
27794,55.0
27804,45.0
27805,0.0
27815,57.0
27825,63.0
27835,56.0
27840,18.0
27844,18.0
27854,48.0
27864,52.0
27874,47.0
27878,17.0
27888,53.0
27898,53.0
27908,50.0
27913,17.0
27923,18.0
27933,46.0
27942,50.0
27947,17.0
27948,0.0
27953,18.0
27963,57.0
27964,0.0
27974,58.0
27984,53.0
27994,47.0
28004,47.0
28014,61.0
28017,19.0
28027,46.0
28032,17.0
28042,57.0
28052,54.0
28062,60.0
28067,20.0
28077,59.0
28087,50.0
28097,56.0
28098,0.0
28108,19.0
28118,51.0
28126,17.0
28136,18.0
28146,62.0
28156,56.0
28166,56.0
28167,17.0
28177,57.0
28187,56.0
28197,49.0
28198,0.0
28208,59.0
28218,48.0
28228,52.0
28238,56.0
28248,16.0
28256,56.0
28266,16.0
28273,55.0
28277,17.0
28287,46.0
28292,17.0
28302,17.0
28311,45.0
28321,39.0
28323,17.0
28330,18.0
28340,59.0
28341,0.0
28351,47.0
28361,50.0
28371,57.0
28381,56.0
28391,50.0
28401,18.0
28411,52.0
28421,58.0
28431,48.0
28432,0.0
28442,58.0
28452,47.0
28462,55.0
28471,52.0
28478,46.0
28488,40.0
28498,57.0
28508,46.0
28517,56.0
28527,51.0
28537,55.0
28547,48.0
28555,18.0
28556,0.0
28566,59.0
28576,54.0
28586,18.0
28589,17.0
28599,52.0
28605,50.0
28615,54.0
28625,16.0
28635,20.0
28645,16.0
28655,50.0
28665,42.0
28673,18.0
28676,17.0
28686,56.0
28696,50.0
28699,19.0
28709,48.0
28719,46.0
28721,0.0
28722,0.0
28732,47.0
28742,54.0
28752,48.0
28758,19.0
28768,17.0
28778,57.0
28780,18.0
28790,50.0
28800,53.0
28810,56.0
28820,49.0
28823,18.0
28833,42.0
28843,58.0
28853,54.0
28863,47.0
28873,52.0
28883,49.0
28893,51.0
28903,59.0
28913,15.0
28923,50.0
28933,19.0
28934,0.0
28940,19.0
28950,48.0
28956,18.0
28960,18.0
28967,17.0
28977,58.0
28980,19.0
28990,61.0
28992,17.0
28995,19.0
29005,52.0
29013,47.0
29017,17.0
29027,19.0
29033,19.0
29043,17.0
29053,50.0
29063,18.0
29073,54.0
29083,17.0
29093,20.0
29103,20.0
29104,18.0
29114,49.0
29124,54.0
29129,19.0
29135,50.0
29137,0.0
29147,56.0
29157,18.0
29167,53.0
29177,49.0
29187,55.0
29197,49.0
29207,57.0
29209,0.0
29219,18.0
29222,18.0
29232,52.0
29242,49.0
29252,48.0
29262,43.0
29272,47.0
29278,19.0
29281,17.0
29291,63.0
29301,18.0
29311,20.0
29321,54.0
29331,55.0
29341,50.0
29351,54.0
29352,0.0
29362,57.0
29363,0.0
29373,53.0
29383,40.0
29393,48.0
29403,48.0
29413,19.0
29414,18.0
29424,48.0
29433,17.0
29443,46.0
29453,51.0
29463,18.0
29464,0.0
29474,61.0
29476,0.0
29482,0.0
29483,15.0
29493,47.0
29503,50.0
29513,53.0
29521,54.0
29531,18.0
29541,49.0
29551,49.0
29559,17.0
29569,47.0
29579,53.0
29589,19.0
29599,45.0
29609,50.0
29619,16.0
29625,53.0
29635,52.0
29645,50.0
29655,20.0
29665,17.0
29668,16.0
29678,17.0
29684,0.0
29690,14.0
29700,41.0
29710,48.0
29720,54.0
29730,39.0
29740,15.0
29750,53.0
29753,19.0
29754,0.0
29756,0.0
29761,17.0
29771,46.0
29772,18.0
29782,58.0
29792,56.0
29793,19.0
29796,0.0
29806,53.0
29816,17.0
29826,20.0
29836,59.0
29846,54.0
29847,0.0
29857,56.0
29863,17.0
29873,54.0
29883,48.0
29893,53.0
29903,60.0
29904,15.0
29914,42.0
29924,49.0
29927,19.0
29933,15.0
29943,45.0
29953,54.0
29963,54.0
29969,19.0
29979,50.0
29989,52.0
29990,19.0
30000,46.0
30010,53.0
30011,0.0
30021,46.0
30031,60.0
30040,17.0
30046,17.0
30056,55.0
30066,56.0
30076,53.0
30086,17.0
30096,17.0
30101,19.0
30111,16.0
30121,55.0
30131,54.0
30141,51.0
30146,18.0
30147,17.0
30157,52.0
30167,17.0
30168,0.0
30178,54.0
30188,17.0
30198,18.0
30208,50.0
30218,17.0
30228,48.0
30238,45.0
30241,18.0
30251,49.0
30261,49.0
30263,0.0
30273,51.0
30283,51.0
30287,0.0
30297,18.0
30307,47.0
30317,54.0
30319,18.0
30329,47.0
30339,59.0
30349,54.0
30359,37.0
30369,42.0
30379,43.0
30389,48.0
30393,16.0
30403,48.0
30413,51.0
30423,62.0
30433,18.0
30443,60.0
30446,16.0
30451,14.0
30461,44.0
30471,51.0
30475,17.0
30482,58.0
30492,53.0
30502,15.0
30512,45.0
30522,56.0
30532,53.0
30542,49.0
30552,19.0
30562,14.0
30572,58.0
30574,18.0
30579,0.0
30589,17.0
30599,50.0
30609,17.0
30619,50.0
30628,18.0
30638,58.0
30648,54.0
30658,57.0
30668,54.0
30678,54.0
30688,59.0
30690,17.0
30700,48.0
30704,17.0
30710,18.0
30720,54.0
30722,19.0
30732,18.0
30742,18.0
30745,16.0
30755,48.0
30765,48.0
30775,51.0
30785,54.0
30795,18.0
30805,59.0
30815,62.0
30825,19.0
30835,43.0
30845,48.0
30855,16.0
30865,17.0
30875,19.0
30876,0.0
30886,56.0
30896,52.0
30901,17.0
30908,19.0
30918,52.0
30925,19.0
30927,0.0
30932,15.0
30942,54.0
30952,45.0
30962,55.0
30972,18.0
30982,49.0
30992,49.0
31002,18.0
31012,19.0
31022,52.0
31032,41.0
31042,61.0
31052,53.0
31062,52.0
31072,41.0
31079,20.0
31089,18.0
31091,0.0
31098,16.0
31108,19.0
31117,17.0
31127,59.0
31131,17.0
31141,50.0
31148,0.0
31155,52.0
31165,19.0
31175,55.0
31185,17.0
31195,54.0
31205,18.0
31215,52.0
31225,15.0
31228,0.0
31238,48.0
31248,48.0
31255,53.0
31258,17.0
31268,52.0
31278,50.0
31286,17.0
31296,48.0
31299,18.0
31309,44.0
31313,19.0
31323,45.0
31325,0.0
31335,55.0
31344,47.0
31354,54.0
31364,48.0
31374,54.0
31384,53.0
31394,49.0
31404,54.0
31414,18.0
31417,17.0
31418,0.0
31428,55.0
31438,47.0
31446,54.0
31456,48.0
31466,49.0
31476,48.0
31486,49.0
31492,18.0
31495,0.0
31505,19.0
31515,55.0
31519,18.0
31521,19.0
31531,49.0
31541,60.0
31551,45.0
31561,39.0
31571,55.0
31581,56.0
31591,51.0
31601,18.0
31611,61.0
31616,18.0
31622,15.0
31623,18.0
31633,18.0
31643,57.0
31651,50.0
31661,19.0
31668,51.0
31678,19.0
31682,19.0
31687,20.0
31697,41.0
31707,18.0
31717,53.0
31722,17.0
31732,56.0
31735,16.0
31737,18.0
31747,52.0
31757,45.0
31763,16.0
31773,44.0
31783,54.0
31793,56.0
31803,55.0
31804,0.0
31814,55.0
31815,0.0
31825,40.0
31835,17.0
31845,52.0
31855,56.0
31862,18.0
31872,60.0
31882,51.0
31892,53.0
31902,49.0
31912,46.0
31920,20.0
31930,56.0
31940,52.0
31950,45.0
31960,19.0
31970,18.0
31975,18.0
31985,56.0
31993,46.0
31996,17.0
32001,18.0
32004,0.0
32014,56.0
32024,45.0
32034,50.0
32044,45.0
32050,55.0
32060,49.0
32070,15.0
32080,18.0
32090,17.0
32100,52.0
32110,18.0
32120,58.0
32123,19.0
32133,52.0
32139,16.0
32149,56.0
32159,58.0
32168,58.0
32178,59.0
32180,0.0
32181,0.0
32191,58.0
32201,47.0
32211,48.0
32221,51.0
32231,16.0
32241,17.0
32245,17.0
32255,52.0
32259,16.0
32269,49.0
32271,0.0
32272,0.0
32273,0.0
32283,17.0
32285,19.0
32295,46.0
32303,59.0
32311,55.0
32317,17.0
32327,19.0
32332,55.0
32342,55.0
32350,50.0
32360,51.0
32370,56.0
32376,49.0
32379,16.0
32389,52.0
32399,41.0
32405,17.0
32415,53.0
32416,16.0
32426,54.0
32436,43.0
32446,52.0
32455,18.0
32465,46.0
32466,19.0
32474,52.0
32484,55.0
32487,19.0
32489,16.0
32499,52.0
32509,49.0
32516,19.0
32517,17.0
32526,59.0
32530,17.0
32538,16.0
32548,53.0
32550,0.0
32560,55.0
32561,0.0
32571,49.0
32580,18.0
32584,17.0
32593,51.0
32603,52.0
32605,0.0
32615,57.0
32625,54.0
32626,16.0
32636,47.0
32646,51.0
32651,17.0
32658,53.0
32668,53.0
32678,48.0
32688,62.0
32698,52.0
32708,58.0
32712,20.0
32722,50.0
32732,54.0
32742,50.0
32752,56.0
32762,58.0
32772,53.0
32779,18.0
32788,48.0
32791,0.0
32801,50.0
32811,46.0
32821,17.0
32831,57.0
32835,16.0
32845,20.0
32855,52.0
32865,64.0
32875,57.0
32877,19.0
32887,46.0
32897,56.0
32904,58.0
32914,43.0
32924,45.0
32934,45.0
32942,49.0
32946,18.0
32956,55.0
32966,58.0
32976,46.0
32982,17.0
32983,16.0
32987,18.0
32997,44.0
33007,47.0
33017,52.0
33025,18.0
33035,49.0
33045,52.0
33052,56.0
33060,48.0
33070,53.0
33080,58.0
33090,18.0
33093,17.0
33103,59.0
33113,39.0
33123,54.0
33133,55.0
33143,52.0
33153,17.0
33163,50.0
33173,19.0
33183,54.0
33188,19.0
33198,15.0
33199,0.0
33208,51.0
33214,50.0
33224,55.0
33233,60.0
33240,18.0
33250,41.0
33255,19.0
33265,40.0
33275,54.0
33282,49.0
33292,47.0
33298,16.0
33308,17.0
33314,52.0
33321,57.0
33329,51.0
33337,58.0
33347,50.0
33353,17.0
33354,18.0
33364,55.0
33374,51.0
33384,56.0
33394,19.0
33404,51.0
33414,54.0
33424,16.0
33429,18.0
33439,52.0
33443,17.0
33446,17.0
33456,58.0
33464,59.0
33466,0.0
33476,47.0
33486,56.0
33488,0.0
33498,46.0
33501,16.0
33511,56.0
33521,60.0
33531,17.0
33541,50.0
33545,16.0
33553,53.0
33560,19.0
33570,50.0
33580,46.0
33590,51.0
33591,19.0
33601,18.0
33611,18.0
33614,0.0
33624,18.0
33634,52.0
33644,52.0
33654,18.0
33656,17.0
33659,17.0
33669,54.0
33679,56.0
33689,53.0
33698,51.0
33700,0.0
33701,0.0
33711,45.0
33721,51.0
33731,49.0
33741,49.0
33750,57.0
33760,53.0
33770,51.0
33775,17.0
33785,47.0
33795,48.0
33805,46.0
33815,58.0
33819,0.0
33829,47.0
33839,18.0
33849,50.0
33859,44.0
33861,0.0
33871,50.0
33875,19.0
33885,56.0
33895,16.0
33905,44.0
33915,45.0
33925,50.0
33935,18.0
33945,46.0
33955,51.0
33965,48.0
33975,58.0
33984,44.0
33994,19.0
34004,55.0
34009,0.0
34019,19.0
34024,18.0
34034,52.0
34044,57.0
34054,48.0
34062,48.0
34064,17.0
34067,17.0
34077,50.0
34083,18.0
34093,58.0
34103,48.0
34113,55.0
34123,65.0
34133,50.0
34143,45.0
34153,49.0
34161,56.0
34171,49.0
34181,43.0
34191,52.0
34201,19.0
34211,50.0
34212,0.0
34222,47.0
34232,54.0
34242,57.0
34252,52.0
34262,53.0
34267,17.0
34275,16.0
34285,63.0
34295,48.0
34305,47.0
34315,57.0
34325,51.0
34335,62.0
34345,47.0
34346,18.0
34356,50.0
34360,15.0
34370,53.0
34373,19.0
34383,50.0
34393,54.0
34403,51.0
34406,19.0
34407,0.0
34417,54.0
34418,0.0
34428,53.0
34438,49.0
34442,18.0
34450,17.0
34460,58.0
34470,14.0
34480,48.0
34490,58.0
34500,54.0
34502,20.0
34512,60.0
34522,54.0
34532,60.0
34542,43.0
34552,15.0
34558,18.0
34568,46.0
34578,49.0
34588,54.0
34598,46.0
34606,16.0
34616,19.0
34626,52.0
34635,18.0
34645,45.0
34655,53.0
34665,50.0
34672,50.0
34674,0.0
34684,18.0
34694,46.0
34701,55.0
34711,55.0
34717,16.0
34725,56.0
34727,17.0
34734,49.0
34744,54.0
34754,18.0
34759,15.0
34760,16.0
34769,18.0
34779,57.0
34789,55.0
34799,52.0
34809,53.0
34819,49.0
34827,18.0
34837,57.0
34847,20.0
34857,55.0
34867,44.0
34872,18.0
34875,19.0
34885,20.0
34887,0.0
34891,14.0
34894,0.0
34904,53.0
34908,16.0
34913,17.0
34918,0.0
34928,61.0
34938,16.0
34941,19.0
34944,19.0
34953,38.0
34963,47.0
34973,17.0
34983,55.0
34993,42.0
35003,57.0
35013,41.0
35023,41.0
35033,52.0
35043,55.0
35053,51.0
35057,16.0
35062,20.0
35072,55.0
35082,37.0
35092,40.0
35094,0.0
35104,58.0
35112,16.0
35113,0.0
35123,53.0
35133,46.0
35136,0.0
35138,17.0
35146,18.0
35156,48.0
35166,45.0
35167,19.0
35177,45.0
35185,54.0
35195,56.0
35205,59.0
35208,16.0
35218,42.0
35227,49.0
35237,57.0
35246,41.0
35249,18.0
35259,49.0
35266,53.0
35276,45.0
35286,17.0
35288,17.0
35292,19.0
35302,58.0
35312,55.0
35313,0.0
35323,54.0
35333,53.0
35343,17.0
35350,53.0
35360,19.0
35366,18.0
35376,55.0
35386,46.0
35391,17.0
35401,49.0
35406,49.0
35416,64.0
35426,49.0
35436,16.0
35446,46.0
35456,46.0
35466,63.0
35476,56.0
35486,46.0
35496,53.0
35506,16.0
35516,43.0
35523,47.0
35530,52.0
35536,16.0
35545,53.0
35555,61.0
35565,51.0
35572,57.0
35582,60.0
35592,48.0
35602,44.0
35609,61.0
35619,59.0
35621,19.0
35631,46.0
35636,19.0
35646,39.0
35656,53.0
35664,16.0
35674,49.0
35684,18.0
35694,43.0
35704,45.0
35706,0.0
35716,55.0
35726,53.0
35727,0.0
35732,16.0
35734,20.0
35742,56.0
35752,63.0
35762,17.0
35765,0.0
35766,0.0
35775,54.0
35780,19.0
35790,46.0
35794,17.0
35804,49.0
35808,19.0
35818,56.0
35828,18.0
35838,55.0
35848,18.0
35858,57.0
35866,52.0
35876,55.0
35877,18.0
35887,53.0
35889,0.0
35892,0.0
35902,46.0
35912,58.0
35922,17.0
35930,17.0
35935,18.0
35945,54.0
35955,47.0
35965,48.0
35975,48.0
35985,52.0
35995,19.0
36005,51.0
36008,15.0
36013,17.0
36023,55.0
36033,46.0
36043,52.0
36049,18.0
36059,50.0
36067,52.0
36072,19.0
36082,54.0
36092,46.0
36097,19.0
36107,49.0
36117,53.0
36127,45.0
36137,48.0
36146,54.0
36156,59.0
36164,19.0
36174,48.0
36184,42.0
36190,17.0
36200,55.0
36210,18.0
36220,18.0
36227,52.0
36234,17.0
36244,50.0
36254,19.0
36259,18.0
36269,44.0
36275,51.0
36276,20.0
36286,44.0
36296,53.0
36306,53.0
36307,0.0
36317,59.0
36321,19.0
36331,53.0
36341,52.0
36347,18.0
36355,51.0
36357,16.0
36365,51.0
36375,53.0
36385,60.0
36395,39.0
36405,47.0
36415,47.0
36416,0.0
36426,57.0
36436,53.0
36446,61.0
36456,19.0
36466,51.0
36476,18.0
36484,43.0
36494,49.0
36504,52.0
36514,54.0
36524,55.0
36525,0.0
36532,18.0
36542,18.0
36552,45.0
36562,17.0
36572,51.0
36580,47.0
36590,18.0
36592,18.0
36602,56.0
36607,19.0
36617,52.0
36627,48.0
36637,58.0
36647,63.0
36657,19.0
36667,49.0
36677,55.0
36687,42.0
36697,51.0
36703,19.0
36713,52.0
36720,18.0
36723,15.0
36733,18.0
36743,57.0
36749,17.0
36752,15.0
36762,55.0
36772,42.0
36779,16.0
36789,20.0
36792,16.0
36797,19.0
36800,18.0
36810,57.0
36820,55.0
36830,55.0
36834,15.0
36844,51.0
36854,47.0
36864,50.0
36874,56.0
36884,17.0
36894,52.0
36896,17.0
36906,48.0
36916,53.0
36926,50.0
36936,52.0
36946,54.0
36954,19.0
36956,16.0
36966,50.0
36976,50.0
36984,51.0
36994,17.0
36997,18.0
37006,53.0
37010,16.0
37020,40.0
37030,31.0
37035,17.0
37041,15.0
37048,53.0
37058,52.0
37068,49.0
37078,55.0
37088,55.0
37098,50.0
37108,61.0
37109,0.0
37119,45.0
37124,19.0
37134,51.0
37139,17.0
37141,0.0
37149,18.0
37159,59.0
37164,46.0
37166,16.0
37173,47.0
37181,54.0
37191,49.0
37195,19.0
37203,49.0
37213,47.0
37223,56.0
37233,54.0
37243,52.0
37250,20.0
37253,17.0
37263,50.0
37273,50.0
37283,18.0
37293,53.0
37303,18.0
37313,54.0
37314,0.0
37324,16.0
37334,59.0
37344,55.0
37351,17.0
37355,19.0
37360,18.0
37370,49.0
37379,19.0
37384,17.0
37385,0.0
37395,51.0
37405,54.0
37415,47.0
37425,17.0
37435,49.0
37438,0.0
37448,51.0
37451,16.0
37461,45.0
37471,60.0
37481,52.0
37485,18.0
37495,54.0
37505,52.0
37515,51.0
37517,0.0
37527,17.0
37537,56.0
37546,47.0
37556,48.0
37566,51.0
37568,0.0
37578,19.0
37588,55.0
37598,55.0
37608,44.0
37618,50.0
37628,49.0
37638,57.0
37642,17.0
37652,42.0
37662,40.0
37672,49.0
37682,15.0
37692,55.0
37702,57.0
37712,49.0
37714,18.0
37716,16.0
37726,46.0
37736,47.0
37746,54.0
37756,52.0
37766,47.0
37768,16.0
37773,18.0
37781,50.0
37791,53.0
37801,18.0
37803,19.0
37812,49.0
37822,18.0
37832,52.0
37842,55.0
37849,53.0
37859,48.0
37863,17.0
37873,53.0
37883,49.0
37893,57.0
37903,51.0
37913,18.0
37921,20.0
37931,48.0
37941,56.0
37951,57.0
37961,47.0
37969,47.0
37979,46.0
37989,52.0
37999,16.0
38002,0.0
38012,45.0
38022,50.0
38026,18.0
38036,56.0
38046,55.0
38056,17.0
38066,18.0
38072,16.0
38082,45.0
38092,58.0
38101,55.0
38103,0.0
38113,55.0
38123,20.0
38133,52.0
38140,53.0
38150,49.0
38160,43.0
38170,17.0
38171,0.0
38172,0.0
38179,17.0
38187,15.0
38195,55.0
38205,61.0
38206,0.0
38212,18.0
38219,19.0
38220,0.0
38230,49.0
38232,18.0
38242,46.0
38252,50.0
38262,55.0
38270,51.0
38280,54.0
38290,56.0
38300,16.0
38310,50.0
38320,40.0
38329,52.0
38339,49.0
38349,60.0
38359,45.0
38369,53.0
38379,50.0
38389,54.0
38399,17.0
38409,48.0
38413,18.0
38423,52.0
38426,18.0
38436,53.0
38444,48.0
38454,60.0
38464,58.0
38474,46.0
38484,44.0
38486,17.0
38496,58.0
38506,44.0
38516,17.0
38526,60.0
38527,18.0
38537,56.0
38547,61.0
38557,56.0
38567,46.0
38577,54.0
38582,52.0
38587,0.0
38597,17.0
38607,47.0
38617,49.0
38620,17.0
38621,0.0
38623,0.0
38633,57.0
38643,44.0
38653,49.0
38663,47.0
38673,56.0
38680,50.0
38683,18.0
38693,54.0
38703,41.0
38710,18.0
38720,58.0
38730,62.0
38734,18.0
38744,54.0
38754,56.0
38764,19.0
38774,52.0
38784,48.0
38794,61.0
38804,47.0
38814,51.0
38819,20.0
38822,19.0
38824,0.0
38834,50.0
38837,17.0
38847,47.0
38857,45.0
38867,51.0
38877,50.0
38881,18.0
38891,47.0
38901,45.0
38908,56.0
38910,19.0
38918,59.0
38922,17.0
38923,0.0
38925,18.0
38935,53.0
38945,54.0
38955,52.0
38965,51.0
38975,49.0
38985,59.0
38988,17.0
38998,16.0
39005,52.0
39015,58.0
39025,54.0
39035,44.0
39045,49.0
39055,45.0
39065,18.0
39075,49.0
39085,58.0
39095,18.0
39103,60.0
39108,19.0
39118,56.0
39128,46.0
39131,17.0
39134,19.0
39144,47.0
39154,54.0
39156,0.0
39166,59.0
39176,58.0
39186,51.0
39189,15.0
39199,45.0
39209,56.0
39219,50.0
39229,40.0
39230,18.0
39234,19.0
39244,49.0
39254,17.0
39260,18.0
39270,47.0
39271,16.0
39281,47.0
39291,54.0
39297,18.0
39305,47.0
39311,16.0
39314,17.0
39320,19.0
39330,17.0
39340,53.0
39346,18.0
39347,0.0
39357,50.0
39367,63.0
39377,44.0
39387,51.0
39394,15.0
39404,20.0
39414,51.0
39423,17.0
39433,52.0
39443,47.0
39453,51.0
39454,0.0
39464,51.0
39467,17.0
39477,43.0
39487,54.0
39497,51.0
39506,51.0
39516,46.0
39526,53.0
39536,50.0
39546,17.0
39554,20.0
39561,19.0
39571,45.0
39581,50.0
39584,0.0
39587,17.0
39597,49.0
39607,19.0
39614,17.0
39618,16.0
39628,50.0
39638,46.0
39641,18.0
39647,18.0
39657,56.0
39663,19.0
39673,51.0
39683,50.0
39692,53.0
39697,20.0
39707,53.0
39710,0.0
39714,17.0
39724,51.0
39727,17.0
39732,16.0
39736,16.0
39743,17.0
39752,19.0
39762,60.0
39772,63.0
39782,44.0
39789,18.0
39791,20.0
39793,16.0
39803,53.0
39813,55.0
39823,51.0
39831,16.0
39841,57.0
39851,17.0
39861,51.0
39871,52.0
39881,18.0
39890,18.0
39892,17.0
39902,57.0
39908,18.0
39913,17.0
39923,51.0
39933,17.0
39942,48.0
39952,49.0
39960,58.0
39968,52.0
39978,58.0
39979,16.0
39989,56.0
39993,18.0
40003,51.0
40006,20.0
40016,52.0
40026,51.0
40028,17.0
40038,50.0
40046,45.0
40056,57.0
40066,15.0
40068,0.0
40078,44.0
40088,45.0
40093,15.0
40103,51.0
40113,56.0
40123,59.0
40129,14.0
40136,17.0
40140,17.0
40150,18.0
40160,39.0
40170,18.0
40180,54.0
40190,17.0
40199,53.0
40209,54.0
40219,50.0
40222,16.0
40232,54.0
40238,18.0
40248,16.0
40258,49.0
40265,16.0
40275,58.0
40285,58.0
40288,16.0
40298,47.0
40308,41.0
40318,16.0
40320,20.0
40330,53.0
40332,0.0
40339,16.0
40349,46.0
40359,58.0
40368,52.0
40378,17.0
40388,51.0
40391,17.0
40394,16.0
40404,50.0
40407,18.0
40411,19.0
40421,61.0
40431,48.0
40432,0.0
40442,50.0
40448,17.0
40458,42.0
40468,55.0
40478,46.0
40480,19.0
40486,18.0
40496,57.0
40506,53.0
40507,0.0
40517,20.0
40521,19.0
40531,47.0
40541,59.0
40551,47.0
40552,16.0
40557,19.0
40567,47.0
40577,50.0
40580,18.0
40590,46.0
40600,53.0
40604,14.0
40614,52.0
40624,47.0
40631,53.0
40641,49.0
40651,49.0
40661,51.0
40671,40.0
40672,0.0
40675,18.0
40685,56.0
40695,51.0
40704,50.0
40714,50.0
40724,50.0
40734,52.0
40744,48.0
40748,14.0
40755,52.0
40764,42.0
40774,49.0
40784,46.0
40794,54.0
40799,18.0
40809,51.0
40810,0.0
40813,16.0
40823,44.0
40831,14.0
40841,43.0
40843,17.0
40853,51.0
40857,18.0
40867,47.0
40877,46.0
40887,49.0
40897,17.0
40904,45.0
40910,18.0
40920,55.0
40930,56.0
40940,43.0
40950,49.0
40953,20.0
40960,55.0
40969,16.0
40979,18.0
40989,55.0
40999,45.0
41009,48.0
41014,17.0
41022,18.0
41025,16.0
41035,17.0
41043,43.0
41050,48.0
41060,53.0
41064,19.0
41074,44.0
41084,52.0
41093,52.0
41096,20.0
41106,54.0
41116,58.0
41126,51.0
41136,57.0
41143,20.0
41146,16.0
41156,48.0
41166,55.0
41168,0.0
41176,14.0
41182,20.0
41192,18.0
41202,47.0
41212,56.0
41222,44.0
41229,17.0
41239,57.0
41245,20.0
41255,59.0
41265,57.0
41270,17.0
41271,18.0
41275,17.0
41285,55.0
41295,41.0
41305,14.0
41309,16.0
41319,49.0
41323,16.0
41333,42.0
41335,18.0
41345,56.0
41355,44.0
41365,55.0
41375,54.0
41385,55.0
41394,54.0
41395,0.0
41400,50.0
41405,17.0
41415,57.0
41425,44.0
41435,55.0
41445,50.0
41455,54.0
41460,18.0
41470,50.0
41480,60.0
41490,50.0
41491,0.0
41501,63.0
41511,56.0
41521,54.0
41531,53.0
41541,51.0
41551,17.0
41561,55.0
41571,50.0
41581,65.0
41591,51.0
41601,52.0
41611,49.0
41621,19.0
41631,50.0
41641,54.0
41651,53.0
41657,52.0
41667,55.0
41677,44.0
41687,54.0
41697,54.0
41707,56.0
41712,46.0
41716,19.0
41718,17.0
41728,56.0
41738,57.0
41748,46.0
41749,16.0
41759,60.0
41769,53.0
41779,57.0
41789,48.0
41799,48.0
41809,53.0
41819,54.0
41829,54.0
41834,0.0
41844,53.0
41854,56.0
41864,51.0
41869,18.0
41870,15.0
41880,47.0
41884,17.0
41894,46.0
41904,53.0
41908,18.0
41910,18.0
41920,48.0
41930,19.0
41937,15.0
41947,41.0
41952,19.0
41962,38.0
41972,50.0
41977,17.0
41987,57.0
41997,49.0
41999,0.0
42009,51.0
42019,46.0
42029,46.0
42039,47.0
42045,17.0
42055,47.0
42065,18.0
42074,50.0
42084,50.0
42094,46.0
42104,58.0
42114,55.0
42115,19.0
42125,19.0
42135,46.0
42145,46.0
42154,51.0
42164,18.0
42165,0.0
42175,59.0
42185,56.0
42195,53.0
42201,19.0
42210,48.0
42220,56.0
42230,50.0
42240,52.0
42250,47.0
42260,51.0
42263,0.0
42273,45.0
42283,54.0
42284,0.0
42294,54.0
42301,18.0
42311,19.0
42321,49.0
42331,62.0
42341,48.0
42351,39.0
42361,36.0
42371,51.0
42381,48.0
42391,17.0
42392,0.0
42402,48.0
42412,50.0
42415,19.0
42425,18.0
42430,17.0
42440,47.0
42450,45.0
42460,50.0
42470,45.0
42478,51.0
42479,20.0
42483,19.0
42493,53.0
42503,51.0
42513,52.0
42523,57.0
42533,17.0
42543,57.0
42545,18.0
42546,0.0
42556,46.0
42566,53.0
42576,44.0
42586,48.0
42596,52.0
42598,16.0
42608,52.0
42611,18.0
42612,0.0
42620,16.0
42630,50.0
42640,17.0
42641,0.0
42651,50.0
42661,50.0
42662,0.0
42668,19.0
42678,52.0
42684,58.0
42688,19.0
42698,49.0
42708,49.0
42718,56.0
42725,52.0
42732,19.0
42742,50.0
42752,55.0
42754,18.0
42761,64.0
42771,48.0
42778,53.0
42779,0.0
42789,57.0
42799,50.0
42809,56.0
42819,50.0
42821,18.0
42829,48.0
42839,55.0
42842,0.0
42847,19.0
42853,56.0
42863,56.0
42867,19.0
42877,57.0
42882,54.0
42888,43.0
42898,60.0
42908,50.0
42918,51.0
42928,47.0
42936,18.0
42943,19.0
42947,16.0
42957,17.0
42961,16.0
42971,17.0
42973,18.0
42983,52.0
42993,51.0
43003,53.0
43007,15.0
43017,54.0
43027,52.0
43037,50.0
43047,62.0
43057,43.0
43060,19.0
43070,53.0
43078,57.0
43082,0.0
43088,18.0
43089,0.0
43094,52.0
43099,59.0
43100,15.0
43107,51.0
43116,47.0
43118,19.0
43128,55.0
43129,0.0
43139,41.0
43149,58.0
43153,17.0
43163,17.0
43173,16.0
43176,17.0
43181,16.0
43191,47.0
43200,15.0
43210,18.0
43220,52.0
43230,49.0
43237,16.0
43247,42.0
43257,50.0
43267,17.0
43275,17.0
43279,17.0
43289,52.0
43294,17.0
43304,58.0
43313,52.0
43321,50.0
43329,50.0
43339,57.0
43349,55.0
43355,53.0
43362,19.0
43363,0.0
43373,56.0
43383,55.0
43388,0.0
43392,16.0
43402,53.0
43412,49.0
43422,49.0
43432,48.0
43442,50.0
43452,35.0
43462,56.0
43472,56.0
43478,16.0
43488,53.0
43498,58.0
43508,58.0
43510,0.0
43517,18.0
43527,18.0
43537,46.0
43544,56.0
43554,17.0
43564,51.0
43571,55.0
43581,18.0
43582,0.0
43586,56.0
43589,15.0
43591,0.0
43601,54.0
43607,18.0
43609,18.0
43619,55.0
43629,18.0
43639,46.0
43646,52.0
43656,52.0
43663,45.0
43668,18.0
43678,49.0
43688,18.0
43698,54.0
43699,0.0
43705,37.0
43715,53.0
43718,17.0
43728,17.0
43738,49.0
43748,56.0
43758,56.0
43762,18.0
43767,18.0
43777,55.0
43786,17.0
43790,16.0
43800,43.0
43809,54.0
43819,51.0
43829,57.0
43830,20.0
43840,51.0
43850,17.0
43851,0.0
43861,54.0
43871,44.0
43881,50.0
43891,49.0
43897,59.0
43905,49.0
43915,55.0
43924,44.0
43934,45.0
43942,59.0
43952,43.0
43955,18.0
43965,58.0
43971,19.0
43981,50.0
43991,42.0
44001,55.0
44011,62.0
44021,51.0
44031,43.0
44037,56.0
44047,18.0
44057,50.0
44058,17.0
44060,18.0
44065,19.0
44072,59.0
44078,19.0
44086,57.0
44096,19.0
44106,39.0
44116,52.0
44120,16.0
44130,44.0
44140,52.0
44150,52.0
44159,50.0
44169,47.0
44176,42.0
44186,20.0
44196,18.0
44203,17.0
44213,51.0
44223,46.0
44233,51.0
44236,17.0
44240,17.0
44245,51.0
44255,44.0
44265,51.0
44266,0.0
44276,55.0
44277,18.0
44287,57.0
44297,55.0
44299,0.0
44309,54.0
44310,0.0
44320,56.0
44330,56.0
44340,55.0
44350,56.0
44351,0.0
44356,17.0
44364,18.0
44374,62.0
44384,51.0
44392,15.0
44401,52.0
44411,47.0
44421,52.0
44431,57.0
44440,52.0
44441,0.0
44443,18.0
44453,54.0
44460,20.0
44470,18.0
44480,42.0
44490,43.0
44500,42.0
44510,16.0
44519,16.0
44527,56.0
44537,54.0
44547,52.0
44557,50.0
44567,54.0
44577,53.0
44587,48.0
44597,54.0
44605,51.0
44608,18.0
44618,53.0
44628,17.0
44636,18.0
44644,19.0
44654,51.0
44657,0.0
44661,16.0
44669,51.0
44679,55.0
44689,49.0
44699,59.0
44709,44.0
44712,19.0
44722,54.0
44732,51.0
44735,20.0
44741,50.0
44751,56.0
44761,46.0
44766,17.0
44771,17.0
44781,34.0
44791,54.0
44801,47.0
44811,49.0
44818,48.0
44822,19.0
44827,17.0
44834,48.0
44840,18.0
44850,42.0
44860,52.0
44870,48.0
44880,56.0
44890,46.0
44900,50.0
44903,18.0
44913,53.0
44923,49.0
44933,39.0
44943,57.0
44953,44.0
44963,53.0
44964,0.0
44974,18.0
44984,18.0
44994,50.0
45000,54.0
45010,44.0
45020,50.0
45030,54.0
45040,53.0
45050,53.0
45060,56.0
45070,40.0
45080,54.0
45090,49.0
45098,18.0
45108,18.0
45118,49.0
45128,18.0
45138,56.0
45140,16.0
45150,52.0
45160,61.0
45170,60.0
45180,52.0
45190,57.0
45195,15.0
45205,47.0
45211,17.0
45221,66.0
45231,18.0
45241,52.0
45251,52.0
45261,55.0
45271,52.0
45275,17.0
45281,43.0
45283,18.0
45285,19.0
45295,52.0
45305,52.0
45309,19.0
45313,19.0
45323,55.0
45333,54.0
45343,34.0
45353,56.0
45363,51.0
45373,43.0
45383,42.0
45393,49.0
45397,19.0
45407,58.0
45413,19.0
45414,18.0
45424,51.0
45434,53.0
45437,0.0
45447,43.0
45448,18.0
45458,55.0
45464,17.0
45469,18.0
45479,50.0
45482,0.0
45487,56.0
45497,47.0
45507,39.0
45511,19.0
45521,54.0
45531,53.0
45532,0.0
45542,48.0
45552,53.0
45562,17.0
45572,51.0
45575,20.0
45585,16.0
45595,58.0
45605,60.0
45615,45.0
45619,15.0
45627,51.0
45637,56.0
45647,49.0
45657,54.0
45664,49.0
45674,47.0
45684,55.0
45694,19.0
45701,43.0
45711,55.0
45721,48.0
45731,52.0
45737,17.0
45743,17.0
45753,47.0
45762,58.0
45772,53.0
45782,54.0
45792,52.0
45802,18.0
45806,17.0
45811,18.0
45821,54.0
45828,48.0
45833,18.0
45834,17.0
45844,49.0
45847,19.0
45857,49.0
45867,53.0
45877,50.0
45883,18.0
45892,48.0
45902,47.0
45912,62.0
45922,55.0
45932,49.0
45934,17.0
45939,19.0
45940,0.0
45941,17.0
45951,58.0
45960,49.0
45962,18.0
45972,48.0
45975,0.0
45980,15.0
45990,17.0
46000,43.0
46010,53.0
46020,57.0
46028,55.0
46036,18.0
46046,44.0
46051,48.0
46061,53.0
46064,19.0
46074,55.0
46084,56.0
46094,54.0
46104,45.0
46113,43.0
46123,52.0
46124,0.0
46134,40.0
46138,18.0
46148,66.0
46154,17.0
46164,48.0
46174,55.0
46184,43.0
46194,52.0
46201,16.0
46204,17.0
46214,47.0
46224,53.0
46234,56.0
46244,50.0
46252,55.0
46262,52.0
46272,50.0
46276,18.0
46286,48.0
46296,52.0
46306,57.0
46316,50.0
46326,52.0
46336,47.0
46346,48.0
46355,54.0
46365,53.0
46375,52.0
46385,54.0
46395,53.0
46405,19.0
46408,18.0
46418,55.0
46428,59.0
46438,37.0
46440,14.0
46450,51.0
46460,18.0
46470,56.0
46480,17.0
46490,44.0
46500,35.0
46510,60.0
46520,47.0
46530,54.0
46540,49.0
46550,47.0
46560,42.0
46570,46.0
46580,59.0
46590,53.0
46600,60.0
46607,19.0
46610,19.0
46620,46.0
46623,17.0
46633,56.0
46643,45.0
46653,43.0
46663,39.0
46673,52.0
46675,19.0
46685,52.0
46686,0.0
46687,0.0
46697,48.0
46707,47.0
46717,47.0
46723,18.0
46733,50.0
46743,54.0
46753,54.0
46763,56.0
46766,20.0
46776,48.0
46786,48.0
46796,52.0
46798,19.0
46800,0.0
46810,51.0
46820,53.0
46830,52.0
46831,0.0
46841,17.0
46844,18.0
46854,48.0
46855,0.0
46865,48.0
46875,47.0
46881,19.0
46889,54.0
46899,47.0
46907,39.0
46911,16.0
46913,18.0
46923,60.0
46930,49.0
46940,48.0
46946,56.0
46956,56.0
46966,52.0
46976,52.0
46986,50.0
46996,44.0
47000,17.0
47010,58.0
47020,40.0
47022,18.0
47023,0.0
47033,55.0
47035,19.0
47039,15.0
47040,0.0
47041,20.0
47045,17.0
47055,52.0
47056,0.0
47066,47.0
47076,57.0
47086,57.0
47096,54.0
47106,53.0
47116,44.0
47126,44.0
47136,51.0
47146,48.0
47156,48.0
47166,20.0
47175,18.0
47185,16.0
47190,53.0
47200,45.0
47210,52.0
47220,55.0
47230,52.0
47240,55.0
47250,51.0
47260,45.0
47266,56.0
47275,43.0
47285,46.0
47295,55.0
47305,56.0
47315,62.0
47317,0.0
47323,15.0
47333,48.0
47343,16.0
47348,19.0
47352,19.0
47361,45.0
47371,51.0
47381,62.0
47391,55.0
47397,49.0
47407,18.0
47409,18.0
47417,62.0
47427,50.0
47437,48.0
47439,0.0
47449,50.0
47459,51.0
47466,63.0
47476,49.0
47486,49.0
47492,43.0
47502,52.0
47512,44.0
47522,53.0
47532,16.0
47542,60.0
47551,54.0
47561,58.0
47566,18.0
47576,66.0
47586,53.0
47596,56.0
47606,59.0
47616,53.0
47617,0.0
47622,19.0
47632,55.0
47634,19.0
47636,0.0
47646,52.0
47656,54.0
47660,18.0
47670,58.0
47680,53.0
47690,55.0
47698,59.0
47708,48.0
47718,43.0
47728,54.0
47738,46.0
47743,48.0
47752,53.0
47762,53.0
47772,50.0
47782,51.0
47792,53.0
47797,13.0
47807,51.0
47808,0.0
47818,52.0
47828,54.0
47829,17.0
47833,19.0
47843,56.0
47853,50.0
47863,46.0
47873,47.0
47883,55.0
47893,55.0
47898,49.0
47908,52.0
47909,0.0
47913,18.0
47923,52.0
47933,57.0
47943,51.0
47945,17.0
47955,57.0
47965,48.0
47975,52.0
47985,54.0
47995,51.0
47998,17.0
48007,46.0
48017,62.0
48027,50.0
48034,53.0
48044,60.0
48054,59.0
48064,51.0
48074,53.0
48084,53.0
48092,50.0
48099,50.0
48100,0.0
48107,49.0
48117,50.0
48127,55.0
48130,16.0
48140,57.0
48150,55.0
48160,51.0
48168,19.0
48178,53.0
48185,62.0
48194,59.0
48204,47.0
48214,55.0
48223,17.0
48233,51.0
48242,54.0
48252,53.0
48262,51.0
48269,55.0
48279,44.0
48289,55.0
48293,16.0
48303,50.0
48313,56.0
48323,57.0
48333,57.0
48343,52.0
48353,50.0
48363,18.0
48364,0.0
48372,19.0
48381,58.0
48391,64.0
48401,54.0
48410,18.0
48414,20.0
48415,0.0
48425,52.0
48435,48.0
48445,50.0
48455,47.0
48465,56.0
48475,52.0
48485,55.0
48486,0.0
48492,20.0
48502,46.0
48512,55.0
48518,17.0
48528,56.0
48538,18.0
48542,17.0
48552,51.0
48562,46.0
48572,51.0
48582,52.0
48592,54.0
48594,18.0
48597,17.0
48607,59.0
48617,55.0
48627,58.0
48636,55.0
48646,50.0
48656,19.0
48666,56.0
48673,20.0
48680,15.0
48686,49.0
48696,43.0
48703,16.0
48713,50.0
48716,18.0
48726,44.0
48736,51.0
48738,18.0
48748,56.0
48758,18.0
48768,52.0
48778,45.0
48788,47.0
48790,17.0
48795,17.0
48805,46.0
48815,46.0
48825,43.0
48832,18.0
48834,18.0
48836,19.0
48845,49.0
48847,20.0
48851,18.0
48861,57.0
48864,18.0
48874,48.0
48884,48.0
48894,39.0
48904,56.0
48910,19.0
48916,18.0
48926,17.0
48936,55.0
48946,50.0
48956,42.0
48966,44.0
48976,18.0
48981,19.0
48991,54.0
49001,48.0
49011,54.0
49021,54.0
49031,49.0
49036,57.0
49038,0.0
49048,14.0
49058,51.0
49063,55.0
49073,55.0
49074,18.0
49084,54.0
49094,64.0
49103,17.0
49108,18.0
49118,50.0
49128,53.0
49138,50.0
49148,54.0
49154,48.0
49157,19.0
49167,55.0
49177,16.0
49186,15.0
49196,43.0
49206,46.0
49208,0.0
49218,58.0
49226,53.0
49236,53.0
49246,57.0
49256,47.0
49266,55.0
49276,61.0
49278,17.0
49288,50.0
49294,17.0
49304,47.0
49314,46.0
49315,0.0
49316,0.0
49326,47.0
49336,44.0
49346,52.0
49354,56.0
49364,50.0
49374,19.0
49384,19.0
49394,59.0
49404,57.0
49414,53.0
49424,49.0
49434,48.0
49444,53.0
49448,20.0
49458,56.0
49468,44.0
49478,54.0
49482,18.0
49490,47.0
49500,43.0
49509,53.0
49516,18.0
49517,0.0
49527,51.0
49534,62.0
49544,62.0
49553,16.0
49558,54.0
49568,46.0
49578,55.0
49588,54.0
49598,53.0
49608,48.0
49618,62.0
49625,51.0
49635,51.0
49643,53.0
49645,0.0
49655,52.0
49663,62.0
49671,59.0
49681,42.0
49690,54.0
49700,54.0
49702,18.0
49712,50.0
49713,0.0
49716,18.0
49726,49.0
49736,49.0
49746,49.0
49756,61.0
49764,49.0
49766,17.0
49770,17.0
49780,48.0
49789,48.0
49790,16.0
49798,17.0
49799,0.0
49809,48.0
49813,18.0
49816,16.0
49821,49.0
49828,18.0
49838,54.0
49840,0.0
49850,55.0
49852,18.0
49856,17.0
49866,47.0
49874,53.0
49884,51.0
49887,18.0
49897,17.0
49905,48.0
49915,47.0
49925,50.0
49931,17.0
49938,17.0
49943,15.0
49953,56.0
49954,0.0
49964,18.0
49974,44.0
49979,18.0
49989,56.0
49999,44.0
50009,50.0
50010,0.0
50020,18.0
50030,46.0
50040,17.0
50050,50.0
50060,54.0
50068,17.0
50069,0.0
50079,46.0
50089,55.0
50099,53.0
50109,19.0
50119,50.0
50124,19.0
50125,0.0
50126,0.0
50136,58.0
50137,19.0
50147,16.0
50157,53.0
50167,50.0
50174,57.0
50182,51.0
50187,19.0
50197,45.0
50207,48.0
50217,44.0
50224,18.0
50234,50.0
50238,17.0
50248,56.0
50258,19.0
50259,17.0
50269,54.0
50279,55.0
50281,18.0
50291,53.0
50292,0.0
50302,41.0
50312,64.0
50314,0.0
50324,52.0
50334,18.0
50344,59.0
50347,19.0
50357,49.0
50367,19.0
50374,15.0
50384,53.0
50394,53.0
50404,52.0
50414,62.0
50418,16.0
50428,48.0
50438,45.0
50439,15.0
50448,49.0
50458,18.0
50468,50.0
50477,56.0
50487,40.0
50492,52.0
50502,53.0
50512,54.0
50522,58.0
50532,54.0
50540,49.0
50550,15.0
50560,54.0
50567,53.0
50570,19.0
50575,17.0
50585,55.0
50595,58.0
50603,54.0
50613,49.0
50623,44.0
50633,52.0
50636,18.0
50646,51.0
50656,52.0
50657,0.0
50660,0.0
50667,53.0
50677,18.0
50686,54.0
50696,51.0
50698,16.0
50708,53.0
50718,45.0
50720,20.0
50730,42.0
50736,59.0
50738,17.0
50744,20.0
50754,47.0
50764,52.0
50766,19.0
50776,48.0
50777,0.0
50779,20.0
50789,48.0
50791,15.0
50801,51.0
50809,55.0
50819,52.0
50829,57.0
50839,54.0
50849,58.0
50859,46.0
50863,16.0
50873,53.0
50877,17.0
50887,18.0
50897,57.0
50907,58.0
50916,53.0
50926,52.0
50936,49.0
50946,44.0
50947,0.0
50950,19.0
50959,45.0
50969,18.0
50970,0.0
50980,52.0
50990,52.0
50991,17.0
51001,48.0
51011,59.0
51021,58.0
51028,39.0
51029,0.0
51039,57.0
51047,44.0
51057,50.0
51066,67.0
51076,58.0
51086,55.0
51088,0.0
51098,54.0
51108,47.0
51115,18.0
51119,14.0
51129,44.0
51133,17.0
51143,18.0
51144,0.0
51145,0.0
51155,47.0
51161,58.0
51171,47.0
51181,50.0
51184,20.0
51194,47.0
51196,0.0
51201,19.0
51211,54.0
51213,19.0
51216,19.0
51222,19.0
51232,59.0
51242,53.0
51252,49.0
51261,45.0
51271,50.0
51281,56.0
51291,47.0
51293,19.0
51303,44.0
51312,50.0
51322,56.0
51332,53.0
51338,14.0
51348,57.0
51352,17.0
51362,38.0
51372,49.0
51380,48.0
51383,16.0
51393,49.0
51403,49.0
51406,18.0
51416,19.0
51426,50.0
51434,47.0
51440,58.0
51450,52.0
51452,18.0
51462,48.0
51464,19.0
51474,59.0
51484,53.0
51490,56.0
51500,46.0
51510,56.0
51520,43.0
51530,59.0
51540,53.0
51545,46.0
51547,0.0
51548,0.0
51558,52.0
51568,53.0
51578,58.0
51581,18.0
51591,49.0
51601,52.0
51611,51.0
51613,17.0
51617,18.0
51627,52.0
51634,50.0
51644,55.0
51654,59.0
51661,53.0
51664,16.0
51674,49.0
51684,45.0
51694,42.0
51704,48.0
51712,50.0
51722,48.0
51732,46.0
51742,52.0
51746,17.0
51748,19.0
51758,50.0
51761,18.0
51771,54.0
51774,17.0
51784,47.0
51786,0.0
51796,64.0
51806,55.0
51816,51.0
51826,54.0
51836,59.0
51846,57.0
51856,52.0
51866,52.0
51871,19.0
51874,20.0
51884,49.0
51889,19.0
51890,18.0
51900,50.0
51908,49.0
51918,54.0
51928,49.0
51929,0.0
51939,59.0
51946,55.0
51952,18.0
51962,54.0
51963,0.0
51970,17.0
51980,44.0
51988,17.0
51998,51.0
52008,46.0
52018,56.0
52026,53.0
52036,51.0
52042,46.0
52052,59.0
52062,51.0
52069,18.0
52073,19.0
52080,51.0
52090,54.0
52098,48.0
52108,56.0
52118,57.0
52128,55.0
52137,44.0
52140,15.0
52150,54.0
52160,50.0
52170,48.0
52175,17.0
52185,41.0
52189,18.0
52190,0.0
52196,19.0
52197,0.0
52207,46.0
52212,16.0
52222,55.0
52232,45.0
52242,48.0
52252,51.0
52262,54.0
52264,15.0
52274,49.0
52284,51.0
52287,18.0
52297,57.0
52307,56.0
52317,58.0
52319,19.0
52323,19.0
52324,0.0
52333,48.0
52343,56.0
52353,57.0
52363,53.0
52373,45.0
52383,53.0
52390,17.0
52400,16.0
52410,50.0
52420,44.0
52430,55.0
52440,47.0
52445,19.0
52454,48.0
52457,17.0
52467,55.0
52475,49.0
52484,19.0
52494,17.0
52498,16.0
52508,15.0
52515,18.0
52523,47.0
52533,50.0
52537,17.0
52540,0.0
52545,18.0
52555,50.0
52560,17.0
52568,14.0
52573,18.0
52576,17.0
52577,0.0
52584,52.0
52588,18.0
52590,17.0
52594,20.0
52596,0.0
52597,17.0
52607,19.0
52617,52.0
52627,56.0
52631,18.0
52641,58.0
52642,20.0
52651,49.0
52657,18.0
52667,53.0
52673,17.0
52683,58.0
52693,48.0
52703,53.0
52705,19.0
52706,0.0
52716,45.0
52726,19.0
52729,17.0
52739,40.0
52749,51.0
52759,46.0
52769,46.0
52779,55.0
52785,18.0
52795,48.0
52805,52.0
52806,16.0
52807,0.0
52817,56.0
52821,18.0
52831,16.0
52839,50.0
52849,50.0
52851,19.0
52861,55.0
52862,0.0
52872,20.0
52882,55.0
52892,51.0
52902,53.0
52912,45.0
52920,52.0
52930,56.0
52940,51.0
52941,0.0
52945,17.0
52954,52.0
52964,36.0
52969,18.0
52979,56.0
52980,0.0
52990,54.0
53000,19.0
53010,20.0
53020,48.0
53030,49.0
53040,57.0
53048,42.0
53058,50.0
53068,38.0
53078,42.0
53088,49.0
53089,0.0
53099,55.0
53109,56.0
53119,19.0
53126,53.0
53136,54.0
53138,18.0
53139,0.0
53149,45.0
53152,17.0
53162,54.0
53172,52.0
53177,16.0
53187,58.0
53197,54.0
53207,46.0
53217,52.0
53227,47.0
53231,20.0
53241,61.0
53251,14.0
53252,19.0
53262,15.0
53272,49.0
53282,49.0
53292,54.0
53293,0.0
53296,17.0
53306,62.0
53316,63.0
53326,42.0
53336,52.0
53346,57.0
53351,15.0
53356,18.0
53366,52.0
53376,50.0
53386,47.0
53396,61.0
53402,20.0
53412,45.0
53422,52.0
53432,52.0
53439,19.0
53449,52.0
53459,55.0
53469,53.0
53479,59.0
53489,57.0
53499,60.0
53504,18.0
53507,18.0
53517,17.0
53519,15.0
53529,54.0
53539,56.0
53545,19.0
53546,0.0
53556,51.0
53566,52.0
53576,52.0
53586,50.0
53596,46.0
53606,44.0
53616,51.0
53626,51.0
53629,19.0
53639,54.0
53649,38.0
53659,42.0
53665,19.0
53675,48.0
53685,54.0
53695,52.0
53705,54.0
53709,17.0
53719,48.0
53726,15.0
53729,17.0
53739,60.0
53747,52.0
53754,48.0
53764,47.0
53774,54.0
53783,59.0
53793,18.0
53803,17.0
53813,52.0
53823,60.0
53824,0.0
53834,55.0
53844,48.0
53849,17.0
53854,18.0
53862,59.0
53872,43.0
53879,47.0
53889,59.0
53899,52.0
53901,19.0
53906,52.0
53916,47.0
53926,53.0
53936,49.0
53937,18.0
53947,54.0
53956,52.0
53966,55.0
53976,55.0
53986,45.0
53990,17.0
54000,18.0
54010,50.0
54020,18.0
54021,0.0
54031,51.0
54038,17.0
54048,58.0
54058,53.0
54066,51.0
54076,18.0
54086,49.0
54096,62.0
54098,20.0
54099,0.0
54109,51.0
54119,49.0
54129,51.0
54139,48.0
54149,46.0
54151,19.0
54159,18.0
54169,60.0
54173,18.0
54183,56.0
54193,53.0
54203,56.0
54207,17.0
54217,52.0
54223,47.0
54231,57.0
54241,49.0
54250,52.0
54252,14.0
54262,49.0
54270,19.0
54280,47.0
54290,39.0
54294,19.0
54300,17.0
54301,0.0
54311,42.0
54314,16.0
54318,17.0
54328,55.0
54338,57.0
54342,16.0
54352,40.0
54362,51.0
54363,18.0
54373,48.0
54383,55.0
54393,55.0
54396,18.0
54406,47.0
54416,52.0
54426,48.0
54436,46.0
54437,0.0
54441,16.0
54451,47.0
54459,17.0
54462,18.0
54472,54.0
54482,57.0
54484,19.0
54494,47.0
54502,20.0
54512,56.0
54522,51.0
54532,52.0
54539,43.0
54543,19.0
54553,57.0
54560,53.0
54570,58.0
54580,58.0
54590,16.0
54600,55.0
54610,55.0
54620,64.0
54630,52.0
54640,45.0
54650,57.0
54652,20.0
54662,61.0
54672,50.0
54682,53.0
54689,15.0
54699,58.0
54708,49.0
54718,48.0
54728,43.0
54730,19.0
54740,57.0
54746,46.0
54752,17.0
54762,50.0
54772,49.0
54782,62.0
54784,17.0
54786,18.0
54796,49.0
54801,17.0
54808,54.0
54818,55.0
54828,60.0
54832,18.0
54842,54.0
54851,53.0
54852,0.0
54855,18.0
54859,17.0
54869,55.0
54879,54.0
54889,56.0
54899,48.0
54909,57.0
54919,45.0
54929,41.0
54939,47.0
54949,20.0
54958,55.0
54968,52.0
54978,48.0
54988,52.0
54991,19.0
55001,48.0
55002,0.0
55012,54.0
55022,50.0
55032,58.0
55037,17.0
55047,50.0
55049,17.0
55053,17.0
55063,55.0
55073,43.0
55074,0.0
55081,47.0
55091,16.0
55101,49.0
55111,51.0
55115,20.0
55116,0.0
55126,48.0
55136,48.0
55146,48.0
55156,18.0
55166,51.0
55170,18.0
55173,16.0
55183,47.0
55187,17.0
55197,54.0
55207,52.0
55217,50.0
55227,56.0
55237,43.0
55244,20.0
55251,42.0
55261,53.0
55265,16.0
55275,55.0
55285,49.0
55295,56.0
55305,44.0
55315,53.0
55325,53.0
55335,52.0
55345,51.0
55355,58.0
55365,49.0
55371,18.0
55381,54.0
55391,58.0
55401,49.0
55406,19.0
55416,46.0
55425,51.0
55435,56.0
55437,17.0
55440,19.0
55450,58.0
55460,54.0
55461,0.0
55470,50.0
55480,53.0
55490,18.0
55500,19.0
55510,55.0
55520,50.0
55530,57.0
55533,19.0
55543,54.0
55550,16.0
55553,18.0
55558,48.0
55566,50.0
55571,19.0
55581,52.0
55591,60.0
55601,57.0
55611,43.0
55621,49.0
55629,18.0
55639,43.0
55644,15.0
55654,40.0
55664,52.0
55674,18.0
55675,0.0
55685,15.0
55695,51.0
55705,54.0
55712,50.0
55722,47.0
55732,47.0
55738,19.0
55748,44.0
55750,17.0
55760,17.0
55770,53.0
55780,62.0
55787,18.0
55788,0.0
55798,54.0
55805,49.0
55815,59.0
55825,50.0
55830,18.0
55840,51.0
55850,55.0
55853,16.0
55863,57.0
55873,19.0
55883,53.0
55893,48.0
55903,57.0
55909,54.0
55919,18.0
55929,52.0
55939,54.0
55949,49.0
55959,45.0
55964,18.0
55965,18.0
55967,18.0
55977,50.0
55986,51.0
55995,15.0
55997,17.0
56007,55.0
56015,20.0
56017,0.0
56027,37.0
56037,58.0
56047,15.0
56057,51.0
56058,18.0
56068,50.0
56078,60.0
56082,17.0
56092,57.0
56102,54.0
56112,17.0
56115,20.0
56125,18.0
56135,46.0
56145,50.0
56154,42.0
56164,47.0
56167,17.0
56168,0.0
56178,48.0
56188,54.0
56198,55.0
56201,16.0
56202,19.0
56212,57.0
56222,51.0
56230,52.0
56240,53.0
56250,55.0
56257,47.0
56264,50.0
56274,50.0
56284,51.0
56288,15.0
56293,18.0
56296,16.0
56306,57.0
56316,16.0
56317,18.0
56327,51.0
56337,55.0
56347,53.0
56350,18.0
56357,16.0
56361,17.0
56371,45.0
56381,46.0
56387,18.0
56397,57.0
56399,19.0
56409,17.0
56414,18.0
56424,51.0
56425,0.0
56435,52.0
56438,18.0
56448,49.0
56454,18.0
56464,51.0
56472,51.0
56479,57.0
56481,20.0
56491,54.0
56501,49.0
56511,15.0
56521,54.0
56522,0.0
56532,54.0
56541,19.0
56551,47.0
56561,18.0
56571,18.0
56581,53.0
56591,17.0
56594,17.0
56604,56.0
56614,35.0
56617,20.0
56627,60.0
56629,0.0
56639,50.0
56649,49.0
56659,52.0
56667,19.0
56677,51.0
56687,50.0
56697,49.0
56707,45.0
56717,55.0
56727,54.0
56731,20.0
56741,17.0
56751,53.0
56761,19.0
56762,0.0
56772,56.0
56777,18.0
56787,17.0
56797,55.0
56801,15.0
56811,19.0
56816,16.0
56826,43.0
56827,0.0
56833,19.0
56843,54.0
56846,18.0
56852,16.0
56862,55.0
56872,51.0
56882,49.0
56887,50.0
56897,18.0
56907,56.0
56912,18.0
56916,17.0
56926,48.0
56936,50.0
56946,49.0
56947,0.0
56957,19.0
56963,17.0
56967,16.0
56977,49.0
56981,17.0
56991,54.0
56992,0.0
57002,48.0
57012,47.0
57022,52.0
57032,51.0
57042,55.0
57052,49.0
57062,49.0
57072,48.0
57082,52.0
57090,49.0
57100,56.0
57104,20.0
57114,46.0
57124,53.0
57134,49.0
57144,56.0
57154,60.0
57158,16.0
57168,37.0
57173,53.0
57183,19.0
57193,49.0
57195,18.0
57198,15.0
57204,17.0
57214,47.0
57224,54.0
57234,56.0
57237,17.0
57245,47.0
57255,56.0
57265,46.0
57275,53.0
57285,53.0
57286,0.0
57296,49.0
57306,53.0
57316,53.0
57326,48.0
57336,56.0
57346,48.0
57356,46.0
57366,43.0
57373,18.0
57382,47.0
57384,18.0
57386,18.0
57388,0.0
57393,47.0
57403,53.0
57413,46.0
57421,58.0
57431,53.0
57435,18.0
57445,51.0
57455,50.0
57465,42.0
57467,0.0
57477,54.0
57482,19.0
57492,52.0
57502,51.0
57512,51.0
57522,50.0
57532,55.0
57540,54.0
57543,19.0
57551,17.0
57561,48.0
57571,41.0
57577,18.0
57587,50.0
57597,59.0
57607,60.0
57610,17.0
57611,0.0
57621,42.0
57631,18.0
57641,54.0
57651,53.0
57661,51.0
57671,60.0
57676,17.0
57686,16.0
57696,16.0
57699,17.0
57709,53.0
57710,0.0
57714,19.0
57716,0.0
57719,17.0
57729,61.0
57739,59.0
57749,53.0
57759,44.0
57769,55.0
57776,51.0
57781,57.0
57791,48.0
57799,15.0
57809,51.0
57819,47.0
57826,49.0
57836,54.0
57843,19.0
57853,46.0
57863,58.0
57873,53.0
57883,59.0
57886,19.0
57896,44.0
57906,45.0
57916,54.0
57917,0.0
57927,50.0
57932,18.0
57942,57.0
57952,60.0
57955,19.0
57965,44.0
57975,46.0
57985,47.0
57995,52.0
58005,51.0
58015,53.0
58017,16.0
58027,41.0
58037,48.0
58047,67.0
58055,16.0
58060,20.0
58061,18.0
58062,16.0
58072,55.0
58082,45.0
58085,18.0
58086,0.0
58091,19.0
58093,19.0
58102,50.0
58112,57.0
58122,55.0
58132,48.0
58135,17.0
58145,49.0
58155,49.0
58165,51.0
58175,46.0
58185,56.0
58188,18.0
58198,50.0
58208,56.0
58212,14.0
58222,48.0
58232,47.0
58242,58.0
58245,17.0
58255,54.0
58262,54.0
58272,54.0
58282,49.0
58292,48.0
58302,53.0
58312,49.0
58322,47.0
58332,19.0
58342,55.0
58352,50.0
58362,50.0
58366,17.0
58367,0.0
58377,57.0
58387,51.0
58397,55.0
58401,19.0
58411,43.0
58421,53.0
58431,55.0
58441,49.0
58444,14.0
58454,18.0
58464,47.0
58474,37.0
58484,54.0
58494,49.0
58504,52.0
58514,19.0
58515,0.0
58519,19.0
58524,16.0
58534,40.0
58544,50.0
58554,56.0
58564,56.0
58568,17.0
58578,53.0
58584,50.0
58591,17.0
58601,62.0
58611,48.0
58621,56.0
58631,50.0
58641,18.0
58649,50.0
58653,16.0
58663,58.0
58673,54.0
58678,51.0
58688,47.0
58698,41.0
58708,48.0
58718,54.0
58728,52.0
58738,46.0
58745,14.0
58755,51.0
58760,18.0
58770,55.0
58780,56.0
58790,18.0
58800,55.0
58806,51.0
58816,48.0
58826,48.0
58829,19.0
58832,19.0
58840,51.0
58841,0.0
58851,48.0
58852,0.0
58862,55.0
58872,46.0
58875,16.0
58885,49.0
58886,0.0
58891,16.0
58895,19.0
58905,48.0
58915,51.0
58921,17.0
58931,53.0
58941,47.0
58950,52.0
58953,18.0
58954,16.0
58955,19.0
58965,63.0
58975,48.0
58985,52.0
58988,18.0
58998,49.0
59000,19.0
59010,55.0
59015,52.0
59021,54.0
59031,56.0
59032,19.0
59035,20.0
59045,38.0
59055,54.0
59065,57.0
59075,57.0
59079,20.0
59089,57.0
59097,47.0
59107,53.0
59117,59.0
59127,17.0
59132,18.0
59142,16.0
59144,0.0
59154,53.0
59164,57.0
59171,19.0
59181,55.0
59191,59.0
59201,50.0
59211,58.0
59221,59.0
59231,52.0
59233,15.0
59235,18.0
59237,18.0
59247,56.0
59257,59.0
59262,19.0
59272,57.0
59282,46.0
59292,15.0
59302,57.0
59312,51.0
59321,51.0
59328,49.0
59338,54.0
59348,51.0
59352,15.0
59362,52.0
59372,51.0
59382,49.0
59386,15.0
59390,17.0
59395,17.0
59405,51.0
59415,40.0
59425,49.0
59435,50.0
59445,57.0
59455,53.0
59465,19.0
59473,48.0
59483,17.0
59493,35.0
59503,60.0
59505,0.0
59509,15.0
59511,0.0
59521,56.0
59522,19.0
59532,18.0
59534,0.0
59540,17.0
59550,51.0
59560,52.0
59570,53.0
59580,57.0
59590,44.0
59600,39.0
59604,17.0
59614,44.0
59624,61.0
59634,48.0
59644,16.0
59654,49.0
59664,56.0
59665,0.0
59675,44.0
59685,51.0
59687,0.0
59693,17.0
59703,52.0
59713,52.0
59723,53.0
59733,47.0
59743,63.0
59753,54.0
59763,60.0
59765,17.0
59768,16.0
59771,16.0
59781,44.0
59791,56.0
59796,18.0
59804,19.0
59814,52.0
59821,48.0
59831,19.0
59837,18.0
59843,19.0
59852,44.0
59862,55.0
59872,49.0
59882,37.0
59891,16.0
59898,18.0
59908,54.0
59918,65.0
59921,17.0
59931,50.0
59941,45.0
59948,59.0
59958,43.0
59963,16.0
59973,46.0
59983,45.0
59993,57.0
60003,56.0
60013,55.0
60023,45.0
60025,19.0
60035,43.0
60045,52.0
60055,56.0
60059,18.0
60069,53.0
60079,54.0
60087,58.0
60097,51.0
60107,16.0
60117,48.0
60127,50.0
60136,53.0
60146,15.0
60155,52.0
60165,46.0
60168,0.0
60170,0.0
60172,19.0
60182,54.0
60192,48.0
60202,18.0
60212,53.0
60220,56.0
60230,48.0
60240,59.0
60250,54.0
60260,40.0
60266,38.0
60276,53.0
60286,47.0
60290,16.0
60300,43.0
60310,56.0
60320,59.0
60330,52.0
60332,19.0
60342,55.0
60352,59.0
60354,19.0
60364,64.0
60374,50.0
60384,39.0
60392,51.0
60401,49.0
60411,45.0
60421,46.0
60431,44.0
60441,53.0
60442,0.0
60452,45.0
60462,55.0
60463,0.0
60473,45.0
60483,46.0
60493,39.0
60503,48.0
60513,55.0
60515,0.0
60518,16.0
60519,0.0
60529,50.0
60530,15.0
60540,47.0
60541,0.0
60551,50.0
60552,0.0
60554,16.0
60560,18.0
60567,50.0
60577,54.0
60587,58.0
60597,42.0
60607,51.0
60609,0.0
60614,15.0
60623,56.0
60627,17.0
60637,51.0
60647,55.0
60657,53.0
60661,17.0
60669,18.0
60679,18.0
60689,54.0
60696,17.0
60706,54.0
60716,56.0
60723,59.0
60733,50.0
60743,38.0
60753,58.0
60763,46.0
60773,46.0
60775,20.0
60782,54.0
60792,55.0
60800,57.0
60807,49.0
60815,55.0
60825,45.0
60835,48.0
60836,0.0
60846,61.0
60856,53.0
60866,48.0
60876,56.0
60880,17.0
60883,18.0
60887,17.0
60894,45.0
60904,53.0
60914,44.0
60923,52.0
60933,50.0
60943,53.0
60944,0.0
60954,54.0
60960,19.0
60970,52.0
60974,17.0
60984,53.0
60994,42.0
60995,16.0
61005,50.0
61015,56.0
61025,17.0
61035,55.0
61045,56.0
61046,0.0
61055,57.0
61060,17.0
61065,17.0
61075,18.0
61076,0.0
61086,56.0
61096,47.0
61106,49.0
61110,18.0
61120,59.0
61130,48.0
61133,18.0
61143,57.0
61153,46.0
61163,51.0
61165,0.0
61175,48.0
61185,54.0
61187,17.0
61197,49.0
61207,52.0
61217,19.0
61225,57.0
61227,19.0
61237,52.0
61247,47.0
61251,18.0
61261,49.0
61271,42.0
61281,50.0
61291,19.0
61292,19.0
61302,60.0
61310,43.0
61320,58.0
61326,56.0
61333,52.0
61343,54.0
61353,58.0
61363,58.0
61366,17.0
61371,19.0
61381,49.0
61391,41.0
61395,18.0
61405,57.0
61415,58.0
61416,20.0
61426,49.0
61436,50.0
61446,53.0
61456,48.0
61464,53.0
61474,49.0
61484,56.0
61494,43.0
61504,52.0
61514,54.0
61521,50.0
61523,18.0
61530,51.0
61531,19.0
61533,19.0
61543,55.0
61546,19.0
61556,18.0
61563,54.0
61567,18.0
61577,53.0
61582,17.0
61588,15.0
61598,39.0
61608,50.0
61617,52.0
61627,53.0
61628,0.0
61638,50.0
61648,54.0
61658,50.0
61668,51.0
61676,19.0
61686,49.0
61692,20.0
61702,46.0
61712,56.0
61718,19.0
61728,16.0
61738,20.0
61748,59.0
61758,53.0
61768,19.0
61778,60.0
61781,18.0
61791,52.0
61792,0.0
61802,39.0
61812,49.0
61822,55.0
61823,0.0
61828,17.0
61834,17.0
61844,51.0
61854,47.0
61864,55.0
61871,54.0
61874,15.0
61877,17.0
61884,51.0
61894,49.0
61899,15.0
61909,56.0
61915,19.0
61925,55.0
61935,49.0
61945,59.0
61955,44.0
61960,18.0
61963,16.0
61973,52.0
61977,16.0
61987,15.0
61997,52.0
62007,54.0
62011,17.0
62021,15.0
62023,18.0
62031,57.0
62041,49.0
62042,16.0
62052,50.0
62062,53.0
62066,18.0
62072,18.0
62082,43.0
62092,42.0
62097,16.0
62107,41.0
62116,55.0
62126,56.0
62136,46.0
62146,16.0
62156,46.0
62166,17.0
62176,54.0
62186,50.0
62189,19.0
62199,53.0
62209,57.0
62219,46.0
62229,57.0
62239,57.0
62249,57.0
62259,51.0
62266,52.0
62275,16.0
62276,17.0
62286,58.0
62287,0.0
62292,19.0
62302,59.0
62312,54.0
62322,50.0
62332,48.0
62342,58.0
62352,54.0
62357,18.0
62367,60.0
62371,17.0
62380,47.0
62390,44.0
62399,18.0
62404,17.0
62414,56.0
62424,53.0
62434,50.0
62444,51.0
62445,20.0
62455,47.0
62461,51.0
62471,45.0
62481,62.0
62491,60.0
62500,53.0
62510,55.0
62520,47.0
62525,47.0
62533,53.0
62543,54.0
62548,17.0
62558,57.0
62566,48.0
62576,18.0
62580,18.0
62590,53.0
62600,59.0
62610,55.0
62620,48.0
62630,61.0
62640,47.0
62643,18.0
62653,61.0
62661,47.0
62671,54.0
62681,53.0
62689,16.0
62699,49.0
62709,48.0
62719,53.0
62729,54.0
62739,51.0
62749,51.0
62759,51.0
62769,52.0
62779,54.0
62789,52.0
62798,51.0
62802,17.0
62811,18.0
62821,51.0
62825,16.0
62827,0.0
62837,60.0
62838,0.0
62848,49.0
62855,44.0
62859,19.0
62869,51.0
62879,49.0
62885,16.0
62886,14.0
62896,57.0
62900,18.0
62910,19.0
62920,55.0
62930,49.0
62940,50.0
62950,41.0
62955,17.0
62958,18.0
62962,17.0
62963,0.0
62973,49.0
62983,64.0
62989,52.0
62999,55.0
63001,15.0
63011,58.0
63019,56.0
63024,20.0
63034,51.0
63044,45.0
63045,0.0
63046,0.0
63052,54.0
63062,54.0
63072,45.0
63075,17.0
63085,63.0
63090,19.0
63092,20.0
63093,17.0
63103,18.0
63113,51.0
63123,52.0
63133,47.0
63143,45.0
63153,54.0
63163,54.0
63170,17.0
63180,46.0
63182,16.0
63192,38.0
63194,15.0
63204,53.0
63214,57.0
63221,18.0
63226,0.0
63236,60.0
63243,50.0
63253,43.0
63263,62.0
63273,48.0
63283,16.0
63293,60.0
63294,0.0
63304,19.0
63314,50.0
63324,56.0
63334,56.0
63344,47.0
63345,18.0
63350,18.0
63360,49.0
63361,0.0
63362,0.0
63365,17.0
63375,54.0
63380,19.0
63390,40.0
63400,58.0
63410,57.0
63420,47.0
63426,17.0
63427,17.0
63437,56.0
63447,62.0
63452,18.0
63462,55.0
63465,16.0
63466,19.0
63476,52.0
63478,18.0
63488,55.0
63498,45.0
63508,54.0
63518,45.0
63528,59.0
63533,18.0
63541,45.0
63551,50.0
63558,19.0
63563,17.0
63573,50.0
63583,43.0
63587,19.0
63597,46.0
63607,54.0
63617,54.0
63621,18.0
63626,16.0
63636,51.0
63646,46.0
63656,59.0
63666,50.0
63669,0.0
63670,0.0
63680,51.0
63690,56.0
63693,16.0
63694,18.0
63704,62.0
63714,52.0
63718,18.0
63728,49.0
63738,40.0
63748,49.0
63755,17.0
63765,42.0
63768,14.0
63778,57.0
63782,16.0
63792,45.0
63797,18.0
63803,58.0
63810,55.0
63820,53.0
63830,60.0
63840,57.0
63850,49.0
63860,54.0
63861,0.0
63871,49.0
63881,51.0
63884,18.0
63891,45.0
63893,18.0
63903,52.0
63905,18.0
63915,46.0
63922,48.0
63932,47.0
63942,55.0
63946,18.0
63956,50.0
63959,20.0
63967,50.0
63977,51.0
63987,52.0
63997,51.0
64002,56.0
64007,18.0
64011,16.0
64021,44.0
64031,53.0
64034,17.0
64041,53.0
64051,50.0
64061,57.0
64070,43.0
64080,57.0
64090,48.0
64099,50.0
64101,18.0
64111,50.0
64121,53.0
64123,17.0
64130,56.0
64140,48.0
64150,51.0
64160,54.0
64164,17.0
64167,18.0
64177,55.0
64187,48.0
64197,47.0
64200,18.0
64210,49.0
64220,58.0
64224,15.0
64234,61.0
64241,18.0
64251,56.0
64261,58.0
64271,59.0
64281,44.0
64289,52.0
64299,19.0
64309,55.0
64314,20.0
64324,55.0
64334,54.0
64344,49.0
64354,51.0
64356,17.0
64366,48.0
64371,18.0
64381,49.0
64391,62.0
64401,18.0
64411,45.0
64416,16.0
64426,51.0
64436,51.0
64440,16.0
64448,48.0
64458,47.0
64468,50.0
64478,50.0
64488,51.0
64498,53.0
64508,16.0
64518,52.0
64528,51.0
64535,18.0
64541,46.0
64551,52.0
64561,49.0
64571,54.0
64573,17.0
64583,49.0
64593,58.0
64601,17.0
64606,18.0
64613,16.0
64623,54.0
64633,54.0
64640,52.0
64642,0.0
64648,48.0
64658,57.0
64668,17.0
64678,61.0
64688,49.0
64698,52.0
64700,16.0
64710,56.0
64720,16.0
64730,49.0
64740,58.0
64750,59.0
64754,16.0
64755,19.0
64765,54.0
64770,17.0
64780,49.0
64790,52.0
64800,18.0
64810,48.0
64820,50.0
64823,18.0
64833,54.0
64843,56.0
64853,57.0
64863,54.0
64873,52.0
64883,48.0
64893,53.0
64897,19.0
64907,54.0
64917,59.0
64919,0.0
64922,17.0
64929,18.0
64930,0.0
64940,47.0
64950,62.0
64958,43.0
64961,17.0
64964,16.0
64974,44.0
64984,16.0
64994,54.0
65004,18.0
65014,58.0
65020,40.0
65030,49.0
65040,20.0
65050,54.0
65060,48.0
65070,52.0
65080,52.0
65089,50.0
65099,53.0
65109,19.0
65119,53.0
65128,46.0
65132,18.0
65141,59.0
65145,18.0
65154,50.0
65164,17.0
65170,18.0
65180,54.0
65185,16.0
65195,48.0
65205,42.0
65215,51.0
65225,53.0
65235,51.0
65245,50.0
65255,52.0
65265,46.0
65275,53.0
65280,18.0
65290,53.0
65300,47.0
65310,52.0
65320,56.0
65330,48.0
65340,40.0
65342,16.0
65347,18.0
65353,17.0
65363,50.0
65373,51.0
65376,16.0
65386,60.0
65396,52.0
65400,15.0
65402,16.0
65412,52.0
65416,16.0
65421,20.0
65431,53.0
65441,57.0
65451,49.0
65461,57.0
65471,53.0
65478,53.0
65480,17.0
65490,53.0
65500,56.0
65510,54.0
65513,18.0
65516,17.0
65517,16.0
65524,53.0
65525,20.0
65528,19.0
65538,53.0
65548,48.0
65558,50.0
65568,58.0
65578,49.0
65588,55.0
65592,17.0
65602,49.0
65608,17.0
65617,51.0
65624,19.0
65634,56.0
65643,53.0
65653,47.0
65662,52.0
65672,51.0
65682,52.0
65692,56.0
65702,50.0
65711,48.0
65714,15.0
65724,48.0
65734,50.0
65744,62.0
65745,0.0
65747,17.0
65757,49.0
65767,45.0
65777,48.0
65787,59.0
65797,51.0
65807,39.0
65817,52.0
65822,46.0
65832,48.0
65842,47.0
65843,16.0
65853,49.0
65860,43.0
65863,18.0
65873,46.0
65877,19.0
65887,47.0
65897,60.0
65907,51.0
65916,52.0
65921,18.0
65931,48.0
65941,20.0
65948,57.0
65958,49.0
65963,51.0
65973,53.0
65983,51.0
65993,56.0
66003,59.0
66010,48.0
66012,16.0
66016,18.0
66018,20.0
66028,54.0
66038,55.0
66048,15.0
66049,0.0
66059,39.0
66069,49.0
66077,38.0
66087,51.0
66097,47.0
66104,53.0
66108,19.0
66115,17.0
66125,48.0
66135,43.0
66145,61.0
66155,52.0
66165,52.0
66175,48.0
66185,54.0
66195,52.0
66205,53.0
66212,57.0
66213,0.0
66223,52.0
66225,0.0
66230,18.0
66235,18.0
66238,16.0
66248,49.0
66251,19.0
66257,18.0
66267,49.0
66277,57.0
66287,51.0
66293,15.0
66303,49.0
66313,56.0
66323,57.0
66329,19.0
66339,37.0
66344,18.0
66354,50.0
66364,49.0
66374,47.0
66384,52.0
66394,54.0
66402,53.0
66412,51.0
66414,17.0
66424,45.0
66434,56.0
66435,16.0
66445,51.0
66455,54.0
66465,44.0
66467,0.0
66477,46.0
66487,48.0
66497,58.0
66507,58.0
66517,53.0
66527,51.0
66537,59.0
66546,49.0
66549,17.0
66555,50.0
66564,52.0
66568,18.0
66578,50.0
66586,51.0
66589,18.0
66593,18.0
66601,51.0
66610,56.0
66611,15.0
66612,0.0
66622,53.0
66632,52.0
66634,14.0
66644,47.0
66654,56.0
66664,53.0
66674,46.0
66684,44.0
66685,0.0
66695,50.0
66705,50.0
66713,48.0
66722,56.0
66732,52.0
66736,18.0
66737,0.0
66747,47.0
66756,20.0
66759,17.0
66769,50.0
66779,55.0
66789,49.0
66799,44.0
66809,53.0
66819,55.0
66822,18.0
66832,54.0
66842,57.0
66852,51.0
66862,52.0
66863,0.0
66865,18.0
66867,19.0
66877,61.0
66887,61.0
66897,57.0
66907,38.0
66917,47.0
66918,0.0
66928,53.0
66936,48.0
66946,42.0
66956,51.0
66957,0.0
66967,49.0
66977,57.0
66978,0.0
66988,51.0
66995,16.0
67005,47.0
67015,53.0
67021,19.0
67023,16.0
67033,56.0
67043,63.0
67046,18.0
67056,18.0
67059,19.0
67069,45.0
67079,49.0
67081,19.0
67083,13.0
67093,41.0
67103,57.0
67108,52.0
67118,50.0
67122,15.0
67132,54.0
67142,56.0
67152,45.0
67162,50.0
67163,16.0
67166,17.0
67176,50.0
67186,43.0
67189,17.0
67199,18.0
67209,54.0
67219,59.0
67226,18.0
67230,19.0
67240,52.0
67243,18.0
67253,52.0
67263,52.0
67273,50.0
67274,0.0
67284,58.0
67289,19.0
67294,17.0
67304,53.0
67314,56.0
67322,56.0
67323,20.0
67333,53.0
67337,18.0
67347,50.0
67357,53.0
67367,54.0
67377,50.0
67387,54.0
67394,45.0
67401,19.0
67403,19.0
67413,56.0
67414,0.0
67418,20.0
67428,51.0
67438,48.0
67444,59.0
67454,18.0
67464,52.0
67474,57.0
67484,54.0
67494,50.0
67497,17.0
67501,18.0
67511,48.0
67518,19.0
67528,56.0
67538,42.0
67548,54.0
67558,52.0
67568,50.0
67578,50.0
67588,61.0
67598,55.0
67604,17.0
67609,20.0
67618,43.0
67628,54.0
67630,20.0
67635,17.0
67645,18.0
67650,16.0
67658,52.0
67665,18.0
67671,16.0
67679,57.0
67685,16.0
67695,52.0
67705,49.0
67715,17.0
67725,52.0
67735,50.0
67738,18.0
67748,59.0
67758,53.0
67768,49.0
67778,53.0
67788,52.0
67798,49.0
67803,19.0
67813,54.0
67823,52.0
67833,17.0
67843,57.0
67847,20.0
67857,41.0
67866,54.0
67876,49.0
67886,44.0
67896,60.0
67906,53.0
67916,35.0
67923,60.0
67927,20.0
67929,0.0
67932,15.0
67942,57.0
67952,50.0
67962,56.0
67963,0.0
67969,20.0
67976,45.0
67986,55.0
67995,51.0
68005,16.0
68013,57.0
68015,19.0
68025,57.0
68029,18.0
68039,41.0
68049,19.0
68051,0.0
68061,56.0
68071,17.0
68074,19.0
68084,61.0
68094,52.0
68104,49.0
68114,49.0
68124,49.0
68131,50.0
68141,64.0
68151,53.0
68152,0.0
68162,49.0
68170,17.0
68171,0.0
68180,45.0
68190,55.0
68200,54.0
68204,17.0
68212,51.0
68222,55.0
68232,57.0
68236,19.0
68246,49.0
68256,19.0
68266,53.0
68276,53.0
68286,49.0
68287,0.0
68290,17.0
68293,18.0
68294,0.0
68304,44.0
68314,57.0
68324,51.0
68334,52.0
68340,17.0
68350,57.0
68360,54.0
68370,48.0
68371,15.0
68381,51.0
68390,37.0
68400,48.0
68410,45.0
68420,53.0
68430,56.0
68440,48.0
68442,18.0
68449,19.0
68455,17.0
68465,56.0
68475,44.0
68485,51.0
68493,51.0
68503,17.0
68513,45.0
68523,55.0
68533,53.0
68543,45.0
68553,40.0
68554,0.0
68564,49.0
68574,49.0
68584,55.0
68587,18.0
68597,50.0
68607,59.0
68617,49.0
68627,17.0
68637,52.0
68647,52.0
68657,55.0
68667,51.0
68673,42.0
68683,51.0
68688,51.0
68698,44.0
68708,53.0
68713,18.0
68722,58.0
68730,50.0
68735,50.0
68745,47.0
68755,55.0
68765,53.0
68775,49.0
68785,52.0
68786,0.0
68796,51.0
68806,59.0
68808,16.0
68818,54.0
68828,51.0
68838,53.0
68841,19.0
68845,18.0
68849,16.0
68850,16.0
68860,55.0
68870,55.0
68880,55.0
68889,47.0
68892,18.0
68902,53.0
68912,49.0
68917,15.0
68927,48.0
68933,60.0
68943,43.0
68953,50.0
68956,18.0
68966,51.0
68976,51.0
68986,51.0
68988,16.0
68998,49.0
69001,15.0
69003,20.0
69009,18.0
69015,16.0
69025,53.0
69035,50.0
69045,19.0
69054,60.0
69064,62.0
69074,46.0
69084,49.0
69094,48.0
69095,17.0
69101,57.0
69104,18.0
69106,19.0
69111,49.0
69121,58.0
69123,16.0
69133,48.0
69136,18.0
69146,52.0
69156,47.0
69166,55.0
69176,38.0
69179,14.0
69189,45.0
69191,17.0
69201,47.0
69211,51.0
69214,18.0
69221,54.0
69231,41.0
69235,18.0
69236,0.0
69237,0.0
69247,55.0
69256,50.0
69262,17.0
69272,52.0
69278,14.0
69288,57.0
69298,19.0
69308,43.0
69312,18.0
69322,49.0
69332,49.0
69342,40.0
69345,19.0
69348,19.0
69358,61.0
69368,49.0
69378,50.0
69388,45.0
69398,49.0
69403,53.0
69413,47.0
69420,52.0
69430,13.0
69440,57.0
69450,49.0
69460,50.0
69470,56.0
69471,19.0
69481,52.0
69491,47.0
69501,38.0
69508,53.0
69516,54.0
69526,57.0
69536,51.0
69546,53.0
69556,53.0
69566,49.0
69576,45.0
69578,17.0
69588,45.0
69598,46.0
69608,51.0
69618,48.0
69625,17.0
69627,18.0
69632,18.0
69642,62.0
69652,48.0
69662,50.0
69672,51.0
69682,59.0
69692,48.0
69702,42.0
69712,45.0
69722,56.0
69730,59.0
69740,19.0
69743,17.0
69753,52.0
69755,19.0
69765,53.0
69774,52.0
69784,51.0
69794,48.0
69803,56.0
69813,49.0
69823,56.0
69833,63.0
69843,54.0
69846,17.0
69847,15.0
69857,54.0
69867,54.0
69877,49.0
69887,52.0
69897,58.0
69906,42.0
69913,51.0
69923,54.0
69933,51.0
69939,18.0
69949,56.0
69954,0.0
69964,49.0
69974,47.0
69977,0.0
69987,54.0
69989,17.0
69993,16.0
70003,63.0
70013,52.0
70018,20.0
70028,63.0
70038,55.0
70048,36.0
70058,60.0
70068,17.0
70078,49.0
70088,48.0
70098,47.0
70106,40.0
70109,20.0
70112,19.0
70122,18.0
70132,49.0
70135,16.0
70144,17.0
70147,16.0
70157,56.0
70167,56.0
70170,17.0
70180,50.0
70188,56.0
70198,55.0
70202,18.0
70208,18.0
70218,51.0
70228,59.0
70236,55.0
70243,56.0
70248,17.0
70258,48.0
70268,57.0
70278,63.0
70288,48.0
70298,48.0
70307,56.0
70311,14.0
70321,52.0
70323,14.0
70333,51.0
70343,53.0
70349,57.0
70359,47.0
70362,20.0
70372,49.0
70382,17.0
70392,48.0
70402,48.0
70410,46.0
70420,54.0
70430,51.0
70440,55.0
70446,58.0
70447,16.0
70457,40.0
70460,18.0
70467,17.0
70477,58.0
70479,0.0
70489,54.0
70495,17.0
70505,52.0
70514,44.0
70524,57.0
70534,56.0
70544,45.0
70554,44.0
70563,46.0
70573,50.0
70574,0.0
70584,56.0
70594,49.0
70604,52.0
70614,17.0
70624,40.0
70626,20.0
70636,52.0
70646,56.0
70656,49.0
70666,54.0
70676,19.0
70686,17.0
70696,51.0
70706,55.0
70716,61.0
70726,43.0
70733,51.0
70743,59.0
70746,19.0
70756,50.0
70766,49.0
70776,52.0
70785,18.0
70795,48.0
70804,66.0
70811,19.0
70812,0.0
70822,53.0
70831,52.0
70834,18.0
70844,51.0
70854,50.0
70864,18.0
70874,50.0
70884,51.0
70894,56.0
70904,51.0
70913,41.0
70921,46.0
70931,51.0
70940,48.0
70950,42.0
70958,46.0
70961,18.0
70962,0.0
70968,47.0
70978,44.0
70988,53.0
70992,19.0
71002,51.0
71009,44.0
71018,52.0
71025,57.0
71035,53.0
71045,52.0
71050,18.0
71053,17.0
71063,58.0
71073,57.0
71083,59.0
71089,15.0
71097,50.0
71107,54.0
71117,48.0
71127,41.0
71137,54.0
71147,60.0
71149,18.0
71154,49.0
71164,53.0
71174,53.0
71182,50.0
71192,57.0
71199,57.0
71206,59.0
71212,49.0
71222,54.0
71232,39.0
71242,57.0
71252,59.0
71254,17.0
71264,55.0
71265,0.0
71273,47.0
71283,43.0
71286,17.0
71296,48.0
71306,50.0
71316,60.0
71326,57.0
71330,17.0
71340,18.0
71350,48.0
71351,18.0
71352,19.0
71356,19.0
71359,18.0
71369,18.0
71379,54.0
71389,49.0
71399,47.0
71403,18.0
71413,49.0
71421,59.0
71429,66.0
71439,62.0
71449,47.0
71459,57.0
71469,53.0
71479,58.0
71482,20.0
71492,51.0
71502,58.0
71505,18.0
71515,51.0
71521,53.0
71531,58.0
71541,60.0
71551,47.0
71561,58.0
71562,0.0
71564,18.0
71574,57.0
71580,18.0
71586,20.0
71596,47.0
71600,15.0
71610,39.0
71620,59.0
71626,19.0
71636,51.0
71646,48.0
71650,17.0
71660,53.0
71670,50.0
71680,44.0
71683,16.0
71692,46.0
71697,17.0
71707,42.0
71710,18.0
71712,0.0
71713,18.0
71723,49.0
71733,51.0
71743,48.0
71753,51.0
71763,43.0
71766,19.0
71776,52.0
71779,18.0
71789,53.0
71799,48.0
71800,20.0
71810,50.0
71820,54.0
71824,19.0
71834,49.0
71838,18.0
71839,18.0
71849,58.0
71859,54.0
71863,20.0
71871,18.0
71872,0.0
71875,16.0
71879,18.0
71885,20.0
71895,59.0
71905,48.0
71915,49.0
71925,47.0
71935,53.0
71945,55.0
71955,41.0
71965,59.0
71975,57.0
71985,60.0
71995,48.0
71999,19.0
72009,56.0
72019,60.0
72027,15.0
72037,42.0
72043,19.0
72046,19.0
72054,50.0
72064,37.0
72065,18.0
72075,54.0
72085,48.0
72095,50.0
72097,18.0
72107,53.0
72117,43.0
72122,18.0
72129,47.0
72134,18.0
72141,17.0
72147,18.0
72157,49.0
72167,47.0
72177,19.0
72179,15.0
72189,55.0
72194,18.0
72197,18.0
72207,59.0
72217,47.0
72223,52.0
72233,55.0
72243,58.0
72253,59.0
72263,55.0
72273,52.0
72283,45.0
72293,47.0
72303,54.0
72306,16.0
72308,0.0
72318,49.0
72322,18.0
72329,59.0
72339,54.0
72349,59.0
72350,16.0
72360,54.0
72370,48.0
72373,17.0
72374,0.0
72378,16.0
72388,43.0
72398,54.0
72408,17.0
72418,53.0
72428,53.0
72436,56.0
72446,56.0
72456,52.0
72466,61.0
72476,51.0
72486,53.0
72496,55.0
72506,50.0
72512,16.0
72522,50.0
72527,54.0
72537,20.0
72547,57.0
72557,49.0
72567,57.0
72577,48.0
72587,53.0
72597,50.0
72607,20.0
72617,50.0
72627,34.0
72628,17.0
72633,16.0
72641,54.0
72643,17.0
72653,48.0
72663,45.0
72667,18.0
72668,0.0
72675,19.0
72685,52.0
72691,17.0
72694,17.0
72704,51.0
72714,55.0
72719,19.0
72729,52.0
72739,55.0
72749,50.0
72759,55.0
72769,55.0
72779,46.0
72789,52.0
72799,52.0
72807,52.0
72817,46.0
72827,53.0
72832,16.0
72838,18.0
72840,20.0
72850,52.0
72857,45.0
72858,0.0
72868,52.0
72878,51.0
72888,40.0
72898,53.0
72908,51.0
72916,17.0
72926,53.0
72933,19.0
72936,16.0
72946,49.0
72951,18.0
72952,0.0
72962,48.0
72965,17.0
72975,51.0
72979,19.0
72989,53.0
72995,14.0
73004,49.0
73014,54.0
73019,15.0
73029,51.0
73039,48.0
73044,39.0
73045,17.0
73055,57.0
73065,51.0
73071,19.0
73081,60.0
73091,59.0
73096,18.0
73104,52.0
73114,50.0
73122,57.0
73129,16.0
73139,51.0
73149,55.0
73158,49.0
73168,53.0
73178,50.0
73179,18.0
73189,60.0
73199,52.0
73209,57.0
73219,50.0
73229,57.0
73239,50.0
73249,15.0
73259,18.0
73269,49.0
73279,56.0
73284,18.0
73289,18.0
73299,55.0
73300,0.0
73305,53.0
73315,55.0
73325,51.0
73335,55.0
73345,62.0
73347,0.0
73348,0.0
73349,18.0
73354,17.0
73364,17.0
73365,0.0
73368,15.0
73375,17.0
73385,39.0
73395,48.0
73405,53.0
73408,17.0
73418,52.0
73424,17.0
73431,48.0
73439,52.0
73442,16.0
73452,50.0
73462,57.0
73470,51.0
73480,49.0
73490,52.0
73498,60.0
73503,15.0
73513,52.0
73519,56.0
73520,18.0
73530,45.0
73540,51.0
73548,47.0
73558,46.0
73568,57.0
73578,49.0
73587,50.0
73588,0.0
73598,47.0
73608,51.0
73618,51.0
73628,47.0
73638,50.0
73648,50.0
73658,52.0
73668,54.0
73670,17.0
73672,18.0
73682,54.0
73687,18.0
73696,55.0
73698,0.0
73708,42.0
73717,51.0
73725,44.0
73735,52.0
73745,43.0
73753,48.0
73759,53.0
73769,51.0
73779,54.0
73789,57.0
73799,44.0
73803,16.0
73804,0.0
73812,47.0
73822,40.0
73832,60.0
73837,17.0
73843,17.0
73853,53.0
73863,16.0
73871,20.0
73881,47.0
73891,48.0
73901,53.0
73911,52.0
73921,46.0
73931,50.0
73941,60.0
73951,57.0
73957,18.0
73958,18.0
73968,56.0
73978,45.0
73988,49.0
73998,51.0
74008,54.0
74017,51.0
74024,54.0
74034,45.0
74039,18.0
74049,56.0
74054,18.0
74055,0.0
74056,15.0
74066,51.0
74073,47.0
74083,53.0
74093,54.0
74103,53.0
74113,61.0
74123,45.0
74125,16.0
74135,48.0
74139,18.0
74149,55.0
74159,54.0
74169,47.0
74176,18.0
74185,53.0
74195,46.0
74205,57.0
74215,56.0
74225,54.0
74227,18.0
74231,18.0
74241,52.0
74251,18.0
74260,51.0
74264,16.0
74274,46.0
74284,49.0
74294,52.0
74295,0.0
74303,46.0
74313,51.0
74323,52.0
74333,53.0
74343,56.0
74347,18.0
74357,52.0
74367,59.0
74374,54.0
74375,0.0
74385,55.0
74395,51.0
74405,57.0
74415,50.0
74424,50.0
74434,46.0
74444,47.0
74454,58.0
74464,55.0
74466,16.0
74467,0.0
74477,56.0
74487,57.0
74491,19.0
74501,50.0
74511,38.0
74521,48.0
74531,56.0
74541,52.0
74547,17.0
74557,57.0
74567,53.0
74573,18.0
74578,17.0
74583,17.0
74593,54.0
74595,17.0
74605,38.0
74615,54.0
74623,55.0
74633,49.0
74641,49.0
74646,49.0
74652,19.0
74662,43.0
74672,46.0
74682,52.0
74692,51.0
74702,61.0
74711,55.0
74721,55.0
74731,52.0
74741,50.0
74751,40.0
74758,53.0
74768,51.0
74769,0.0
74779,46.0
74789,58.0
74799,52.0
74809,52.0
74819,55.0
74827,50.0
74837,52.0
74841,16.0
74851,51.0
74861,50.0
74869,46.0
74879,52.0
74881,17.0
74891,46.0
74901,49.0
74905,18.0
74907,19.0
74917,56.0
74923,53.0
74933,56.0
74943,41.0
74944,19.0
74954,50.0
74955,0.0
74959,19.0
74968,50.0
74978,66.0
74988,51.0
74998,41.0
74999,16.0
75009,44.0
75019,37.0
75029,56.0
75039,49.0
75040,17.0
75050,51.0
75060,58.0
75070,53.0
75080,60.0
75090,55.0
75091,18.0
75101,52.0
75110,58.0
75120,44.0
75130,47.0
75140,60.0
75145,18.0
75155,51.0
75159,16.0
75162,18.0
75172,47.0
75182,48.0
75191,58.0
75201,46.0
75209,54.0
75219,46.0
75229,55.0
75239,18.0
75249,45.0
75259,56.0
75260,18.0
75269,49.0
75279,52.0
75283,19.0
75293,38.0
75303,49.0
75309,45.0
75319,52.0
75327,16.0
75337,45.0
75347,55.0
75353,54.0
75363,44.0
75366,16.0
75376,51.0
75386,48.0
75396,53.0
75406,55.0
75416,49.0
75425,47.0
75427,19.0
75437,53.0
75447,44.0
75457,46.0
75467,47.0
75477,50.0
75487,56.0
75491,17.0
75493,17.0
75500,50.0
75503,16.0
75508,17.0
75518,51.0
75523,18.0
75529,51.0
75535,19.0
75545,53.0
75546,16.0
75547,0.0
75551,17.0
75555,18.0
75565,50.0
75566,0.0
75576,45.0
75586,48.0
75596,53.0
75606,55.0
75611,17.0
75615,16.0
75616,0.0
75626,62.0
75636,48.0
75646,48.0
75647,0.0
75657,49.0
75667,37.0
75677,43.0
75681,19.0
75687,49.0
75695,16.0
75699,15.0
75709,49.0
75716,19.0
75726,56.0
75732,52.0
75742,47.0
75752,38.0
75762,47.0
75772,49.0
75776,17.0
75786,48.0
75796,18.0
75804,56.0
75811,54.0
75817,52.0
75827,50.0
75837,50.0
75847,52.0
75857,19.0
75867,47.0
75869,17.0
75879,48.0
75889,53.0
75899,17.0
75909,50.0
75912,18.0
75922,47.0
75932,51.0
75938,52.0
75948,56.0
75958,53.0
75964,18.0
75974,50.0
75984,52.0
75994,51.0
75999,18.0
76006,47.0
76009,17.0
76013,18.0
76023,56.0
76033,49.0
76038,18.0
76048,49.0
76056,57.0
76066,42.0
76073,40.0
76083,49.0
76093,40.0
76103,52.0
76113,48.0
76120,55.0
76130,48.0
76140,54.0
76142,17.0
76151,48.0
76161,49.0
76171,58.0
76181,44.0
76191,45.0
76201,57.0
76211,61.0
76221,52.0
76227,16.0
76237,53.0
76247,56.0
76257,46.0
76267,49.0
76268,18.0
76278,50.0
76288,18.0
76298,57.0
76308,55.0
76315,55.0
76322,19.0
76332,49.0
76336,17.0
76346,56.0
76352,19.0
76362,59.0
76364,16.0
76374,54.0
76384,54.0
76394,58.0
76401,52.0
76407,14.0
76417,53.0
76427,54.0
76434,45.0
76441,49.0
76445,20.0
76449,17.0
76454,16.0
76464,49.0
76474,59.0
76484,56.0
76486,15.0
76487,0.0
76497,52.0
76507,44.0
76508,16.0
76518,55.0
76528,54.0
76538,50.0
76548,49.0
76555,60.0
76565,45.0
76575,52.0
76585,53.0
76594,54.0
76604,56.0
76613,50.0
76619,41.0
76629,54.0
76631,19.0
76641,54.0
76651,54.0
76657,51.0
76667,51.0
76677,55.0
76687,56.0
76697,47.0
76707,62.0
76717,60.0
76727,47.0
76732,20.0
76742,52.0
76752,47.0
76762,52.0
76772,49.0
76782,55.0
76788,16.0
76797,57.0
76806,54.0
76814,50.0
76819,18.0
76829,49.0
76832,17.0
76842,54.0
76852,41.0
76857,19.0
76867,43.0
76877,40.0
76880,17.0
76886,44.0
76896,55.0
76906,53.0
76916,59.0
76926,52.0
76936,46.0
76946,49.0
76950,18.0
76960,62.0
76966,14.0
76976,51.0
76978,19.0
76988,43.0
76998,52.0
77008,63.0
77013,15.0
77023,54.0
77033,47.0
77043,53.0
77053,17.0
77063,45.0
77073,52.0
77083,52.0
77091,55.0
77101,52.0
77111,56.0
77116,15.0
77123,53.0
77133,54.0
77143,52.0
77153,59.0
77163,52.0
77173,52.0
77183,40.0
77193,19.0
77203,41.0
77213,15.0
77223,62.0
77229,55.0
77239,49.0
77243,18.0
77253,56.0
77263,56.0
77269,51.0
77279,46.0
77289,48.0
77299,50.0
77309,50.0
77314,16.0
77318,18.0
77328,51.0
77338,49.0
77348,46.0
77358,52.0
77368,49.0
77378,51.0
77388,48.0
77398,58.0
77408,52.0
77418,53.0
77428,55.0
77438,57.0
77448,55.0
77458,48.0
77468,56.0
77472,19.0
77474,17.0
77484,56.0
77494,17.0
77504,53.0
77514,53.0
77518,18.0
77525,51.0
77535,48.0
77545,42.0
77552,19.0
77562,51.0
77572,53.0
77578,17.0
77585,49.0
77595,51.0
77605,52.0
77606,0.0
77612,47.0
77618,20.0
77628,53.0
77631,17.0
77641,52.0
77651,53.0
77661,16.0
77665,19.0
77670,18.0
77680,50.0
77690,62.0
77700,52.0
77704,19.0
77708,16.0
77718,42.0
77720,18.0
77730,49.0
77736,54.0
77740,18.0
77750,15.0
77759,46.0
77769,52.0
77773,17.0
77783,34.0
77793,53.0
77803,52.0
77813,53.0
77823,48.0
77828,20.0
77838,55.0
77848,51.0
77850,17.0
77860,46.0
77862,17.0
77872,47.0
77879,41.0
77889,58.0
77899,17.0
77909,46.0
77919,54.0
77929,51.0
77933,18.0
77943,19.0
77948,16.0
77954,55.0
77964,61.0
77968,18.0
77978,49.0
77988,58.0
77998,53.0
78005,16.0
78014,19.0
78018,16.0
78027,51.0
78029,17.0
78039,56.0
78043,17.0
78053,53.0
78060,48.0
78070,47.0
78072,0.0
78082,47.0
78092,53.0
78102,46.0
78112,56.0
78116,17.0
78126,51.0
78136,17.0
78139,20.0
78141,17.0
78151,19.0
78161,41.0
78165,19.0
78175,58.0
78185,48.0
78195,52.0
78199,0.0
78201,17.0
78211,47.0
78213,17.0
78223,47.0
78226,19.0
78235,59.0
78245,47.0
78255,53.0
78265,46.0
78266,14.0
78269,15.0
78271,17.0
78273,18.0
78276,18.0
78279,17.0
78286,46.0
78292,19.0
78302,56.0
78312,54.0
78322,57.0
78327,18.0
78335,46.0
78336,0.0
78346,56.0
78356,51.0
78366,57.0
78376,53.0
78386,52.0
78396,46.0
78403,16.0
78413,46.0
78423,58.0
78433,51.0
78441,36.0
78451,48.0
78461,45.0
78471,53.0
78479,55.0
78489,46.0
78499,53.0
78501,17.0
78507,49.0
78508,18.0
78517,55.0
78526,56.0
78534,53.0
78538,17.0
78548,57.0
78557,56.0
78567,51.0
78569,0.0
78577,16.0
78587,47.0
78597,44.0
78602,52.0
78608,54.0
78618,55.0
78628,18.0
78637,44.0
78647,53.0
78657,54.0
78667,52.0
78677,57.0
78687,52.0
78697,46.0
78707,51.0
78710,18.0
78712,0.0
78722,49.0
78723,0.0
78733,53.0
78743,60.0
78753,44.0
78763,53.0
78773,48.0
78783,53.0
78790,50.0
78800,49.0
78810,17.0
78815,18.0
78825,46.0
78835,49.0
78836,17.0
78846,47.0
78856,48.0
78862,53.0
78872,51.0
78881,53.0
78891,61.0
78894,18.0
78898,19.0
78908,53.0
78909,0.0
78919,60.0
78929,53.0
78937,16.0
78947,58.0
78953,58.0
78954,17.0
78956,18.0
78966,59.0
78972,17.0
78982,16.0
78992,57.0
79002,56.0
79012,52.0
79022,53.0
79032,50.0
79036,17.0
79039,17.0
79049,56.0
79059,38.0
79069,60.0
79077,45.0
79082,52.0
79085,16.0
79095,43.0
79105,49.0
79115,48.0
79125,48.0
79132,62.0
79142,51.0
79152,19.0
79162,48.0
79172,55.0
79182,54.0
79192,50.0
79196,19.0
79199,18.0
79209,54.0
79213,20.0
79223,46.0
79233,52.0
79243,52.0
79253,41.0
79263,53.0
79273,54.0
79283,49.0
79293,37.0
79295,16.0
79296,18.0
79306,57.0
79314,52.0
79316,16.0
79326,49.0
79336,48.0
79344,56.0
79354,59.0
79355,0.0
79356,0.0
79366,55.0
79370,19.0
79380,54.0
79390,54.0
79400,49.0
79410,48.0
79419,53.0
79427,50.0
79433,17.0
79443,50.0
79453,17.0
79463,56.0
79468,50.0
79476,46.0
79482,19.0
79492,51.0
79502,61.0
79512,45.0
79522,49.0
79532,47.0
79537,18.0
79547,51.0
79557,43.0
79567,49.0
79571,16.0
79581,45.0
79585,18.0
79595,57.0
79602,45.0
79612,60.0
79613,0.0
79615,19.0
79617,18.0
79627,54.0
79637,52.0
79644,53.0
79654,41.0
79664,50.0
79668,18.0
79671,18.0
79676,15.0
79686,57.0
79689,14.0
79691,17.0
79701,18.0
79711,53.0
79721,56.0
79731,43.0
79741,46.0
79751,46.0
79761,53.0
79771,55.0
79781,46.0
79791,48.0
79795,17.0
79804,51.0
79814,49.0
79824,44.0
79831,16.0
79834,15.0
79844,19.0
79847,18.0
79857,49.0
79867,50.0
79877,52.0
79887,44.0
79897,51.0
79904,48.0
79914,52.0
79921,17.0
79931,55.0
79941,57.0
79951,59.0
79955,18.0
79962,20.0
79964,0.0
79972,60.0
79982,19.0
79992,64.0
80002,61.0
80011,57.0
80021,53.0
80031,51.0
80036,16.0
80046,45.0
80049,16.0
80059,54.0
80069,60.0
80079,54.0
80089,55.0
80099,40.0
80109,45.0
80119,49.0
80129,48.0
80133,18.0
80141,55.0
80151,51.0
80153,16.0
80163,45.0
80173,57.0
80183,54.0
80193,53.0
80203,49.0
80213,52.0
80223,43.0
80233,48.0
80242,45.0
80249,16.0
80259,57.0
80269,52.0
80276,18.0
80286,55.0
80287,0.0
80289,18.0
80297,58.0
80307,47.0
80308,18.0
80318,41.0
80328,52.0
80333,19.0
80339,17.0
80349,45.0
80359,56.0
80362,18.0
80372,47.0
80382,51.0
80392,49.0
80402,57.0
80412,50.0
80416,17.0
80424,59.0
80434,54.0
80444,40.0
80451,18.0
80461,38.0
80465,16.0
80475,55.0
80485,53.0
80494,63.0
80504,48.0
80509,17.0
80513,20.0
80523,55.0
80532,54.0
80542,53.0
80552,55.0
80562,17.0
80572,51.0
80582,40.0
80592,60.0
80600,57.0
80610,58.0
80620,44.0
80630,47.0
80640,49.0
80650,53.0
80653,19.0
80663,58.0
80673,50.0
80679,20.0
80689,48.0
80690,0.0
80700,57.0
80708,52.0
80718,55.0
80725,52.0
80735,60.0
80745,51.0
80755,57.0
80758,18.0
80768,55.0
80778,48.0
80788,54.0
80798,49.0
80808,56.0
80810,18.0
80813,16.0
80815,18.0
80825,53.0
80835,17.0
80845,50.0
80849,17.0
80859,59.0
80867,51.0
80877,54.0
80885,54.0
80895,50.0
80903,48.0
80913,57.0
80923,58.0
80931,50.0
80941,47.0
80951,47.0
80952,0.0
80956,19.0
80964,58.0
80967,20.0
80975,53.0
80979,17.0
80988,48.0
80998,61.0
81008,49.0
81018,62.0
81028,55.0
81038,51.0
81048,60.0
81051,17.0
81057,19.0
81063,18.0
81067,19.0
81077,48.0
81087,53.0
81097,56.0
81098,0.0
81108,41.0
81118,46.0
81128,42.0
81129,0.0
81139,51.0
81149,47.0
81159,45.0
81168,48.0
81169,0.0
81176,61.0
81186,54.0
81193,62.0
81203,50.0
81213,40.0
81223,46.0
81233,53.0
81240,48.0
81243,18.0
81253,17.0
81263,53.0
81273,47.0
81283,52.0
81293,52.0
81303,49.0
81313,50.0
81315,0.0
81325,53.0
81335,62.0
81345,46.0
81355,51.0
81356,18.0
81359,16.0
81369,43.0
81379,50.0
81389,53.0
81399,39.0
81408,50.0
81411,18.0
81420,55.0
81423,16.0
81430,55.0
81432,16.0
81442,45.0
81446,16.0
81456,55.0
81466,50.0
81476,44.0
81486,56.0
81496,61.0
81506,57.0
81516,48.0
81520,16.0
81530,57.0
81533,19.0
81543,57.0
81553,50.0
81563,54.0
81573,40.0
81583,45.0
81593,50.0
81603,44.0
81613,54.0
81623,47.0
81633,49.0
81643,60.0
81644,0.0
81654,55.0
81664,58.0
81674,51.0
81684,55.0
81694,43.0
81697,16.0
81707,57.0
81717,52.0
81727,55.0
81728,19.0
81730,18.0
81740,55.0
81750,54.0
81760,50.0
81770,60.0
81780,47.0
81790,52.0
81800,47.0
81801,14.0
81807,46.0
81817,54.0
81825,15.0
81835,45.0
81845,47.0
81852,38.0
81858,56.0
81864,57.0
81874,48.0
81884,51.0
81889,19.0
81899,51.0
81909,53.0
81919,56.0
81926,51.0
81936,50.0
81946,47.0
81956,45.0
81966,53.0
81968,18.0
81977,52.0
81987,52.0
81997,50.0
82005,17.0
82011,19.0
82021,47.0
82031,54.0
82041,53.0
82049,53.0
82058,51.0
82059,0.0
82069,53.0
82079,58.0
82089,61.0
82099,41.0
82109,36.0
82111,18.0
82121,55.0
82125,18.0
82128,17.0
82138,50.0
82144,53.0
82147,17.0
82157,47.0
82158,0.0
82161,17.0
82171,54.0
82181,50.0
82191,47.0
82195,17.0
82205,54.0
82215,42.0
82218,18.0
82223,18.0
82233,50.0
82243,52.0
82253,55.0
82261,46.0
82271,43.0
82278,18.0
82281,17.0
82284,18.0
82294,51.0
82301,17.0
82305,18.0
82315,46.0
82316,18.0
82326,42.0
82335,58.0
82341,47.0
82347,19.0
82357,57.0
82367,50.0
82377,36.0
82380,18.0
82390,59.0
82400,53.0
82410,47.0
82420,43.0
82430,63.0
82432,14.0
82442,63.0
82452,48.0
82462,51.0
82468,51.0
82470,19.0
82480,52.0
82490,62.0
82495,54.0
82505,55.0
82515,56.0
82525,45.0
82526,0.0
82528,0.0
82538,44.0
82541,17.0
82549,50.0
82551,0.0
82561,59.0
82565,20.0
82574,56.0
82576,18.0
82586,36.0
82593,46.0
82603,53.0
82613,54.0
82616,18.0
82626,44.0
82636,56.0
82640,16.0
82650,48.0
82654,18.0
82657,18.0
82667,19.0
82669,17.0
82679,60.0
82689,46.0
82699,39.0
82709,59.0
82719,52.0
82729,47.0
82739,54.0
82745,55.0
82755,51.0
82765,53.0
82774,50.0
82784,53.0
82794,17.0
82804,50.0
82811,17.0
82821,55.0
82831,55.0
82841,40.0
82851,55.0
82861,51.0
82871,54.0
82874,18.0
82884,51.0
82894,18.0
82896,19.0
82906,54.0
82916,48.0
82926,55.0
82936,54.0
82946,43.0
82950,19.0
82960,50.0
82970,52.0
82978,51.0
82988,55.0
82998,50.0
83008,64.0
83010,15.0
83017,53.0
83027,55.0
83037,45.0
83038,0.0
83048,55.0
83058,45.0
83068,49.0
83078,53.0
83082,19.0
83092,54.0
83094,19.0
83104,47.0
83107,17.0
83110,0.0
83120,55.0
83130,56.0
83131,16.0
83141,38.0
83151,47.0
83152,16.0
83156,16.0
83166,47.0
83167,0.0
83177,47.0
83183,18.0
83193,45.0
83203,53.0
83211,53.0
83221,60.0
83227,17.0
83237,48.0
83243,17.0
83253,39.0
83263,60.0
83273,46.0
83283,49.0
83285,18.0
83289,18.0
83299,52.0
83302,17.0
83312,48.0
83322,59.0
83332,54.0
83342,50.0
83348,17.0
83353,17.0
83363,45.0
83373,57.0
83377,18.0
83387,54.0
83397,50.0
83407,16.0
83417,54.0
83427,51.0
83436,58.0
83442,48.0
83452,54.0
83456,20.0
83466,47.0
83476,50.0
83478,18.0
83488,41.0
83498,54.0
83508,52.0
83509,0.0
83519,43.0
83526,54.0
83536,60.0
83543,52.0
83552,54.0
83553,0.0
83563,48.0
83567,18.0
83577,54.0
83587,51.0
83597,66.0
83606,54.0
83616,53.0
83626,51.0
83636,57.0
83646,53.0
83654,49.0
83660,54.0
83668,39.0
83678,48.0
83684,18.0
83690,54.0
83700,46.0
83710,51.0
83715,52.0
83725,50.0
83726,16.0
83736,55.0
83746,51.0
83756,49.0
83766,58.0
83776,52.0
83780,17.0
83781,0.0
83787,50.0
83794,52.0
83804,57.0
83805,0.0
83815,55.0
83825,47.0
83833,50.0
83834,19.0
83837,15.0
83845,18.0
83846,0.0
83856,46.0
83866,52.0
83876,50.0
83885,54.0
83895,47.0
83904,62.0
83914,53.0
83917,19.0
83927,53.0
83933,51.0
83943,58.0
83953,18.0
83963,52.0
83973,57.0
83983,52.0
83990,51.0
84000,49.0
84010,50.0
84018,44.0
84019,0.0
84029,49.0
84037,45.0
84047,56.0
84057,50.0
84067,46.0
84077,44.0
84083,54.0
84087,19.0
84097,50.0
84107,49.0
84117,58.0
84127,48.0
84137,50.0
84145,18.0
84155,52.0
84165,39.0
84175,48.0
84185,43.0
84195,52.0
84197,18.0
84207,16.0
84210,18.0
84220,52.0
84230,61.0
84231,17.0
84241,44.0
84251,47.0
84261,43.0
84269,53.0
84279,45.0
84289,44.0
84299,45.0
84302,0.0
84312,44.0
84322,19.0
84332,60.0
84342,49.0
84352,53.0
84354,17.0
84358,19.0
84368,59.0
84370,15.0
84380,45.0
84390,52.0
84400,46.0
84410,49.0
84420,53.0
84430,48.0
84437,52.0
84444,51.0
84454,45.0
84455,18.0
84458,15.0
84468,47.0
84475,58.0
84478,16.0
84488,57.0
84498,47.0
84503,18.0
84512,54.0
84519,52.0
84522,17.0
84532,37.0
84542,54.0
84552,54.0
84562,49.0
84568,48.0
84578,56.0
84581,16.0
84591,65.0
84601,44.0
84606,19.0
84616,53.0
84621,16.0
84631,55.0
84641,57.0
84651,52.0
84661,61.0
84663,16.0
84673,58.0
84675,17.0
84679,17.0
84682,19.0
84683,0.0
84693,47.0
84700,48.0
84708,49.0
84709,0.0
84719,53.0
84729,47.0
84739,51.0
84749,48.0
84758,51.0
84762,19.0
84772,50.0
84782,48.0
84792,52.0
84802,52.0
84807,19.0
84817,50.0
84827,51.0
84837,40.0
84847,57.0
84856,55.0
84866,56.0
84876,50.0
84886,55.0
84896,49.0
84901,17.0
84909,42.0
84918,56.0
84928,56.0
84938,56.0
84948,51.0
84958,49.0
84968,45.0
84978,18.0
84988,46.0
84998,46.0
85008,48.0
85018,49.0
85028,53.0
85038,55.0
85048,55.0
85058,41.0
85068,51.0
85078,60.0
85088,56.0
85098,47.0
85108,47.0
85118,49.0
85128,52.0
85130,18.0
85140,54.0
85150,53.0
85160,53.0
85164,18.0
85167,20.0
85175,56.0
85185,41.0
85186,0.0
85196,51.0
85204,51.0
85214,52.0
85224,52.0
85225,17.0
85233,45.0
85238,48.0
85248,53.0
85258,52.0
85268,49.0
85278,52.0
85288,51.0
85298,60.0
85308,50.0
85318,59.0
85328,52.0
85335,18.0
85340,50.0
85350,41.0
85360,59.0
85370,48.0
85372,17.0
85382,54.0
85392,61.0
85402,58.0
85403,0.0
85413,46.0
85423,54.0
85433,47.0
85443,53.0
85453,16.0
85463,48.0
85465,19.0
85475,58.0
85485,53.0
85489,19.0
85495,18.0
85499,17.0
85509,51.0
85517,16.0
85525,49.0
85535,52.0
85545,51.0
85555,51.0
85562,17.0
85572,50.0
85573,0.0
85583,41.0
85586,18.0
85596,54.0
85601,16.0
85611,53.0
85621,49.0
85631,59.0
85641,50.0
85645,16.0
85647,17.0
85650,18.0
85653,19.0
85663,53.0
85673,50.0
85676,20.0
85686,56.0
85696,51.0
85706,52.0
85712,16.0
85722,55.0
85732,59.0
85742,53.0
85752,52.0
85762,52.0
85772,53.0
85778,47.0
85784,18.0
85785,20.0
85795,51.0
85804,56.0
85814,19.0
85824,53.0
85834,48.0
85843,58.0
85847,19.0
85857,42.0
85867,56.0
85871,19.0
85878,51.0
85888,47.0
85891,17.0
85895,18.0
85897,19.0
85907,52.0
85912,16.0
85916,17.0
85926,60.0
85936,49.0
85946,49.0
85956,44.0
85966,53.0
85976,50.0
85986,52.0
85996,56.0
86006,17.0
86014,53.0
86015,0.0
86016,0.0
86026,48.0
86029,18.0
86039,48.0
86049,46.0
86059,58.0
86060,18.0
86062,18.0
86072,51.0
86082,54.0
86086,17.0
86088,16.0
86089,0.0
86099,51.0
86109,53.0
86111,17.0
86121,54.0
86131,53.0
86141,49.0
86142,0.0
86145,19.0
86153,47.0
86163,56.0
86173,49.0
86175,18.0
86177,20.0
86184,50.0
86194,54.0
86204,51.0
86214,50.0
86218,19.0
86228,55.0
86238,43.0
86248,38.0
86258,56.0
86268,55.0
86274,58.0
86284,53.0
86294,52.0
86295,17.0
86305,53.0
86312,18.0
86322,56.0
86332,51.0
86341,51.0
86346,17.0
86356,45.0
86366,56.0
86376,55.0
86386,37.0
86391,14.0
86401,55.0
86411,44.0
86417,18.0
86427,48.0
86437,50.0
86442,54.0
86451,52.0
86461,54.0
86471,57.0
86481,45.0
86491,59.0
86501,59.0
86504,16.0
86505,18.0
86515,43.0
86516,0.0
86526,46.0
86536,55.0
86546,52.0
86556,53.0
86563,48.0
86566,17.0
86576,48.0
86577,0.0
86587,56.0
86589,17.0
86599,43.0
86609,48.0
86615,18.0
86625,52.0
86635,63.0
86645,51.0
86655,45.0
86665,52.0
86675,46.0
86685,48.0
86690,17.0
86700,48.0
86708,47.0
86710,0.0
86720,57.0
86724,18.0
86728,16.0
86738,28.0
86740,18.0
86750,63.0
86760,53.0
86761,16.0
86771,53.0
86781,42.0
86787,49.0
86797,50.0
86799,19.0
86809,56.0
86819,53.0
86826,18.0
86827,0.0
86837,16.0
86844,49.0
86849,18.0
86857,54.0
86867,49.0
86875,58.0
86882,52.0
86892,17.0
86894,0.0
86904,52.0
86914,42.0
86924,48.0
86934,58.0
86944,50.0
86951,20.0
86957,17.0
86963,13.0
86973,50.0
86980,47.0
86990,50.0
87000,57.0
87010,50.0
87020,47.0
87030,45.0
87031,0.0
87036,17.0
87046,56.0
87056,47.0
87066,53.0
87067,0.0
87077,52.0
87080,18.0
87089,52.0
87099,51.0
87100,0.0
87110,47.0
87120,45.0
87130,56.0
87131,19.0
87141,58.0
87151,52.0
87161,65.0
87163,18.0
87173,51.0
87175,0.0
87185,56.0
87194,53.0
87204,50.0
87214,56.0
87224,41.0
87234,58.0
87235,19.0
87245,18.0
87255,53.0
87265,51.0
87275,53.0
87285,52.0
87295,49.0
87305,42.0
87307,0.0
87309,17.0
87317,43.0
87327,50.0
87329,0.0
87339,51.0
87349,55.0
87359,56.0
87369,50.0
87371,17.0
87381,60.0
87391,50.0
87401,52.0
87409,17.0
87419,50.0
87429,55.0
87439,46.0
87449,41.0
87459,43.0
87467,50.0
87477,54.0
87487,52.0
87497,55.0
87507,59.0
87517,55.0
87527,43.0
87537,52.0
87547,50.0
87555,50.0
87559,18.0
87569,48.0
87575,16.0
87585,51.0
87595,59.0
87605,58.0
87615,55.0
87618,18.0
87628,39.0
87635,56.0
87645,58.0
87655,52.0
87664,42.0
87674,57.0
87684,55.0
87694,49.0
87696,17.0
87706,53.0
87716,43.0
87726,56.0
87736,53.0
87746,56.0
87751,18.0
87761,51.0
87771,42.0
87781,47.0
87787,45.0
87797,57.0
87807,56.0
87811,20.0
87816,17.0
87826,51.0
87836,60.0
87846,50.0
87856,57.0
87861,20.0
87867,19.0
87877,49.0
87882,18.0
87892,51.0
87902,40.0
87906,17.0
87916,55.0
87926,53.0
87931,18.0
87932,18.0
87942,51.0
87952,51.0
87962,54.0
87972,47.0
87982,51.0
87992,51.0
88002,60.0
88012,51.0
88017,15.0
88027,52.0
88029,17.0
88039,49.0
88041,17.0
88044,16.0
88047,18.0
88057,56.0
88067,47.0
88072,47.0
88077,18.0
88087,56.0
88097,54.0
88107,42.0
88117,52.0
88127,55.0
88137,52.0
88143,19.0
88145,16.0
88153,56.0
88163,60.0
88173,52.0
88174,0.0
88179,18.0
88189,54.0
88199,59.0
88203,17.0
88213,50.0
88223,54.0
88233,56.0
88240,58.0
88244,19.0
88249,18.0
88259,48.0
88269,46.0
88270,19.0
88274,19.0
88284,53.0
88294,52.0
88304,54.0
88314,43.0
88323,50.0
88328,55.0
88335,44.0
88345,62.0
88355,46.0
88364,52.0
88374,53.0
88384,55.0
88391,56.0
88401,54.0
88409,51.0
88419,47.0
88427,18.0
88430,17.0
88440,55.0
88441,0.0
88451,56.0
88461,50.0
88471,47.0
88481,54.0
88491,48.0
88501,50.0
88511,51.0
88521,54.0
88531,19.0
88541,57.0
88551,45.0
88561,49.0
88571,54.0
88579,19.0
88580,0.0
88590,60.0
88600,51.0
88610,48.0
88620,47.0
88630,56.0
88639,55.0
88649,52.0
88650,18.0
88660,50.0
88668,52.0
88678,55.0
88688,52.0
88691,18.0
88698,18.0
88708,59.0
88718,52.0
88723,57.0
88733,57.0
88736,17.0
88746,48.0
88756,54.0
88761,15.0
88771,58.0
88781,46.0
88791,60.0
88801,57.0
88811,53.0
88821,50.0
88831,54.0
88841,58.0
88851,58.0
88861,52.0
88871,54.0
88875,17.0
88885,54.0
88895,50.0
88905,59.0
88909,19.0
88918,50.0
88928,56.0
88938,57.0
88948,58.0
88951,17.0
88961,50.0
88971,41.0
88981,59.0
88991,39.0
89001,52.0
89007,19.0
89010,20.0
89020,48.0
89026,17.0
89036,48.0
89046,52.0
89056,55.0
89065,51.0
89075,60.0
89085,60.0
89095,55.0
89105,47.0
89115,52.0
89125,44.0
89129,18.0
89132,18.0
89142,57.0
89152,59.0
89154,0.0
89164,45.0
89174,59.0
89184,54.0
89194,58.0
89196,0.0
89199,0.0
89205,16.0
89207,0.0
89217,49.0
89220,19.0
89230,53.0
89236,58.0
89246,51.0
89256,41.0
89266,18.0
89267,17.0
89277,55.0
89282,18.0
89283,0.0
89293,43.0
89303,54.0
89313,47.0
89321,57.0
89326,19.0
89336,49.0
89346,49.0
89356,53.0
89363,57.0
89373,58.0
89381,52.0
89391,47.0
89400,55.0
89403,17.0
89413,54.0
89423,46.0
89427,19.0
89432,18.0
89436,17.0
89446,53.0
89456,61.0
89466,51.0
89471,19.0
89478,53.0
89487,51.0
89494,53.0
89504,17.0
89507,18.0
89514,61.0
89515,0.0
89525,56.0
89529,19.0
89539,53.0
89549,50.0
89552,16.0
89562,56.0
89572,52.0
89576,19.0
89579,17.0
89589,52.0
89599,55.0
89609,55.0
89619,44.0
89628,43.0
89634,15.0
89639,19.0
89649,56.0
89659,38.0
89669,59.0
89671,17.0
89681,48.0
89690,38.0
89700,44.0
89710,42.0
89717,55.0
89727,58.0
89737,46.0
89747,52.0
89753,15.0
89758,58.0
89768,51.0
89778,54.0
89785,55.0
89788,17.0
89798,41.0
89802,17.0
89812,16.0
89820,48.0
89830,51.0
89840,52.0
89844,17.0
89852,57.0
89862,54.0
89865,17.0
89875,53.0
89885,53.0
89895,53.0
89900,17.0
89910,50.0
89920,51.0
89930,50.0
89939,51.0
89949,60.0
89959,61.0
89969,57.0
89974,19.0
89977,16.0
89982,16.0
89984,17.0
89985,19.0
89995,48.0
90005,47.0
90012,48.0
90019,48.0
90029,48.0
90036,44.0
90042,18.0
90051,49.0
90061,55.0
90063,17.0
90066,19.0
90071,51.0
90081,46.0
90088,17.0
90098,53.0
90108,52.0
90118,47.0
90119,0.0
90124,53.0
90129,17.0
90139,44.0
90149,47.0
90159,54.0
90165,50.0
90175,48.0
90176,0.0
90186,54.0
90192,54.0
90197,18.0
90202,55.0
90212,52.0
90222,59.0
90232,58.0
90242,45.0
90252,43.0
90262,55.0
90272,56.0
90282,53.0
90292,50.0
90302,59.0
90304,17.0
90313,18.0
90323,55.0
90333,56.0
90343,48.0
90353,37.0
90363,48.0
90373,51.0
90377,20.0
90387,49.0
90393,53.0
90396,18.0
90406,52.0
90413,49.0
90423,51.0
90433,56.0
90443,65.0
90453,52.0
90463,63.0
90473,58.0
90483,53.0
90493,56.0
90503,49.0
90507,16.0
90517,19.0
90527,60.0
90537,51.0
90538,16.0
90543,17.0
90553,56.0
90563,19.0
90573,52.0
90583,47.0
90587,15.0
90597,59.0
90607,43.0
90616,50.0
90626,18.0
90636,52.0
90644,19.0
90648,16.0
90658,52.0
90668,55.0
90678,51.0
90682,16.0
90692,48.0
90702,41.0
90706,15.0
90712,16.0
90722,54.0
90732,51.0
90737,16.0
90742,17.0
90746,19.0
90756,59.0
90766,43.0
90776,54.0
90784,55.0
90794,45.0
90801,54.0
90811,53.0
90821,54.0
90831,53.0
90838,49.0
90848,60.0
90858,44.0
90868,43.0
90878,46.0
90888,55.0
90898,55.0
90908,54.0
90918,55.0
90928,57.0
90938,53.0
90948,43.0
90951,17.0
90953,0.0
90963,59.0
90967,19.0
90977,63.0
90987,57.0
90997,47.0
91007,45.0
91009,15.0
91019,52.0
91029,45.0
91039,49.0
91049,59.0
91053,18.0
91063,47.0
91069,20.0
91079,49.0
91089,54.0
91093,16.0
91094,0.0
91102,49.0
91112,48.0
91122,55.0
91124,20.0
91134,53.0
91144,43.0
91154,47.0
91156,17.0
91165,59.0
91175,42.0
91180,54.0
91190,53.0
91200,49.0
91210,49.0
91212,17.0
91219,61.0
91229,53.0
91238,48.0
91248,42.0
91258,48.0
91261,19.0
91264,18.0
91271,56.0
91279,53.0
91284,19.0
91294,54.0
91304,60.0
91311,19.0
91314,18.0
91324,52.0
91334,43.0
91344,54.0
91354,55.0
91364,45.0
91366,19.0
91376,57.0
91381,15.0
91391,56.0
91393,0.0
91394,0.0
91401,52.0
91406,15.0
91416,51.0
91426,18.0
91436,42.0
91446,49.0
91450,16.0
91460,42.0
91467,17.0
91477,57.0
91487,45.0
91497,50.0
91501,18.0
91511,54.0
91518,54.0
91528,35.0
91538,48.0
91548,48.0
91558,52.0
91568,56.0
91573,18.0
91583,49.0
91586,19.0
91596,45.0
91602,47.0
91612,57.0
91622,47.0
91632,55.0
91633,20.0
91636,17.0
91646,45.0
91648,17.0
91658,18.0
91664,18.0
91674,20.0
91684,56.0
91694,53.0
91697,19.0
91707,53.0
91717,50.0
91727,53.0
91737,50.0
91747,52.0
91754,55.0
91763,51.0
91765,16.0
91775,44.0
91785,50.0
91789,18.0
91799,52.0
91808,60.0
91818,57.0
91820,19.0
91830,17.0
91835,19.0
91845,19.0
91855,43.0
91864,55.0
91872,48.0
91882,52.0
91892,16.0
91898,17.0
91908,47.0
91918,50.0
91923,17.0
91926,17.0
91927,0.0
91932,18.0
91942,45.0
91952,45.0
91958,46.0
91959,0.0
91965,52.0
91971,15.0
91981,52.0
91991,49.0
92001,53.0
92005,18.0
92015,51.0
92025,54.0
92035,46.0
92045,57.0
92050,18.0
92060,53.0
92066,17.0
92073,55.0
92083,56.0
92093,43.0
92103,51.0
92113,45.0
92123,51.0
92133,54.0
92134,18.0
92144,55.0
92145,19.0
92155,48.0
92163,51.0
92168,20.0
92178,52.0
92188,52.0
92198,50.0
92208,53.0
92218,42.0
92221,16.0
92223,15.0
92233,51.0
92236,16.0
92246,51.0
92256,59.0
92266,57.0
92276,56.0
92286,46.0
92290,19.0
92300,53.0
92304,18.0
92314,57.0
92324,54.0
92327,19.0
92337,48.0
92347,45.0
92353,46.0
92360,17.0
92362,19.0
92372,17.0
92382,56.0
92392,46.0
92402,51.0
92412,40.0
92417,16.0
92424,54.0
92428,17.0
92438,47.0
92439,0.0
92449,59.0
92459,54.0
92469,57.0
92473,19.0
92483,64.0
92493,50.0
92502,55.0
92512,50.0
92522,59.0
92524,17.0
92525,0.0
92535,51.0
92545,43.0
92547,0.0
92555,56.0
92565,56.0
92575,52.0
92577,19.0
92586,54.0
92596,50.0
92606,49.0
92616,44.0
92626,54.0
92636,41.0
92642,49.0
92652,55.0
92662,48.0
92672,40.0
92681,55.0
92691,53.0
92694,17.0
92704,43.0
92713,40.0
92721,45.0
92731,46.0
92740,50.0
92750,52.0
92760,42.0
92762,17.0
92772,19.0
92782,45.0
92792,45.0
92802,45.0
92812,50.0
92820,44.0
92828,51.0
92829,0.0
92832,19.0
92842,58.0
92852,48.0
92857,18.0
92867,55.0
92877,42.0
92887,52.0
92889,0.0
92893,16.0
92902,60.0
92912,42.0
92916,17.0
92919,17.0
92926,57.0
92932,15.0
92942,57.0
92952,55.0
92962,48.0
92965,18.0
92975,52.0
92985,53.0
92995,54.0
92996,0.0
93006,62.0
93016,46.0
93022,19.0
93032,57.0
93038,50.0
93048,52.0
93058,51.0
93061,19.0
93071,55.0
93081,54.0
93084,17.0
93093,56.0
93103,51.0
93113,57.0
93123,47.0
93131,45.0
93141,51.0
93151,19.0
93152,19.0
93162,51.0
93172,54.0
93182,55.0
93192,48.0
93198,16.0
93207,49.0
93217,52.0
93222,49.0
93230,16.0
93240,57.0
93250,49.0
93260,56.0
93269,52.0
93271,0.0
93281,57.0
93291,55.0
93301,43.0
93306,51.0
93316,53.0
93326,51.0
93336,16.0
93337,0.0
93347,40.0
93357,57.0
93367,49.0
93371,17.0
93378,54.0
93379,0.0
93380,0.0
93384,19.0
93394,55.0
93402,49.0
93407,18.0
93413,15.0
93423,38.0
93433,50.0
93443,53.0
93453,51.0
93463,48.0
93473,50.0
93483,56.0
93488,17.0
93498,52.0
93504,18.0
93509,16.0
93513,16.0
93523,52.0
93531,51.0
93541,68.0
93551,44.0
93553,16.0
93555,16.0
93565,57.0
93575,49.0
93581,18.0
93591,48.0
93600,48.0
93603,17.0
93613,57.0
93619,17.0
93629,47.0
93639,50.0
93649,50.0
93650,0.0
93658,61.0
93663,18.0
93673,51.0
93683,55.0
93686,19.0
93689,18.0
93699,52.0
93704,56.0
93713,56.0
93723,51.0
93733,40.0
93743,56.0
93753,54.0
93754,0.0
93764,58.0
93774,36.0
93784,62.0
93791,18.0
93801,53.0
93811,44.0
93813,15.0
93823,44.0
93833,50.0
93843,47.0
93852,53.0
93862,15.0
93872,53.0
93882,56.0
93892,54.0
93897,18.0
93906,54.0
93916,51.0
93926,47.0
93936,51.0
93946,42.0
93947,0.0
93957,49.0
93967,54.0
93977,44.0
93987,54.0
93992,18.0
93993,0.0
94003,53.0
94007,19.0
94017,17.0
94027,17.0
94036,43.0
94042,19.0
94052,54.0
94056,16.0
94059,19.0
94069,49.0
94072,15.0
94080,46.0
94090,53.0
94100,55.0
94106,42.0
94116,49.0
94126,50.0
94136,55.0
94146,17.0
94148,17.0
94157,48.0
94167,57.0
94177,57.0
94178,0.0
94188,44.0
94197,55.0
94199,18.0
94209,49.0
94219,49.0
94229,53.0
94239,62.0
94249,18.0
94259,60.0
94269,53.0
94279,57.0
94289,52.0
94299,49.0
94309,49.0
94313,17.0
94323,51.0
94333,56.0
94343,17.0
94350,53.0
94359,53.0
94360,0.0
94370,54.0
94380,54.0
94388,59.0
94392,18.0
94395,17.0
94405,51.0
94415,55.0
94421,19.0
94431,47.0
94441,49.0
94451,53.0
94461,43.0
94466,18.0
94476,59.0
94486,53.0
94492,50.0
94495,18.0
94503,20.0
94510,56.0
94520,48.0
94521,18.0
94525,16.0
94535,55.0
94538,17.0
94540,19.0
94550,56.0
94551,18.0
94554,19.0
94560,46.0
94570,49.0
94580,60.0
94590,57.0
94599,49.0
94604,17.0
94613,43.0
94623,54.0
94633,49.0
94643,54.0
94653,48.0
94659,19.0
94663,15.0
94673,55.0
94683,47.0
94690,58.0
94698,56.0
94704,48.0
94714,41.0
94724,57.0
94734,47.0
94742,55.0
94752,42.0
94762,56.0
94765,18.0
94775,52.0
94785,66.0
94789,18.0
94799,51.0
94804,17.0
94814,50.0
94822,49.0
94823,16.0
94833,51.0
94843,45.0
94851,50.0
94858,51.0
94868,50.0
94878,55.0
94888,37.0
94898,53.0
94908,44.0
94913,17.0
94914,0.0
94924,50.0
94933,51.0
94943,59.0
94950,46.0
94957,61.0
94965,18.0
94966,17.0
94976,56.0
94986,40.0
94996,49.0
95006,53.0
95016,60.0
95020,18.0
95030,45.0
95040,38.0
95050,54.0
95053,19.0
95055,19.0
95065,51.0
95070,16.0
95080,50.0
95090,50.0
95100,52.0
95110,59.0
95120,49.0
95130,42.0
95140,44.0
95150,18.0
95160,50.0
95170,53.0
95180,53.0
95187,61.0
95192,17.0
95202,51.0
95205,18.0
95215,49.0
95225,51.0
95229,18.0
95238,56.0
95247,56.0
95248,15.0
95258,54.0
95268,56.0
95278,49.0
95288,45.0
95295,44.0
95297,0.0
95304,16.0
95305,17.0
95315,46.0
95317,19.0
95318,16.0
95328,57.0
95332,17.0
95342,52.0
95352,41.0
95355,18.0
95365,52.0
95375,48.0
95377,19.0
95378,0.0
95388,52.0
95398,55.0
95408,57.0
95412,19.0
95413,18.0
95423,47.0
95433,56.0
95443,46.0
95444,17.0
95454,52.0
95464,54.0
95474,49.0
95484,47.0
95494,53.0
95504,48.0
95513,48.0
95523,48.0
95533,57.0
95543,47.0
95553,56.0
95563,50.0
95573,58.0
95583,57.0
95589,47.0
95599,48.0
95609,52.0
95610,0.0
95620,48.0
95624,15.0
95634,47.0
95644,52.0
95654,51.0
95660,49.0
95662,15.0
95672,52.0
95682,58.0
95692,58.0
95702,46.0
95706,18.0
95716,50.0
95718,17.0
95728,47.0
95738,43.0
95748,50.0
95753,18.0
95758,52.0
95768,57.0
95771,17.0
95781,60.0
95787,19.0
95797,50.0
95806,51.0
95816,50.0
95826,52.0
95836,48.0
95846,53.0
95856,52.0
95866,52.0
95876,52.0
95886,52.0
95896,48.0
95903,51.0
95904,0.0
95914,51.0
95922,47.0
95923,0.0
95927,16.0
95937,49.0
95947,55.0
95952,16.0
95957,17.0
95967,55.0
95968,0.0
95978,64.0
95982,18.0
95992,53.0
95993,0.0
95995,17.0
96004,58.0
96011,57.0
96021,53.0
96031,53.0
96034,16.0
96039,51.0
96049,18.0
96058,47.0
96068,59.0
96078,53.0
96088,40.0
96098,52.0
96108,52.0
96118,50.0
96128,48.0
96138,54.0
96140,18.0
96150,59.0
96160,43.0
96170,52.0
96175,53.0
96185,60.0
96195,53.0
96196,0.0
96206,50.0
96216,51.0
96226,57.0
96230,18.0
96235,16.0
96245,52.0
96251,19.0
96261,45.0
96271,51.0
96275,18.0
96277,17.0
96287,45.0
96297,55.0
96302,19.0
96312,47.0
96322,54.0
96332,46.0
96342,17.0
96352,56.0
96362,51.0
96363,0.0
96373,48.0
96383,56.0
96393,52.0
96394,18.0
96404,46.0
96409,16.0
96419,51.0
96420,0.0
96424,18.0
96434,54.0
96441,50.0
96451,45.0
96461,51.0
96471,55.0
96481,47.0
96485,18.0
96495,48.0
96505,41.0
96515,48.0
96519,18.0
96526,60.0
96529,17.0
96537,48.0
96539,19.0
96549,51.0
96559,44.0
96567,52.0
96573,47.0
96581,55.0
96591,56.0
96601,18.0
96608,47.0
96614,57.0
96620,16.0
96630,51.0
96640,46.0
96649,46.0
96659,54.0
96669,53.0
96674,18.0
96678,17.0
96688,52.0
96696,46.0
96706,58.0
96716,52.0
96726,51.0
96736,52.0
96746,58.0
96756,58.0
96766,46.0
96776,57.0
96786,52.0
96796,54.0
96806,53.0
96810,17.0
96820,16.0
96830,57.0
96840,55.0
96848,47.0
96858,57.0
96868,43.0
96876,42.0
96880,19.0
96890,55.0
96893,18.0
96903,47.0
96913,51.0
96916,0.0
96926,58.0
96936,54.0
96946,50.0
96956,54.0
96966,58.0
96976,48.0
96986,57.0
96993,40.0
97003,41.0
97005,0.0
97008,19.0
97018,59.0
97027,57.0
97035,55.0
97045,49.0
97055,48.0
97065,54.0
97075,52.0
97085,56.0
97095,59.0
97105,48.0
97111,54.0
97121,54.0
97131,58.0
97133,18.0
97143,51.0
97153,50.0
97163,53.0
97172,42.0
97180,18.0
97190,56.0
97192,18.0
97202,49.0
97212,48.0
97216,17.0
97217,0.0
97227,54.0
97230,20.0
97240,48.0
97242,17.0
97250,18.0
97260,56.0
97270,53.0
97280,52.0
97290,50.0
97295,50.0
97298,19.0
97300,18.0
97305,17.0
97311,17.0
97317,15.0
97327,44.0
97337,51.0
97347,50.0
97357,55.0
97358,18.0
97368,43.0
97375,50.0
97385,47.0
97395,56.0
97405,49.0
97415,46.0
97419,17.0
97420,0.0
97430,49.0
97440,45.0
97450,57.0
97453,16.0
97463,42.0
97470,52.0
97480,17.0
97481,0.0
97491,44.0
97501,53.0
97502,0.0
97512,45.0
97522,53.0
97532,62.0
97542,14.0
97552,50.0
97562,47.0
97565,18.0
97575,50.0
97585,50.0
97588,18.0
97598,51.0
97608,44.0
97612,18.0
97622,53.0
97627,18.0
97628,18.0
97638,54.0
97648,50.0
97658,44.0
97661,17.0
97666,18.0
97672,52.0
97674,16.0
97684,55.0
97694,53.0
97704,51.0
97705,0.0
97706,19.0
97716,51.0
97726,50.0
97736,50.0
97746,45.0
97752,39.0
97759,47.0
97769,49.0
97775,18.0
97785,55.0
97795,50.0
97799,16.0
97800,0.0
97810,52.0
97814,16.0
97818,19.0
97828,50.0
97838,51.0
97843,16.0
97853,59.0
97857,16.0
97867,56.0
97877,65.0
97887,18.0
97897,17.0
97903,48.0
97913,51.0
97916,18.0
97926,58.0
97936,56.0
97946,56.0
97956,51.0
97966,56.0
97976,56.0
97986,53.0
97996,53.0
98006,55.0
98016,56.0
98026,48.0
98036,51.0
98046,51.0
98056,50.0
98066,57.0
98075,47.0
98085,55.0
98095,53.0
98105,55.0
98107,17.0
98117,50.0
98127,53.0
98134,57.0
98144,54.0
98154,52.0
98163,49.0
98173,46.0
98181,47.0
98191,54.0
98193,20.0
98194,17.0
98201,18.0
98205,18.0
98215,57.0
98225,51.0
98228,19.0
98238,51.0
98248,43.0
98255,57.0
98265,56.0
98275,61.0
98285,53.0
98288,17.0
98298,54.0
98308,17.0
98318,53.0
98328,51.0
98338,43.0
98348,59.0
98350,17.0
98360,41.0
98370,48.0
98373,17.0
98383,55.0
98392,50.0
98402,48.0
98405,19.0
98408,15.0
98418,53.0
98419,20.0
98429,45.0
98439,46.0
98449,50.0
98459,43.0
98462,0.0
98472,52.0
98482,52.0
98483,19.0
98493,47.0
98503,54.0
98513,51.0
98514,0.0
98515,19.0
98525,54.0
98528,17.0
98538,52.0
98544,42.0
98545,0.0
98555,52.0
98558,19.0
98568,53.0
98578,59.0
98581,19.0
98585,16.0
98588,16.0
98598,47.0
98601,16.0
98610,43.0
98613,17.0
98623,51.0
98629,44.0
98639,56.0
98647,51.0
98657,47.0
98667,52.0
98677,48.0
98687,52.0
98697,54.0
98707,52.0
98717,55.0
98727,50.0
98737,58.0
98747,59.0
98757,51.0
98767,48.0
98777,57.0
98787,51.0
98795,54.0
98804,50.0
98814,48.0
98824,40.0
98829,51.0
98832,18.0
98833,0.0
98838,18.0
98848,52.0
98858,56.0
98860,0.0
98864,19.0
98874,18.0
98884,45.0
98888,18.0
98890,19.0
98899,58.0
98909,41.0
98919,47.0
98921,19.0
98931,54.0
98941,52.0
98951,47.0
98959,56.0
98969,48.0
98979,53.0
98989,55.0
98999,58.0
99009,42.0
99011,0.0
99021,53.0
99031,50.0
99041,49.0
99051,61.0
99057,18.0
99058,18.0
99068,56.0
99071,17.0
99081,53.0
99083,18.0
99093,52.0
99103,18.0
99113,61.0
99123,50.0
99133,50.0
99136,18.0
99138,18.0
99139,0.0
99149,46.0
99159,51.0
99169,48.0
99179,47.0
99189,54.0
99192,17.0
99202,59.0
99211,46.0
99220,50.0
99230,48.0
99240,53.0
99250,51.0
99260,50.0
99270,61.0
99280,55.0
99290,49.0
99300,53.0
99310,48.0
99318,53.0
99328,56.0
99333,19.0
99343,52.0
99350,63.0
99360,47.0
99364,16.0
99374,54.0
99384,54.0
99393,50.0
99403,57.0
99409,16.0
99410,15.0
99420,51.0
99430,53.0
99440,56.0
99450,56.0
99459,46.0
99469,48.0
99477,54.0
99485,42.0
99495,49.0
99505,55.0
99508,19.0
99518,54.0
99524,60.0
99534,64.0
99544,54.0
99554,53.0
99564,44.0
99574,51.0
99581,49.0
99591,54.0
99601,52.0
99610,54.0
99620,50.0
99621,0.0
99631,50.0
99641,52.0
99642,0.0
99646,18.0
99656,59.0
99666,50.0
99669,18.0
99670,0.0
99680,40.0
99690,53.0
99698,42.0
99699,0.0
99709,57.0
99719,53.0
99729,37.0
99739,39.0
99741,16.0
99751,54.0
99758,62.0
99768,51.0
99774,61.0
99778,18.0
99788,41.0
99790,18.0
99792,18.0
99795,15.0
99796,18.0
99797,18.0
99807,51.0
99817,45.0
99822,55.0
99828,18.0
99838,51.0
99848,42.0
99853,19.0
99863,50.0
99873,54.0
99883,47.0
99893,57.0
99903,49.0
99906,16.0
99911,20.0
99921,50.0
99931,45.0
99941,43.0
99951,53.0
99961,52.0
99971,43.0
99981,59.0
99991,51.0
100001,47.0
100011,52.0
100019,46.0
100021,0.0
100028,18.0
100038,52.0
100048,52.0
100058,45.0
100068,49.0
100077,49.0
100087,58.0
100094,52.0
100104,61.0
100114,59.0
100118,17.0
100128,45.0
100138,57.0
100140,17.0
100150,50.0
100158,52.0
100168,54.0
100169,0.0
100173,20.0
100183,51.0
100190,51.0
100198,55.0
100208,52.0
100218,47.0
100221,19.0
100231,48.0
100237,18.0
100247,58.0
100257,44.0
100260,17.0
100270,39.0
100278,52.0
100281,17.0
100285,19.0
100288,16.0
100298,52.0
100305,18.0
100315,16.0
100325,49.0
100329,18.0
100334,45.0
100344,62.0
100346,19.0
100356,47.0
100359,16.0
100364,55.0
100365,0.0
100368,15.0
100378,48.0
100388,19.0
100398,50.0
100408,54.0
100418,49.0
100428,54.0
100438,53.0
100448,55.0
100458,47.0
100468,43.0
100478,57.0
100488,49.0
100498,47.0
100501,18.0
100502,16.0
100512,59.0
100515,17.0
100525,46.0
100535,44.0
100545,48.0
100555,60.0
100557,0.0
100567,48.0
100574,59.0
100584,53.0
100594,53.0
100603,45.0
100613,58.0
100616,16.0
100626,49.0
100630,17.0
100637,18.0
100645,54.0
100655,51.0
100665,55.0
100675,47.0
100685,49.0
100687,16.0
100697,54.0
100707,64.0
100717,53.0
100722,18.0
100732,63.0
100742,46.0
100750,50.0
100754,17.0
100764,57.0
100774,54.0
100784,52.0
100794,44.0
100800,48.0
100810,51.0
100816,62.0
100826,47.0
100836,45.0
100846,48.0
100850,18.0
100860,54.0
100868,17.0
100874,18.0
100881,16.0
100884,18.0
100894,45.0
100904,44.0
100914,52.0
100924,53.0
100934,46.0
100943,53.0
100953,51.0
100963,60.0
100973,53.0
100983,51.0
100985,17.0
100995,18.0
101005,52.0
101015,53.0
101019,17.0
101029,54.0
101039,54.0
101049,51.0
101059,44.0
101069,50.0
101079,53.0
101087,47.0
101097,51.0
101107,51.0
101117,58.0
101123,19.0
101129,48.0
101139,50.0
101145,19.0
101155,55.0
101165,63.0
101175,46.0
101184,50.0
101194,56.0
101204,55.0
101214,53.0
101224,55.0
101234,16.0
101243,48.0
101253,56.0
101257,17.0
101260,20.0
101263,16.0
101273,55.0
101283,59.0
101287,17.0
101297,51.0
101306,51.0
101316,54.0
101326,18.0
101336,52.0
101341,17.0
101343,19.0
101345,18.0
101348,18.0
101351,18.0
101361,45.0
101365,18.0
101370,17.0
101380,53.0
101390,48.0
101400,47.0
101410,57.0
101420,43.0
101423,18.0
101433,58.0
101437,18.0
101445,16.0
101446,0.0
101456,59.0
101465,51.0
101470,19.0
101480,53.0
101490,57.0
101495,18.0
101505,54.0
101515,47.0
101522,54.0
101524,17.0
101534,49.0
101541,46.0
101543,16.0
101550,59.0
101556,20.0
101558,19.0
101568,47.0
101578,58.0
101586,56.0
101596,49.0
101598,19.0
101603,20.0
101609,53.0
101619,60.0
101621,0.0
101626,18.0
101636,60.0
101642,47.0
101652,61.0
101662,43.0
101672,44.0
101682,32.0
101692,51.0
101702,59.0
101704,0.0
101714,48.0
101724,50.0
101734,51.0
101744,49.0
101754,56.0
101764,51.0
101774,43.0
101784,53.0
101794,49.0
101804,51.0
101814,62.0
101824,54.0
101834,37.0
101844,55.0
101852,62.0
101860,55.0
101868,49.0
101869,18.0
101874,18.0
101884,55.0
101893,51.0
101903,52.0
101906,20.0
101916,57.0
101926,50.0
101930,0.0
101940,49.0
101950,55.0
101952,19.0
101957,47.0
101958,0.0
101968,48.0
101978,17.0
101982,19.0
101992,55.0
102002,53.0
102003,18.0
102009,51.0
102010,0.0
102020,52.0
102030,62.0
102033,18.0
102043,57.0
102053,48.0
102063,57.0
102066,17.0
102074,55.0
102084,53.0
102094,57.0
102103,60.0
102113,45.0
102123,54.0
102133,52.0
102134,0.0
102144,53.0
102152,49.0
102162,57.0
102172,54.0
102182,47.0
102185,20.0
102189,19.0
102191,20.0
102192,17.0
102196,18.0
102201,18.0
102211,39.0
102221,45.0
102231,51.0
102237,54.0
102246,58.0
102256,47.0
102266,48.0
102274,19.0
102284,48.0
102294,49.0
102303,54.0
102313,17.0
102323,51.0
102333,46.0
102343,48.0
102346,18.0
102354,47.0
102364,49.0
102374,50.0
102384,51.0
102390,42.0
102395,17.0
102405,46.0
102415,54.0
102425,52.0
102435,54.0
102439,19.0
102449,53.0
102452,0.0
102462,49.0
102472,48.0
102482,52.0
102483,0.0
102486,17.0
102489,19.0
102492,17.0
102500,58.0
102510,43.0
102520,50.0
102530,55.0
102540,55.0
102547,52.0
102557,53.0
102562,18.0
102572,49.0
102582,51.0
102592,56.0
102602,45.0
102607,14.0
102615,47.0
102621,18.0
102631,50.0
102641,54.0
102651,49.0
102652,18.0
102662,46.0
102672,58.0
102673,0.0
102683,43.0
102688,19.0
102689,17.0
102694,54.0
102696,18.0
102706,46.0
102716,55.0
102721,54.0
102731,47.0
102741,45.0
102748,52.0
102758,57.0
102761,17.0
102771,47.0
102781,59.0
102791,56.0
102801,49.0
102811,51.0
102812,19.0
102822,55.0
102832,48.0
102842,48.0
102852,45.0
102862,56.0
102863,19.0
102873,49.0
102875,17.0
102885,60.0
102895,45.0
102905,54.0
102914,49.0
102916,16.0
102926,37.0
102936,59.0
102946,54.0
102956,46.0
102961,20.0
102967,58.0
102977,55.0
102978,0.0
102985,19.0
102990,54.0
102994,17.0
103004,52.0
103014,50.0
103024,51.0
103032,54.0
103042,59.0
103044,19.0
103054,47.0
103064,50.0
103074,52.0
103084,54.0
103094,55.0
103104,55.0
103114,46.0
103117,18.0
103127,54.0
103137,60.0
103147,47.0
103157,17.0
103165,58.0
103175,49.0
103185,53.0
103195,50.0
103205,50.0
103215,50.0
103225,54.0
103235,52.0
103245,54.0
103248,17.0
103249,19.0
103259,44.0
103269,19.0
103275,16.0
103278,16.0
103288,56.0
103298,46.0
103307,52.0
103310,16.0
103320,51.0
103322,20.0
103332,57.0
103342,56.0
103352,47.0
103357,18.0
103360,18.0
103370,54.0
103380,45.0
103390,58.0
103400,53.0
103410,17.0
103411,20.0
103421,41.0
103431,55.0
103441,56.0
103451,65.0
103461,53.0
103462,0.0
103463,17.0
103473,50.0
103480,50.0
103490,56.0
103500,43.0
103504,16.0
103513,52.0
103523,50.0
103532,58.0
103533,0.0
103534,18.0
103540,46.0
103550,54.0
103560,48.0
103570,50.0
103580,58.0
103590,49.0
103600,56.0
103610,46.0
103620,60.0
103630,54.0
103640,54.0
103650,47.0
103660,55.0
103670,47.0
103678,53.0
103688,47.0
103692,18.0
103702,53.0
103707,17.0
103717,54.0
103727,54.0
103729,18.0
103739,50.0
103746,49.0
103747,0.0
103757,53.0
103767,59.0
103777,45.0
103787,55.0
103797,36.0
103807,58.0
103808,18.0
103818,39.0
103828,49.0
103838,51.0
103842,18.0
103852,43.0
103862,45.0
103872,52.0
103881,51.0
103891,54.0
103901,55.0
103910,47.0
103920,53.0
103930,52.0
103934,18.0
103938,16.0
103948,59.0
103955,47.0
103965,50.0
103975,47.0
103985,43.0
103995,52.0
104005,61.0
104009,17.0
104019,54.0
104029,47.0
104039,57.0
104045,53.0
104055,50.0
104065,43.0
104075,50.0
104085,48.0
104095,53.0
104105,49.0
104111,16.0
104121,48.0
104131,42.0
104141,48.0
104151,50.0
104161,43.0
104163,20.0
104173,48.0
104176,18.0
104186,51.0
104188,17.0
104195,17.0
104201,58.0
104203,19.0
104213,50.0
104220,53.0
104230,48.0
104233,17.0
104243,52.0
104246,17.0
104256,55.0
104266,46.0
104271,19.0
104281,54.0
104291,45.0
104295,16.0
104305,54.0
104307,16.0
104316,58.0
104320,17.0
104330,53.0
104332,19.0
104342,58.0
104352,56.0
104353,17.0
104363,54.0
104373,56.0
104375,0.0
104385,48.0
104390,17.0
104397,57.0
104398,18.0
104408,50.0
104418,46.0
104424,51.0
104434,53.0
104444,55.0
104454,52.0
104461,18.0
104471,59.0
104481,49.0
104491,55.0
104499,62.0
104505,20.0
104515,51.0
104525,50.0
104529,18.0
104539,47.0
104549,56.0
104556,50.0
104566,45.0
104576,39.0
104585,49.0
104587,0.0
104597,53.0
104607,53.0
104617,48.0
104627,54.0
104637,55.0
104647,56.0
104657,55.0
104667,55.0
104671,19.0
104681,44.0
104691,51.0
104701,19.0
104708,53.0
104718,16.0
104727,60.0
104735,49.0
104741,18.0
104746,50.0
104756,55.0
104766,52.0
104771,19.0
104781,50.0
104782,17.0
104788,16.0
104798,52.0
104807,62.0
104811,18.0
104821,52.0
104831,55.0
104841,56.0
104851,54.0
104856,18.0
104866,50.0
104873,19.0
104883,46.0
104888,17.0
104898,44.0
104899,18.0
104901,18.0
104911,46.0
104919,53.0
104929,55.0
104931,0.0
104935,17.0
104945,48.0
104955,53.0
104965,58.0
104975,56.0
104985,16.0
104988,17.0
104998,54.0
105005,40.0
105012,52.0
105019,50.0
105026,57.0
105036,45.0
105041,20.0
105043,18.0
105050,51.0
105059,53.0
105063,17.0
105073,49.0
105081,46.0
105091,46.0
105096,16.0
105106,52.0
105113,46.0
105118,18.0
105122,17.0
105131,50.0
105136,18.0
105146,52.0
105151,19.0
105161,59.0
105171,45.0
105180,46.0
105189,47.0
105198,54.0
105199,0.0
105201,18.0
105203,17.0
105204,18.0
105210,18.0
105220,57.0
105230,51.0
105234,18.0
105243,47.0
105246,18.0
105249,20.0
105259,52.0
105269,49.0
105279,57.0
105280,18.0
105290,46.0
105300,55.0
105307,57.0
105317,45.0
105327,57.0
105329,0.0
105339,59.0
105349,52.0
105358,46.0
105368,48.0
105374,49.0
105381,16.0
105391,55.0
105393,15.0
105403,51.0
105413,49.0
105418,16.0
105428,52.0
105438,52.0
105445,19.0
105447,0.0
105457,58.0
105467,52.0
105473,17.0
105483,53.0
105493,49.0
105503,57.0
105513,49.0
105516,19.0
105520,17.0
105530,36.0
105540,50.0
105546,17.0
105556,52.0
105566,55.0
105576,55.0
105586,57.0
105596,47.0
105597,0.0
105607,51.0
105617,54.0
105627,50.0
105631,19.0
105633,18.0
105643,57.0
105648,18.0
105655,52.0
105665,52.0
105675,58.0
105685,55.0
105695,51.0
105705,60.0
105711,18.0
105721,41.0
105731,63.0
105741,50.0
105744,19.0
105748,17.0
105749,19.0
105759,38.0
105762,18.0
105772,17.0
105777,18.0
105787,56.0
105788,18.0
105798,62.0
105803,20.0
105813,52.0
105823,45.0
105833,48.0
105843,54.0
105853,51.0
105856,18.0
105866,51.0
105876,52.0
105886,52.0
105896,53.0
105898,18.0
105899,18.0
105909,53.0
105919,46.0
105929,41.0
105932,20.0
105942,53.0
105952,51.0
105962,62.0
105972,57.0
105982,50.0
105992,57.0
106002,58.0
106012,55.0
106022,44.0
106025,18.0
106035,50.0
106038,19.0
106048,50.0
106055,53.0
106065,43.0
106070,18.0
106080,52.0
106090,45.0
106100,46.0
106110,50.0
106111,0.0
106121,60.0
106129,45.0
106139,48.0
106149,51.0
106151,18.0
106161,60.0
106171,52.0
106181,49.0
106191,53.0
106193,19.0
106200,19.0
106203,19.0
106213,57.0
106223,55.0
106224,18.0
106234,53.0
106244,53.0
106254,51.0
106264,48.0
106268,18.0
106278,49.0
106288,49.0
106298,56.0
106305,62.0
106314,45.0
106315,0.0
106318,16.0
106328,49.0
106338,56.0
106348,54.0
106354,48.0
106364,48.0
106374,43.0
106384,48.0
106385,16.0
106387,19.0
106397,52.0
106407,51.0
106417,52.0
106427,60.0
106433,51.0
106443,45.0
106453,49.0
106463,47.0
106473,43.0
106483,45.0
106488,17.0
106492,15.0
106502,54.0
106512,20.0
106516,16.0
106526,51.0
106536,49.0
106546,59.0
106556,50.0
106558,16.0
106568,55.0
106576,53.0
106586,53.0
106594,52.0
106597,16.0
106607,52.0
106612,19.0
106622,61.0
106631,50.0
106635,16.0
106638,19.0
106643,19.0
106651,57.0
106661,56.0
106671,53.0
106681,64.0
106691,54.0
106701,54.0
106711,57.0
106721,52.0
106722,0.0
106732,47.0
106742,50.0
106752,48.0
106762,50.0
106770,45.0
106780,56.0
106790,47.0
106800,61.0
106802,17.0
106803,0.0
106813,50.0
106818,20.0
106828,57.0
106838,53.0
106848,57.0
106858,53.0
106868,53.0
106873,18.0
106883,53.0
106893,55.0
106903,51.0
106908,19.0
106918,49.0
106920,18.0
106930,52.0
106940,55.0
106950,48.0
106960,58.0
106968,48.0
106978,40.0
106988,45.0
106998,54.0
107008,55.0
107018,57.0
107028,53.0
107036,42.0
107043,51.0
107053,53.0
107060,50.0
107070,56.0
107080,47.0
107082,18.0
107092,54.0
107102,43.0
107104,16.0
107105,17.0
107115,55.0
107118,17.0
107128,49.0
107134,18.0
107144,46.0
107154,47.0
107164,57.0
107173,53.0
107183,54.0
107193,57.0
107202,44.0
107212,54.0
107218,18.0
107228,48.0
107235,53.0
107245,52.0
107253,49.0
107263,55.0
107273,52.0
107277,19.0
107279,18.0
107289,60.0
107299,52.0
107309,57.0
107319,53.0
107329,51.0
107339,51.0
107349,46.0
107350,18.0
107360,51.0
107370,53.0
107373,18.0
107383,47.0
107393,48.0
107397,18.0
107402,18.0
107412,46.0
107422,47.0
107432,48.0
107442,43.0
107452,55.0
107453,17.0
107463,57.0
107473,63.0
107483,41.0
107493,45.0
107503,53.0
107513,43.0
107523,56.0
107533,56.0
107543,48.0
107553,58.0
107563,56.0
107573,44.0
107583,50.0
107593,45.0
107603,53.0
107607,20.0
107617,53.0
107627,50.0
107637,36.0
107647,52.0
107657,46.0
107667,61.0
107677,45.0
107687,48.0
107697,44.0
107704,18.0
107707,18.0
107717,51.0
107727,44.0
107737,52.0
107747,50.0
107748,0.0
107752,16.0
107761,48.0
107771,54.0
107781,20.0
107791,54.0
107793,18.0
107802,53.0
107812,46.0
107822,54.0
107831,49.0
107841,56.0
107848,52.0
107853,17.0
107863,55.0
107871,43.0
107881,56.0
107891,51.0
107901,49.0
107911,56.0
107921,42.0
107930,47.0
107940,49.0
107950,52.0
107952,17.0
107962,58.0
107965,17.0
107975,55.0
107985,50.0
107986,0.0
107996,49.0
108006,52.0
108016,56.0
108026,57.0
108030,18.0
108040,47.0
108043,16.0
108053,17.0
108063,53.0
108073,44.0
108074,0.0
108075,18.0
108076,0.0
108086,50.0
108094,53.0
108101,54.0
108111,54.0
108121,61.0
108124,18.0
108125,0.0
108126,0.0
108128,19.0
108131,18.0
108136,15.0
108139,17.0
108149,60.0
108155,53.0
108165,52.0
108170,16.0
108180,52.0
108185,52.0
108195,50.0
108205,55.0
108215,53.0
108225,55.0
108235,54.0
108243,57.0
108253,62.0
108260,57.0
108270,38.0
108274,17.0
108283,55.0
108293,60.0
108303,16.0
108312,50.0
108313,0.0
108323,53.0
108325,20.0
108335,59.0
108341,19.0
108351,55.0
108354,18.0
108364,53.0
108374,42.0
108378,19.0
108386,49.0
108396,19.0
108406,58.0
108416,56.0
108426,46.0
108436,56.0
108440,18.0
108450,58.0
108460,49.0
108470,46.0
108479,55.0
108489,54.0
108491,16.0
108501,57.0
108511,47.0
108514,16.0
108524,49.0
108534,49.0
108544,37.0
108554,46.0
108564,54.0
108572,17.0
108582,54.0
108592,53.0
108602,56.0
108612,48.0
108622,58.0
108632,46.0
108642,47.0
108650,56.0
108660,45.0
108670,33.0
108680,47.0
108690,47.0
108700,54.0
108702,16.0
108712,45.0
108722,55.0
108732,53.0
108742,51.0
108752,53.0
108762,51.0
108772,60.0
108775,19.0
108785,57.0
108792,57.0
108802,55.0
108807,17.0
108817,63.0
108827,52.0
108834,51.0
108844,53.0
108854,52.0
108864,60.0
108869,53.0
108875,17.0
108885,42.0
108888,19.0
108894,15.0
108904,53.0
108913,45.0
108919,42.0
108921,18.0
108931,56.0
108941,57.0
108951,59.0
108961,53.0
108969,44.0
108979,49.0
108987,51.0
108992,49.0
109002,39.0
109009,57.0
109018,50.0
109028,50.0
109029,0.0
109039,50.0
109049,48.0
109059,52.0
109069,42.0
109078,54.0
109085,47.0
109095,48.0
109096,16.0
109100,18.0
109110,47.0
109115,54.0
109116,19.0
109126,59.0
109136,46.0
109141,17.0
109151,52.0
109158,17.0
109168,50.0
109178,51.0
109182,16.0
109192,60.0
109202,46.0
109212,52.0
109222,51.0
109232,41.0
109242,52.0
109252,54.0
109262,54.0
109272,49.0
109282,45.0
109288,58.0
109298,46.0
109308,57.0
109312,15.0
109317,49.0
109327,56.0
109337,47.0
109347,38.0
109350,18.0
109353,16.0
109363,61.0
109373,50.0
109383,58.0
109393,51.0
109398,45.0
109403,17.0
109408,57.0
109418,53.0
109428,57.0
109438,56.0
109442,18.0
109452,49.0
109462,46.0
109472,53.0
109482,55.0
109492,52.0
109495,16.0
109505,52.0
109515,53.0
109525,49.0
109526,0.0
109535,55.0
109537,17.0
109547,47.0
109553,15.0
109554,0.0
109564,18.0
109574,52.0
109584,49.0
109591,15.0
109601,46.0
109611,51.0
109621,49.0
109631,53.0
109641,57.0
109651,55.0
109661,48.0
109670,49.0
109674,17.0
109684,58.0
109694,51.0
109699,57.0
109709,17.0
109711,19.0
109721,49.0
109731,54.0
109741,48.0
109750,52.0
109760,58.0
109763,18.0
109773,61.0
109783,49.0
109787,18.0
109788,17.0
109798,54.0
109808,59.0
109818,51.0
109822,17.0
109832,47.0
109842,56.0
109852,60.0
109862,58.0
109866,16.0
109876,19.0
109886,53.0
109890,18.0
109900,56.0
109910,55.0
109920,53.0
109928,52.0
109929,0.0
109939,55.0
109944,18.0
109954,59.0
109963,48.0
109969,47.0
109979,54.0
109986,53.0
109996,55.0
110006,46.0
110016,60.0
110026,45.0
110029,15.0
110030,0.0
110036,48.0
110038,20.0
110039,16.0
110048,57.0
110058,50.0
110068,57.0
110078,52.0
110088,55.0
110098,50.0
110108,54.0
110118,55.0
110127,53.0
110130,20.0
110140,54.0
110150,58.0
110160,50.0
110170,49.0
110180,49.0
110190,53.0
110200,55.0
110210,52.0
110220,61.0
110228,47.0
110234,17.0
110244,42.0
110252,57.0
110258,56.0
110268,54.0
110278,53.0
110288,52.0
110294,19.0
110304,58.0
110310,48.0
110320,54.0
110330,52.0
110340,49.0
110350,52.0
110360,57.0
110370,52.0
110375,19.0
110385,47.0
110395,56.0
110405,51.0
110415,50.0
110418,18.0
110428,46.0
110438,56.0
110445,46.0
110455,49.0
110460,47.0
110467,53.0
110477,49.0
110487,63.0
110497,49.0
110507,54.0
110517,52.0
110527,55.0
110537,51.0
110544,43.0
110551,49.0
110561,53.0
110568,40.0
110573,39.0
110574,16.0
110584,51.0
110594,62.0
110604,57.0
110614,51.0
110624,53.0
110634,58.0
110644,46.0
110648,19.0
110657,48.0
110667,46.0
110670,18.0
110672,0.0
110682,49.0
110688,18.0
110698,43.0
110701,14.0
110705,18.0
110710,19.0
110717,40.0
110727,53.0
110731,17.0
110741,43.0
110742,16.0
110752,56.0
110758,52.0
110763,18.0
110773,47.0
110783,55.0
110789,56.0
110799,59.0
110809,50.0
110812,15.0
110822,52.0
110832,57.0
110839,50.0
110843,17.0
110853,50.0
110863,51.0
110868,20.0
110878,46.0
110888,48.0
110898,55.0
110908,55.0
110918,55.0
110928,50.0
110938,51.0
110948,55.0
110958,52.0
110968,56.0
110978,50.0
110981,18.0
110991,49.0
110995,17.0
111005,51.0
111009,20.0
111019,56.0
111029,48.0
111039,52.0
111049,48.0
111059,48.0
111069,50.0
111075,54.0
111085,45.0
111095,53.0
111105,53.0
111114,53.0
111124,50.0
111133,46.0
111143,47.0
111153,48.0
111163,55.0
111164,18.0
111174,46.0
111184,59.0
111194,52.0
111203,55.0
111211,41.0
111221,50.0
111224,0.0
111234,45.0
111240,17.0
111247,56.0
111253,18.0
111263,48.0
111273,55.0
111283,39.0
111293,49.0
111303,56.0
111313,56.0
111323,56.0
111330,19.0
111340,46.0
111350,55.0
111360,49.0
111370,64.0
111380,53.0
111390,43.0
111400,55.0
111410,46.0
111411,16.0
111421,56.0
111423,17.0
111426,17.0
111428,17.0
111434,17.0
111444,51.0
111449,17.0
111458,61.0
111465,19.0
111475,43.0
111484,50.0
111494,54.0
111504,60.0
111514,47.0
111524,51.0
111532,59.0
111542,60.0
111552,44.0
111562,45.0
111563,0.0
111573,49.0
111583,52.0
111593,51.0
111603,50.0
111604,18.0
111608,16.0
111610,16.0
111620,60.0
111630,49.0
111635,55.0
111644,51.0
111654,49.0
111658,19.0
111668,48.0
111676,52.0
111682,18.0
111692,54.0
111702,47.0
111712,45.0
111722,55.0
111725,17.0
111735,48.0
111742,43.0
111752,54.0
111756,19.0
111766,58.0
111776,52.0
111786,52.0
111787,17.0
111797,44.0
111807,47.0
111808,0.0
111815,49.0
111823,46.0
111833,50.0
111843,54.0
111849,17.0
111859,52.0
111860,0.0
111870,57.0
111880,52.0
111888,15.0
111894,18.0
111904,51.0
111914,59.0
111918,17.0
111928,50.0
111938,49.0
111948,53.0
111958,53.0
111968,54.0
111978,58.0
111988,48.0
111998,55.0
112002,15.0
112003,0.0
112008,17.0
112018,58.0
112022,18.0
112028,20.0
112038,53.0
112041,17.0
112051,51.0
112061,52.0
112064,18.0
112069,19.0
112079,51.0
112089,53.0
112092,18.0
112102,51.0
112112,51.0
112122,65.0
112124,18.0
112134,50.0
112144,54.0
112154,49.0
112157,17.0
112167,55.0
112177,46.0
112187,17.0
112193,19.0
112197,17.0
112207,60.0
112213,53.0
112216,18.0
112217,19.0
112227,52.0
112237,49.0
112247,48.0
112253,59.0
112256,19.0
112266,47.0
112276,52.0
112286,52.0
112287,18.0
112292,19.0
112293,0.0
112297,16.0
112307,57.0
112317,44.0
112322,14.0
112332,48.0
112342,49.0
112345,19.0
112347,16.0
112353,52.0
112357,18.0
112367,62.0
112371,16.0
112381,53.0
112383,18.0
112393,58.0
112395,19.0
112405,52.0
112415,53.0
112425,59.0
112435,49.0
112445,46.0
112455,45.0
112464,53.0
112474,42.0
112483,54.0
112491,52.0
112496,54.0
112497,18.0
112507,46.0
112512,17.0
112522,57.0
112525,17.0
112535,53.0
112545,46.0
112555,52.0
112565,54.0
112575,51.0
112585,57.0
112587,0.0
112597,55.0
112605,52.0
112608,18.0
112610,18.0
112620,47.0
112621,19.0
112631,61.0
112636,47.0
112646,37.0
112656,44.0
112666,56.0
112670,16.0
112680,59.0
112690,57.0
112700,51.0
112704,18.0
112714,51.0
112724,55.0
112732,56.0
112739,51.0
112740,17.0
112745,45.0
112755,52.0
112765,55.0
112770,18.0
112780,52.0
112787,57.0
112797,50.0
112807,48.0
112817,43.0
112822,18.0
112832,50.0
112833,18.0
112843,49.0
112852,53.0
112858,50.0
112868,45.0
112878,51.0
112888,59.0
112898,60.0
112900,17.0
112910,49.0
112920,48.0
112930,50.0
112940,52.0
112941,0.0
112948,56.0
112958,43.0
112968,48.0
112978,51.0
112988,55.0
112998,48.0
113008,51.0
113011,17.0
113021,54.0
113031,57.0
113041,50.0
113042,0.0
113051,50.0
113053,16.0
113056,19.0
113062,53.0
113072,52.0
113080,19.0
113090,50.0
113100,57.0
113110,51.0
113113,18.0
113123,56.0
113133,39.0
113136,18.0
113137,0.0
113138,0.0
113148,49.0
113158,55.0
113168,48.0
113178,55.0
113180,17.0
113190,56.0
113200,49.0
113209,53.0
113219,42.0
113229,47.0
113239,43.0
113241,0.0
113251,54.0
113261,60.0
113271,17.0
113275,16.0
113285,53.0
113292,56.0
113295,19.0
113305,53.0
113308,16.0
113316,51.0
113321,19.0
113331,51.0
113341,46.0
113351,57.0
113361,54.0
113371,48.0
113381,50.0
113389,43.0
113391,18.0
113401,50.0
113407,17.0
113412,57.0
113422,47.0
113426,16.0
113434,51.0
113444,56.0
113454,43.0
113455,0.0
113465,55.0
113475,32.0
113485,54.0
113493,18.0
113503,53.0
113513,56.0
113523,51.0
113533,44.0
113540,50.0
113550,55.0
113560,49.0
113570,47.0
113580,54.0
113590,47.0
113600,55.0
113610,50.0
113613,17.0
113623,48.0
113625,18.0
113631,17.0
113641,58.0
113651,54.0
113661,53.0
113671,49.0
113675,16.0
113685,54.0
113690,48.0
113700,50.0
113710,61.0
113720,47.0
113730,48.0
113740,48.0
113745,18.0
113755,47.0
113765,44.0
113775,38.0
113779,17.0
113789,50.0
113799,50.0
113809,49.0
113819,53.0
113829,54.0
113830,19.0
113832,19.0
113836,17.0
113846,45.0
113856,50.0
113866,50.0
113868,15.0
113875,18.0
113881,17.0
113886,45.0
113892,17.0
113902,51.0
113912,51.0
113915,17.0
113925,45.0
113927,19.0
113934,55.0
113944,59.0
113946,19.0
113956,41.0
113966,59.0
113976,48.0
113983,50.0
113993,50.0
114003,48.0
114013,48.0
114023,48.0
114033,52.0
114042,47.0
114052,40.0
114062,52.0
114072,51.0
114082,62.0
114089,50.0
114099,55.0
114103,17.0
114113,50.0
114123,52.0
114129,45.0
114131,0.0
114141,57.0
114151,44.0
114161,55.0
114171,59.0
114181,54.0
114191,58.0
114201,57.0
114211,49.0
114221,53.0
114227,18.0
114237,54.0
114247,51.0
114257,50.0
114260,16.0
114270,50.0
114280,52.0
114287,52.0
114288,0.0
114293,20.0
114303,54.0
114309,49.0
114319,47.0
114329,58.0
114339,53.0
114349,49.0
114357,18.0
114367,47.0
114377,47.0
114387,57.0
114397,46.0
114402,19.0
114412,54.0
114422,44.0
114424,17.0
114434,51.0
114444,53.0
114454,51.0
114464,56.0
114471,55.0
114476,16.0
114484,46.0
114491,41.0
114497,50.0
114507,19.0
114511,20.0
114518,18.0
114528,62.0
114538,50.0
114543,49.0
114553,15.0
114554,0.0
114564,18.0
114574,49.0
114584,39.0
114594,61.0
114603,42.0
114610,45.0
114614,18.0
114623,55.0
114632,48.0
114636,20.0
114646,57.0
114652,18.0
114662,57.0
114669,39.0
114679,48.0
114689,55.0
114692,19.0
114702,52.0
114712,18.0
114717,20.0
114727,43.0
114737,17.0
114747,56.0
114750,20.0
114760,48.0
114770,55.0
114773,19.0
114775,18.0
114785,51.0
114795,57.0
114801,43.0
114811,59.0
114821,42.0
114831,49.0
114841,58.0
114844,19.0
114849,17.0
114853,18.0
114863,48.0
114873,50.0
114877,18.0
114887,52.0
114889,19.0
114899,40.0
114906,51.0
114916,48.0
114926,17.0
114927,0.0
114937,54.0
114947,51.0
114957,47.0
114962,17.0
114963,0.0
114973,39.0
114979,53.0
114980,0.0
114988,63.0
114998,46.0
115008,65.0
115013,17.0
115017,18.0
115027,52.0
115036,49.0
115046,56.0
115051,18.0
115061,56.0
115071,47.0
115079,16.0
115089,61.0
115093,18.0
115102,45.0
115112,51.0
115122,48.0
115125,0.0
115135,57.0
115139,17.0
115149,56.0
115152,0.0
115162,60.0
115168,54.0
115178,53.0
115187,56.0
115195,55.0
115200,18.0
115205,53.0
115215,57.0
115225,53.0
115235,50.0
115245,55.0
115255,55.0
115264,52.0
115274,47.0
115284,50.0
115288,18.0
115298,48.0
115299,0.0
115301,17.0
115311,49.0
115321,53.0
115331,43.0
115341,59.0
115351,53.0
115361,43.0
115371,51.0
115381,52.0
115391,57.0
115401,58.0
115411,51.0
115421,17.0
115422,17.0
115432,54.0
115440,57.0
115450,41.0
115453,16.0
115463,57.0
115469,17.0
115479,48.0
115489,51.0
115496,17.0
115505,50.0
115508,18.0
115510,17.0
115520,52.0
115530,17.0
115539,54.0
115549,49.0
115559,55.0
115569,57.0
115579,52.0
115589,56.0
115599,53.0
115609,50.0
115614,46.0
115615,18.0
115624,56.0
115634,55.0
115644,60.0
115648,18.0
115658,46.0
115662,19.0
115672,58.0
115675,18.0
115682,57.0
115684,20.0
115694,44.0
115701,47.0
115711,48.0
115721,52.0
115727,47.0
115737,45.0
115747,50.0
115754,54.0
115764,54.0
115774,48.0
115777,18.0
115780,18.0
115783,19.0
115788,15.0
115798,46.0
115808,53.0
115811,19.0
115814,17.0
115819,16.0
115829,51.0
115839,46.0
115849,49.0
115854,17.0
115856,0.0
115860,16.0
115865,17.0
115875,58.0
115880,17.0
115890,53.0
115894,18.0
115895,18.0
115897,19.0
115899,19.0
115909,50.0
115916,16.0
115924,52.0
115930,50.0
115940,58.0
115950,57.0
115960,60.0
115970,51.0
115973,18.0
115975,20.0
115985,47.0
115995,56.0
116005,54.0
116015,52.0
116017,19.0
116019,18.0
116029,42.0
116039,60.0
116049,50.0
116051,18.0
116061,49.0
116071,58.0
116073,19.0
116083,45.0
116093,48.0
116103,49.0
116113,49.0
116116,18.0
116122,17.0
116123,18.0
116130,60.0
116133,16.0
116143,52.0
116146,18.0
116147,16.0
116149,17.0
116159,50.0
116169,55.0
116179,54.0
116188,52.0
116198,48.0
116199,19.0
116207,57.0
116210,16.0
116220,57.0
116230,56.0
116237,53.0
116247,41.0
116257,57.0
116267,53.0
116277,49.0
116284,48.0
116294,47.0
116295,17.0
116298,19.0
116308,59.0
116313,53.0
116318,51.0
116328,49.0
116338,53.0
116348,49.0
116358,67.0
116368,50.0
116378,19.0
116388,59.0
116398,54.0
116408,50.0
116418,61.0
116427,51.0
116437,43.0
116447,51.0
116457,18.0
116467,50.0
116470,19.0
116474,16.0
116482,58.0
116483,0.0
116488,19.0
116498,48.0
116508,49.0
116518,53.0
116528,53.0
116532,19.0
116542,51.0
116552,57.0
116553,0.0
116554,0.0
116564,54.0
116574,47.0
116578,17.0
116588,48.0
116598,49.0
116608,54.0
116611,17.0
116621,50.0
116631,57.0
116636,16.0
116641,18.0
116651,48.0
116661,53.0
116671,50.0
116681,53.0
116683,20.0
116691,48.0
116699,50.0
116709,57.0
116716,58.0
116717,0.0
116727,54.0
116737,51.0
116742,18.0
116749,46.0
116758,49.0
116768,58.0
116778,42.0
116788,54.0
116798,56.0
116808,51.0
116817,53.0
116826,50.0
116836,16.0
116842,56.0
116852,52.0
116862,52.0
116864,19.0
116874,55.0
116884,50.0
116894,57.0
116897,18.0
116905,48.0
116915,45.0
116920,17.0
116930,54.0
116938,51.0
116948,47.0
116951,16.0
116961,50.0
116971,54.0
116981,56.0
116989,63.0
116999,54.0
117004,16.0
117014,52.0
117020,18.0
117028,51.0
117034,17.0
117044,44.0
117054,59.0
117064,53.0
117074,45.0
117084,45.0
117094,51.0
117096,18.0
117106,17.0
117116,49.0
117119,15.0
117129,49.0
117139,48.0
117148,58.0
117158,53.0
117168,61.0
117171,19.0
117181,53.0
117191,51.0
117198,55.0
117201,19.0
117203,18.0
117206,18.0
117209,19.0
117219,43.0
117223,17.0
117233,42.0
117243,55.0
117253,52.0
117263,47.0
117270,58.0
117280,47.0
117281,18.0
117282,19.0
117283,19.0
117288,17.0
117298,47.0
117308,51.0
117318,41.0
117328,53.0
117338,56.0
117348,48.0
117349,19.0
117359,53.0
117369,61.0
117379,52.0
117389,58.0
117390,0.0
117393,18.0
117399,49.0
117400,0.0
117410,53.0
117418,48.0
117428,53.0
117431,17.0
117441,52.0
117447,49.0
117457,50.0
117467,52.0
117477,45.0
117487,48.0
117497,54.0
117501,14.0
117511,44.0
117521,47.0
117531,48.0
117534,17.0
117540,18.0
117550,54.0
117555,17.0
117565,51.0
117575,52.0
117584,37.0
117586,17.0
117591,18.0
117598,19.0
117608,52.0
117618,51.0
117628,48.0
117638,51.0
117647,49.0
117657,52.0
117663,59.0
117670,59.0
117676,54.0
117686,45.0
117690,18.0
117700,58.0
117705,59.0
117715,48.0
117718,18.0
117725,18.0
117735,16.0
117745,49.0
117746,0.0
117756,53.0
117766,48.0
117776,47.0
117778,19.0
117788,58.0
117798,58.0
117807,57.0
117817,54.0
117827,55.0
117837,49.0
117846,52.0
117856,52.0
117866,60.0
117874,49.0
117884,60.0
117894,54.0
117895,16.0
117905,49.0
117915,32.0
117925,16.0
117935,17.0
117945,57.0
117955,43.0
117965,49.0
117975,49.0
117985,51.0
117991,17.0
118001,46.0
118008,64.0
118018,44.0
118028,56.0
118038,42.0
118042,16.0
118052,51.0
118055,17.0
118065,48.0
118075,17.0
118085,36.0
118087,18.0
118097,58.0
118107,48.0
118113,53.0
118117,20.0
118127,51.0
118137,52.0
118147,51.0
118157,50.0
118167,53.0
118177,49.0
118185,15.0
118195,58.0
118205,47.0
118215,33.0
118220,55.0
118223,16.0
118233,48.0
118241,16.0
118251,65.0
118258,40.0
118268,53.0
118278,47.0
118288,58.0
118298,53.0
118308,54.0
118316,57.0
118326,55.0
118336,58.0
118346,54.0
118356,60.0
118358,16.0
118368,50.0
118378,20.0
118388,55.0
118398,64.0
118408,43.0
118418,49.0
118422,19.0
118432,56.0
118442,49.0
118452,55.0
118462,48.0
118472,43.0
118474,19.0
118484,51.0
118486,0.0
118489,18.0
118490,18.0
118499,59.0
118509,47.0
118519,49.0
118529,40.0
118539,54.0
118549,51.0
118550,0.0
118553,14.0
118563,43.0
118573,53.0
118579,15.0
118589,61.0
118595,47.0
118598,20.0
118608,60.0
118610,0.0
118612,19.0
118622,57.0
118632,45.0
118639,54.0
118640,0.0
118650,57.0
118660,38.0
118670,57.0
118680,56.0
118684,17.0
118689,58.0
118699,46.0
118709,18.0
118719,54.0
118721,17.0
118731,45.0
118741,51.0
118751,59.0
118761,62.0
118771,52.0
118781,59.0
118791,51.0
118801,56.0
118811,45.0
118821,52.0
118831,53.0
118840,56.0
118850,55.0
118860,56.0
118870,52.0
118880,61.0
118884,17.0
118894,55.0
118904,60.0
118914,50.0
118919,17.0
118929,54.0
118933,17.0
118943,49.0
118953,57.0
118963,48.0
118973,52.0
118976,19.0
118986,49.0
118996,48.0
119006,44.0
119008,19.0
119015,50.0
119025,49.0
119031,18.0
119033,0.0
119036,18.0
119046,57.0
119056,54.0
119066,52.0
119076,50.0
119086,56.0
119096,52.0
119104,49.0
119114,47.0
119124,51.0
119125,0.0
119127,19.0
119133,58.0
119143,60.0
119153,53.0
119163,51.0
119173,58.0
119180,53.0
119190,53.0
119200,47.0
119207,20.0
119217,54.0
119218,0.0
119228,58.0
119238,47.0
119246,19.0
119256,47.0
119266,53.0
119269,16.0
119279,37.0
119289,57.0
119299,52.0
119309,51.0
119319,58.0
119329,56.0
119339,65.0
119341,18.0
119351,53.0
119361,54.0
119371,60.0
119381,52.0
119391,55.0
119401,49.0
119411,51.0
119421,57.0
119431,49.0
119441,51.0
119451,44.0
119453,18.0
119463,55.0
119469,59.0
119473,17.0
119483,42.0
119493,53.0
119498,16.0
119508,52.0
119518,47.0
119528,56.0
119534,62.0
119544,50.0
119553,44.0
119563,52.0
119566,17.0
119576,55.0
119586,52.0
119591,18.0
119601,49.0
119611,52.0
119621,52.0
119622,17.0
119632,57.0
119642,55.0
119652,47.0
119662,51.0
119664,17.0
119665,0.0
119675,57.0
119685,56.0
119695,49.0
119705,53.0
119708,16.0
119718,54.0
119723,18.0
119733,55.0
119736,16.0
119745,56.0
119755,56.0
119765,52.0
119771,57.0
119779,60.0
119789,52.0
119799,56.0
119806,14.0
119816,54.0
119825,46.0
119835,47.0
119845,52.0
119855,52.0
119864,53.0
119874,45.0
119884,58.0
119894,56.0
119904,58.0
119906,0.0
119916,61.0
119924,18.0
119934,55.0
119944,54.0
119954,19.0
119962,53.0
119972,39.0
119982,53.0
119992,45.0
120002,52.0
120012,48.0
120022,55.0
120025,15.0
120035,57.0
120045,47.0
120055,56.0
120065,46.0
120070,50.0
120080,56.0
120083,18.0
120085,18.0
120095,52.0
120105,51.0
120108,18.0
120113,51.0
120120,43.0
120130,51.0
120140,16.0
120142,18.0
120152,49.0
120162,15.0
120165,19.0
120173,51.0
120177,17.0
120180,20.0
120186,18.0
120196,49.0
120202,18.0
120212,53.0
120221,48.0
120231,49.0
120241,18.0
120251,53.0
120261,47.0
120271,58.0
120281,46.0
120283,18.0
120293,42.0
120303,49.0
120310,57.0
120314,17.0
120324,47.0
120332,15.0
120342,51.0
120352,57.0
120362,18.0
120365,16.0
120368,20.0
120371,17.0
120378,48.0
120388,56.0
120398,46.0
120408,50.0
120409,17.0
120413,17.0
120423,54.0
120428,17.0
120438,58.0
120447,49.0
120450,20.0
120453,17.0
120463,45.0
120473,46.0
120483,17.0
120493,47.0
120503,46.0
120513,43.0
120523,55.0
120533,45.0
120543,50.0
120553,50.0
120563,53.0
120573,52.0
120578,17.0
120588,56.0
120597,46.0
120607,50.0
120617,15.0
120621,19.0
120631,19.0
120641,39.0
120644,19.0
120654,41.0
120664,48.0
120667,17.0
120677,62.0
120683,20.0
120693,46.0
120703,58.0
120713,49.0
120723,55.0
120733,44.0
120743,52.0
120753,48.0
120763,42.0
120773,53.0
120783,54.0
120793,51.0
120795,0.0
120805,56.0
120812,15.0
120822,45.0
120826,18.0
120836,52.0
120841,19.0
120851,45.0
120861,51.0
120868,58.0
120878,46.0
120879,17.0
120880,17.0
120886,50.0
120896,54.0
120906,49.0
120916,52.0
120918,18.0
120928,17.0
120938,52.0
120948,53.0
120958,46.0
120961,17.0
120971,46.0
120981,55.0
120986,14.0
120996,56.0
121006,57.0
121007,0.0
121017,55.0
121027,62.0
121037,57.0
121047,58.0
121057,55.0
121067,60.0
121075,48.0
121085,56.0
121095,42.0
121105,17.0
121115,52.0
121125,56.0
121135,60.0
121145,56.0
121152,57.0
121162,56.0
121172,54.0
121182,58.0
121192,49.0
121202,55.0
121212,51.0
121221,52.0
121231,51.0
121234,19.0
121244,47.0
121254,45.0
121264,52.0
121265,19.0
121275,59.0
121285,63.0
121295,46.0
121298,18.0
121308,43.0
121318,49.0
121325,56.0
121335,41.0
121340,13.0
121349,53.0
121359,57.0
121367,46.0
121375,55.0
121385,56.0
121395,44.0
121405,49.0
121408,18.0
121418,61.0
121419,19.0
121427,53.0
121429,16.0
121438,42.0
121448,44.0
121458,54.0
121468,53.0
121478,59.0
121488,17.0
121498,53.0
121502,17.0
121509,53.0
121519,45.0
121521,19.0
121527,16.0
121530,0.0
121540,58.0
121550,58.0
121560,49.0
121569,40.0
121573,18.0
121583,49.0
121593,45.0
121596,13.0
121603,44.0
121613,50.0
121623,59.0
121624,18.0
121634,49.0
121644,48.0
121647,16.0
121657,58.0
121658,0.0
121668,52.0
121670,0.0
121673,16.0
121683,40.0
121693,54.0
121696,17.0
121703,52.0
121712,42.0
121713,0.0
121723,53.0
121726,17.0
121736,52.0
121746,56.0
121747,0.0
121757,51.0
121767,62.0
121777,43.0
121787,50.0
121797,53.0
121807,44.0
121817,58.0
121827,57.0
121832,52.0
121842,46.0
121844,19.0
121854,52.0
121859,20.0
121869,56.0
121879,51.0
121889,53.0
121895,47.0
121899,19.0
121909,41.0
121919,57.0
121929,38.0
121939,48.0
121949,44.0
121959,47.0
121969,56.0
121979,60.0
121989,56.0
121999,60.0
122005,19.0
122015,59.0
122025,53.0
122035,58.0
122045,53.0
122049,16.0
122059,49.0
122067,45.0
122077,45.0
122081,19.0
122091,52.0
122093,18.0
122096,18.0
122106,58.0
122116,51.0
122117,0.0
122127,49.0
122137,58.0
122147,51.0
122157,48.0
122159,16.0
122169,56.0
122175,19.0
122180,16.0
122190,52.0
122200,54.0
122210,44.0
122220,51.0
122224,15.0
122230,17.0
122235,17.0
122237,19.0
122247,60.0
122257,55.0
122267,52.0
122277,52.0
122282,18.0
122288,18.0
122298,52.0
122308,54.0
122318,40.0
122324,54.0
122334,54.0
122338,19.0
122340,16.0
122347,50.0
122354,58.0
122364,60.0
122374,49.0
122384,51.0
122388,18.0
122398,46.0
122408,63.0
122418,46.0
122428,53.0
122436,48.0
122446,55.0
122456,58.0
122458,16.0
122465,40.0
122475,58.0
122481,17.0
122491,49.0
122493,19.0
122503,56.0
122513,63.0
122523,49.0
122525,0.0
122527,20.0
122533,51.0
122543,65.0
122553,47.0
122563,53.0
122564,0.0
122574,59.0
122584,50.0
122594,63.0
122595,17.0
122605,49.0
122610,19.0
122620,48.0
122630,49.0
122640,51.0
122648,39.0
122657,42.0
122667,57.0
122677,58.0
122687,58.0
122697,47.0
122707,60.0
122717,51.0
122726,53.0
122729,14.0
122739,52.0
122749,48.0
122759,49.0
122769,56.0
122772,19.0
122777,57.0
122787,51.0
122797,52.0
122807,58.0
122808,0.0
122818,50.0
122825,45.0
122835,56.0
122845,52.0
122852,17.0
122862,44.0
122865,20.0
122875,52.0
122885,60.0
122895,52.0
122905,52.0
122915,64.0
122925,59.0
122935,49.0
122945,44.0
122955,57.0
122960,16.0
122968,54.0
122971,18.0
122981,50.0
122991,50.0
123001,54.0
123010,41.0
123012,18.0
123022,57.0
123032,46.0
123042,53.0
123052,50.0
123062,53.0
123072,53.0
123075,17.0
123083,52.0
123093,41.0
123103,50.0
123113,49.0
123118,17.0
123128,45.0
123135,53.0
123136,20.0
123146,57.0
123148,16.0
123158,48.0
123168,55.0
123175,48.0
123185,50.0
123195,40.0
123200,18.0
123201,18.0
123211,57.0
123216,16.0
123226,49.0
123236,46.0
123241,18.0
123251,52.0
123261,48.0
123271,57.0
123281,49.0
123291,48.0
123301,59.0
123311,46.0
123316,18.0
123326,50.0
123336,51.0
123346,56.0
123356,51.0
123361,49.0
123371,47.0
123374,18.0
123384,50.0
123394,48.0
123404,53.0
123414,56.0
123416,19.0
123419,15.0
123429,46.0
123439,40.0
123449,65.0
123453,18.0
123463,50.0
123473,46.0
123477,17.0
123487,49.0
123497,52.0
123502,51.0
123506,17.0
123516,52.0
123522,58.0
123523,0.0
123533,60.0
123543,52.0
123550,61.0
123560,58.0
123567,53.0
123577,53.0
123578,18.0
123588,60.0
123590,18.0
123595,19.0
123600,55.0
123610,59.0
123620,46.0
123630,55.0
123640,50.0
123644,16.0
123651,17.0
123661,47.0
123670,56.0
123680,47.0
123690,58.0
123700,54.0
123709,51.0
123714,50.0
123724,54.0
123734,54.0
123744,44.0
123754,55.0
123764,41.0
123769,18.0
123779,50.0
123784,16.0
123794,50.0
123798,20.0
123802,19.0
123812,62.0
123822,54.0
123825,20.0
123835,47.0
123841,61.0
123850,53.0
123860,55.0
123870,59.0
123873,18.0
123883,48.0
123893,49.0
123903,56.0
123913,46.0
123923,51.0
123933,53.0
123934,19.0
123938,17.0
123948,47.0
123958,57.0
123967,50.0
123977,44.0
123987,57.0
123997,60.0
124000,17.0
124010,59.0
124020,50.0
124021,17.0
124031,47.0
124041,48.0
124051,52.0
124061,47.0
124071,53.0
124080,50.0
124090,60.0
124100,48.0
124110,56.0
124120,56.0
124130,50.0
124140,52.0
124150,47.0
124160,53.0
124170,62.0
124180,52.0
124190,18.0
124200,49.0
124210,52.0
124215,17.0
124225,55.0
124235,44.0
124245,44.0
124255,56.0
124265,52.0
124270,16.0
124280,40.0
124290,43.0
124300,47.0
124302,18.0
124312,54.0
124316,17.0
124324,58.0
124334,46.0
124343,50.0
124346,16.0
124356,45.0
124366,62.0
124376,57.0
124386,42.0
124393,53.0
124403,55.0
124413,54.0
124414,20.0
124424,57.0
124434,58.0
124444,53.0
124454,54.0
124455,18.0
124465,52.0
124475,54.0
124476,15.0
124486,55.0
124496,54.0
124506,48.0
124513,19.0
124523,54.0
124533,52.0
124537,18.0
124540,17.0
124544,17.0
124545,19.0
124555,42.0
124565,19.0
124575,37.0
124581,52.0
124591,45.0
124600,60.0
124610,45.0
124620,48.0
124630,53.0
124640,52.0
124645,17.0
124655,39.0
124662,53.0
124672,43.0
124682,61.0
124692,51.0
124702,46.0
124712,52.0
124714,18.0
124719,19.0
124728,49.0
124733,64.0
124743,55.0
124753,48.0
124763,52.0
124771,59.0
124781,50.0
124791,48.0
124801,49.0
124811,56.0
124813,19.0
124816,15.0
124821,16.0
124831,47.0
124841,57.0
124851,47.0
124854,17.0
124864,50.0
124874,53.0
124875,18.0
124885,62.0
124887,20.0
124888,18.0
124898,39.0
124908,61.0
124918,54.0
124924,57.0
124934,49.0
124944,18.0
124948,17.0
124958,17.0
124968,52.0
124978,60.0
124987,60.0
124997,55.0
125001,19.0
125011,45.0
125021,56.0
125031,51.0
125041,53.0
125051,57.0
125061,52.0
125071,55.0
125081,42.0
125090,57.0
125100,57.0
125107,18.0
125117,45.0
125120,17.0
125130,52.0
125135,47.0
125145,51.0
125155,54.0
125165,47.0
125175,52.0
125185,51.0
125195,55.0
125205,37.0
125208,19.0
125216,17.0
125220,18.0
125230,49.0
125240,48.0
125250,52.0
125260,63.0
125265,17.0
125275,57.0
125281,45.0
125291,53.0
125292,0.0
125301,55.0
125302,17.0
125312,19.0
125322,49.0
125332,55.0
125342,53.0
125349,50.0
125350,18.0
125360,54.0
125361,0.0
125371,48.0
125381,60.0
125384,18.0
125385,0.0
125395,58.0
125403,19.0
125406,20.0
125412,48.0
125422,55.0
125427,20.0
125436,55.0
125442,55.0
125452,52.0
125462,48.0
125472,48.0
125482,64.0
125492,53.0
125500,52.0
125510,55.0
125520,53.0
125530,55.0
125540,50.0
125550,38.0
125559,16.0
125569,38.0
125579,51.0
125589,51.0
125596,55.0
125602,18.0
125612,47.0
125613,0.0
125614,20.0
125624,17.0
125634,52.0
125644,58.0
125649,15.0
125650,0.0
125656,18.0
125666,55.0
125673,51.0
125683,17.0
125693,55.0
125703,43.0
125706,16.0
125716,39.0
125721,18.0
125728,50.0
125738,56.0
125748,46.0
125749,0.0
125751,19.0
125761,49.0
125764,18.0
125774,51.0
125784,51.0
125794,58.0
125795,19.0
125805,16.0
125815,55.0
125818,16.0
125828,56.0
125838,53.0
125848,53.0
125855,56.0
125865,53.0
125871,17.0
125881,46.0
125891,42.0
125901,48.0
125911,47.0
125921,61.0
125931,53.0
125941,54.0
125942,0.0
125952,43.0
125955,17.0
125965,56.0
125966,18.0
125970,17.0
125980,57.0
125990,53.0
126000,50.0
126010,50.0
126020,47.0
126030,49.0
126035,18.0
126042,18.0
126051,58.0
126061,51.0
126071,48.0
126081,54.0
126085,18.0
126095,49.0
126101,41.0
126111,56.0
126121,56.0
126131,52.0
126135,19.0
126145,48.0
126155,50.0
126165,56.0
126175,48.0
126185,56.0
126195,40.0
126205,51.0
126212,46.0
126222,56.0
126227,18.0
126231,17.0
126234,17.0
126244,52.0
126254,41.0
126264,51.0
126273,61.0
126274,0.0
126281,46.0
126290,45.0
126294,18.0
126295,0.0
126305,56.0
126315,47.0
126325,44.0
126333,19.0
126343,48.0
126353,50.0
126363,51.0
126371,54.0
126381,48.0
126391,50.0
126401,56.0
126411,58.0
126421,58.0
126430,49.0
126440,51.0
126442,15.0
126452,42.0
126462,50.0
126464,16.0
126474,48.0
126484,56.0
126494,49.0
126504,50.0
126514,56.0
126524,56.0
126534,54.0
126544,50.0
126547,16.0
126557,44.0
126567,52.0
126570,17.0
126580,54.0
126590,51.0
126600,44.0
126608,44.0
126618,54.0
126628,51.0
126638,55.0
126648,53.0
126658,58.0
126668,64.0
126678,49.0
126688,42.0
126690,17.0
126692,18.0
126702,51.0
126706,18.0
126710,19.0
126720,50.0
126730,42.0
126740,53.0
126742,15.0
126752,46.0
126762,58.0
126768,20.0
126778,57.0
126788,58.0
126798,39.0
126800,16.0
126809,55.0
126819,39.0
126829,52.0
126839,53.0
126842,17.0
126852,53.0
126862,51.0
126870,55.0
126880,62.0
126881,19.0
126883,0.0
126892,48.0
126902,41.0
126910,55.0
126916,49.0
126926,43.0
126936,42.0
126943,45.0
126953,45.0
126963,58.0
126966,18.0
126976,57.0
126981,18.0
126991,52.0
127001,47.0
127011,45.0
127021,57.0
127031,49.0
127041,36.0
127051,50.0
127061,48.0
127070,52.0
127076,18.0
127086,45.0
127096,53.0
127106,46.0
127112,49.0
127122,48.0
127132,36.0
127142,47.0
127146,16.0
127151,52.0
127161,52.0
127171,48.0
127181,48.0
127191,54.0
127193,19.0
127203,50.0
127213,63.0
127223,59.0
127233,52.0
127243,54.0
127253,47.0
127259,44.0
127269,58.0
127279,56.0
127289,53.0
127299,37.0
127309,56.0
127319,57.0
127329,56.0
127339,17.0
127349,52.0
127356,54.0
127364,59.0
127374,56.0
127384,54.0
127394,54.0
127395,0.0
127399,19.0
127409,53.0
127417,41.0
127427,51.0
127429,18.0
127432,18.0
127442,50.0
127452,48.0
127459,46.0
127469,49.0
127472,19.0
127482,46.0
127492,59.0
127493,0.0
127503,53.0
127513,55.0
127522,57.0
127523,0.0
127528,17.0
127530,18.0
127540,52.0
127550,62.0
127552,16.0
127559,58.0
127569,57.0
127579,40.0
127581,16.0
127585,16.0
127588,16.0
127598,57.0
127608,51.0
127618,45.0
127628,50.0
127636,52.0
127646,56.0
127656,57.0
127666,45.0
127676,59.0
127683,17.0
127690,47.0
127695,54.0
127705,59.0
127715,48.0
127725,57.0
127735,52.0
127745,62.0
127755,59.0
127765,17.0
127767,16.0
127777,50.0
127787,55.0
127794,51.0
127804,47.0
127808,16.0
127815,50.0
127817,0.0
127820,17.0
127827,62.0
127836,47.0
127846,62.0
127856,44.0
127866,54.0
127876,54.0
127886,58.0
127890,18.0
127891,16.0
127901,61.0
127905,19.0
127915,60.0
127925,51.0
127935,50.0
127942,58.0
127952,50.0
127962,44.0
127968,45.0
127978,49.0
127981,16.0
127983,19.0
127993,43.0
127999,38.0
128003,19.0
128004,0.0
128014,58.0
128024,50.0
128034,59.0
128043,44.0
128049,42.0
128057,43.0
128067,60.0
128077,46.0
128087,45.0
128097,56.0
128107,34.0
128117,59.0
128127,48.0
128137,46.0
128147,53.0
128157,47.0
128167,51.0
128177,59.0
128181,16.0
128191,43.0
128201,54.0
128211,52.0
128221,49.0
128227,49.0
128236,47.0
128237,0.0
128247,54.0
128250,17.0
128257,41.0
128267,62.0
128276,52.0
128286,49.0
128296,39.0
128306,58.0
128316,52.0
128326,53.0
128336,44.0
128346,51.0
128356,48.0
128366,51.0
128368,0.0
128378,46.0
128388,51.0
128398,46.0
128408,56.0
128418,48.0
128419,18.0
128429,49.0
128431,19.0
128434,19.0
128444,45.0
128454,44.0
128464,51.0
128469,16.0
128479,52.0
128487,45.0
128492,48.0
128496,17.0
128506,50.0
128514,54.0
128516,17.0
128523,51.0
128533,58.0
128543,44.0
128545,17.0
128555,35.0
128565,51.0
128575,50.0
128585,55.0
128595,51.0
128597,18.0
128607,53.0
128617,54.0
128621,19.0
128631,54.0
128636,55.0
128637,17.0
128647,60.0
128655,50.0
128664,51.0
128674,49.0
128684,49.0
128689,20.0
128699,48.0
128706,45.0
128714,52.0
128724,51.0
128734,50.0
128744,56.0
128746,17.0
128756,53.0
128766,39.0
128776,56.0
128786,54.0
128796,52.0
128799,16.0
128809,44.0
128818,47.0
128825,48.0
128835,36.0
128838,19.0
128848,42.0
128857,54.0
128867,58.0
128876,45.0
128886,47.0
128896,62.0
128906,53.0
128916,52.0
128926,56.0
128936,47.0
128946,47.0
128956,49.0
128966,46.0
128976,44.0
128986,50.0
128996,48.0
128997,19.0
129007,53.0
129017,54.0
129027,56.0
129035,57.0
129045,47.0
129049,19.0
129056,18.0
129063,51.0
129073,54.0
129078,59.0
129086,55.0
129096,42.0
129106,56.0
129108,19.0
129118,49.0
129127,49.0
129137,50.0
129138,17.0
129145,56.0
129155,57.0
129165,49.0
129167,19.0
129177,58.0
129187,55.0
129197,47.0
129203,17.0
129212,44.0
129222,38.0
129232,53.0
129242,44.0
129252,51.0
129255,19.0
129265,51.0
129275,54.0
129285,51.0
129295,47.0
129305,49.0
129315,46.0
129325,54.0
129327,19.0
129337,48.0
129342,17.0
129344,17.0
129354,35.0
129355,0.0
129365,18.0
129375,49.0
129379,18.0
129389,45.0
129399,52.0
129408,47.0
129418,43.0
129428,46.0
129434,52.0
129444,51.0
129454,42.0
129464,42.0
129474,50.0
129475,20.0
129478,17.0
129480,17.0
129490,50.0
129492,19.0
129498,17.0
129501,17.0
129511,52.0
129521,53.0
129527,19.0
129531,17.0
129541,56.0
129551,52.0
129553,0.0
129554,17.0
129555,0.0
129565,54.0
129575,52.0
129578,18.0
129588,58.0
129594,48.0
129601,58.0
129611,50.0
129621,56.0
129631,52.0
129635,18.0
129636,17.0
129638,18.0
129641,18.0
129651,56.0
129661,46.0
129671,56.0
129676,17.0
129686,53.0
129691,17.0
129701,48.0
129711,56.0
129715,18.0
129720,18.0
129730,49.0
129740,48.0
129741,20.0
129748,56.0
129758,53.0
129766,49.0
129776,41.0
129786,54.0
129796,47.0
129806,52.0
129808,17.0
129818,54.0
129822,18.0
129827,17.0
129837,63.0
129840,18.0
129841,0.0
129851,54.0
129852,17.0
129862,19.0
129872,55.0
129882,48.0
129892,56.0
129902,54.0
129903,20.0
129913,56.0
129923,63.0
129933,53.0
129943,50.0
129952,57.0
129956,17.0
129966,54.0
129976,49.0
129986,60.0
129996,56.0
130003,51.0
130010,54.0
130020,55.0
130029,63.0
130039,54.0
130049,58.0
130059,55.0
130069,51.0
130073,19.0
130083,52.0
130084,19.0
130090,51.0
130100,57.0
130110,50.0
130113,19.0
130120,59.0
130127,19.0
130128,0.0
130129,0.0
130135,14.0
130138,16.0
130148,47.0
130158,56.0
130168,61.0
130170,18.0
130180,54.0
130184,16.0
130194,54.0
130204,60.0
130207,19.0
130210,17.0
130218,48.0
130222,17.0
130232,55.0
130242,47.0
130252,58.0
130259,44.0
130261,15.0
130271,51.0
130281,46.0
130287,54.0
130292,47.0
130302,67.0
130312,55.0
130320,60.0
130330,57.0
130340,55.0
130341,0.0
130349,51.0
130352,17.0
130362,50.0
130372,55.0
130377,19.0
130387,44.0
130397,59.0
130398,18.0
130402,17.0
130412,56.0
130413,18.0
130423,48.0
130433,48.0
130443,51.0
130453,46.0
130455,18.0
130460,17.0
130470,53.0
130473,16.0
130475,16.0
130485,50.0
130495,51.0
130505,46.0
130515,51.0
130518,16.0
130528,52.0
130538,62.0
130548,59.0
130552,16.0
130562,50.0
130572,60.0
130577,17.0
130582,55.0
130584,19.0
130594,49.0
130603,54.0
130605,18.0
130608,18.0
130618,55.0
130619,19.0
130620,16.0
130630,49.0
130637,18.0
130647,50.0
130654,54.0
130664,56.0
130674,35.0
130684,48.0
130694,55.0
130704,52.0
130714,47.0
130724,41.0
130730,17.0
130740,50.0
130750,49.0
130757,52.0
130767,44.0
130777,53.0
130787,53.0
130797,54.0
130803,16.0
130804,19.0
130814,44.0
130819,45.0
130829,53.0
130839,37.0
130845,16.0
130855,44.0
130865,47.0
130875,47.0
130885,54.0
130895,60.0
130905,19.0
130915,48.0
130922,17.0
130932,48.0
130942,53.0
130952,56.0
130956,17.0
130959,17.0
130962,17.0
130972,56.0
130982,46.0
130992,56.0
131002,53.0
131006,15.0
131010,19.0
131020,55.0
131030,52.0
131040,54.0
131043,18.0
131047,15.0
131048,17.0
131058,56.0
131068,55.0
131078,50.0
131082,16.0
131092,40.0
131098,54.0
131099,17.0
131109,51.0
131119,49.0
131128,54.0
131134,17.0
131144,56.0
131154,53.0
131164,51.0
131174,50.0
131184,51.0
131186,19.0
131196,49.0
131206,46.0
131208,16.0
131209,18.0
131214,18.0
131224,56.0
131234,17.0
131244,59.0
131254,53.0
131262,57.0
131267,16.0
131277,44.0
131286,50.0
131296,47.0
131303,40.0
131304,15.0
131314,40.0
131315,16.0
131325,57.0
131327,19.0
131328,20.0
131338,41.0
131340,19.0
131341,17.0
131351,50.0
131361,52.0
131362,17.0
131372,54.0
131377,20.0
131381,17.0
131391,51.0
131401,52.0
131411,35.0
131421,54.0
131431,54.0
131441,52.0
131451,44.0
131459,46.0
131464,16.0
131474,55.0
131480,51.0
131490,48.0
131492,18.0
131502,55.0
131503,18.0
131513,48.0
131523,50.0
131530,58.0
131540,48.0
131546,46.0
131555,56.0
131565,53.0
131575,53.0
131578,18.0
131588,45.0
131598,46.0
131601,18.0
131611,43.0
131621,48.0
131631,52.0
131638,55.0
131641,18.0
131642,19.0
131652,51.0
131662,41.0
131672,59.0
131682,53.0
131683,17.0
131693,47.0
131703,51.0
131713,56.0
131717,19.0
131727,47.0
131737,55.0
131747,41.0
131757,36.0
131767,51.0
131777,55.0
131787,50.0
131797,48.0
131807,51.0
131817,51.0
131821,17.0
131823,17.0
131832,49.0
131842,48.0
131850,56.0
131860,61.0
131867,51.0
131877,53.0
131879,19.0
131882,16.0
131892,51.0
131897,18.0
131907,62.0
131917,44.0
131927,51.0
131937,48.0
131945,52.0
131955,46.0
131965,47.0
131970,17.0
131980,61.0
131990,53.0
132000,50.0
132010,52.0
132020,51.0
132030,55.0
132040,54.0
132050,53.0
132058,48.0
132068,45.0
132072,18.0
132080,51.0
132090,50.0
132100,49.0
132110,59.0
132111,17.0
132119,47.0
132122,17.0
132124,17.0
132134,51.0
132144,46.0
132154,46.0
132164,61.0
132171,53.0
132172,18.0
132182,54.0
132192,19.0
132202,54.0
132212,56.0
132215,19.0
132222,48.0
132224,17.0
132229,18.0
132239,48.0
132246,53.0
132251,17.0
132261,45.0
132268,19.0
132278,53.0
132287,58.0
132289,16.0
132295,19.0
132305,51.0
132315,55.0
132325,52.0
132335,54.0
132345,51.0
132355,63.0
132365,18.0
132369,17.0
132374,16.0
132384,53.0
132387,18.0
132397,49.0
132398,18.0
132408,50.0
132411,16.0
132421,56.0
132423,18.0
132433,47.0
132443,53.0
132453,49.0
132463,50.0
132473,51.0
132483,51.0
132490,50.0
132500,51.0
132510,58.0
132520,52.0
132530,52.0
132540,54.0
132550,44.0
132557,51.0
132560,18.0
132570,46.0
132580,58.0
132590,51.0
132598,58.0
132608,54.0
132610,18.0
132620,56.0
132623,18.0
132633,54.0
132643,55.0
132653,57.0
132663,56.0
132673,47.0
132676,19.0
132686,54.0
132696,52.0
132706,53.0
132716,51.0
132719,17.0
132725,19.0
132733,60.0
132743,51.0
132753,54.0
132763,56.0
132773,43.0
132783,51.0
132793,48.0
132797,19.0
132807,56.0
132817,60.0
132827,59.0
132837,52.0
132840,19.0
132850,52.0
132860,51.0
132870,48.0
132876,17.0
132886,53.0
132890,18.0
132900,41.0
132910,52.0
132920,52.0
132923,17.0
132924,20.0
132934,58.0
132944,55.0
132948,17.0
132958,55.0
132962,17.0
132972,55.0
132982,56.0
132992,52.0
132993,18.0
133003,57.0
133006,18.0
133016,50.0
133026,58.0
133036,57.0
133046,49.0
133056,55.0
133066,58.0
133073,52.0
133075,16.0
133078,18.0
133088,52.0
133097,53.0
133103,53.0
133109,18.0
133111,18.0
133121,52.0
133131,45.0
133141,51.0
133143,19.0
133151,49.0
133161,49.0
133171,48.0
133181,50.0
133189,48.0
133199,54.0
133204,18.0
133214,53.0
133216,19.0
133226,37.0
133236,57.0
133246,46.0
133256,46.0
133266,48.0
133268,15.0
133270,17.0
133280,49.0
133290,50.0
133300,51.0
133310,50.0
133320,53.0
133330,55.0
133340,52.0
133350,52.0
133357,49.0
133367,47.0
133375,48.0
133385,44.0
133395,51.0
133405,49.0
133408,17.0
133418,52.0
133427,50.0
133437,58.0
133447,48.0
133448,19.0
133458,47.0
133468,58.0
133475,55.0
133485,47.0
133486,17.0
133496,45.0
133502,19.0
133509,17.0
133519,38.0
133520,19.0
133530,47.0
133540,47.0
133550,50.0
133560,54.0
133564,17.0
133567,17.0
133577,60.0
133587,52.0
133597,47.0
133607,46.0
133613,46.0
133617,18.0
133618,17.0
133628,46.0
133638,55.0
133648,50.0
133658,50.0
133668,46.0
133678,59.0
133688,50.0
133698,50.0
133708,47.0
133718,54.0
133728,49.0
133733,16.0
133735,16.0
133745,48.0
133748,16.0
133749,16.0
133759,55.0
133769,49.0
133770,17.0
133776,44.0
133786,40.0
133790,19.0
133800,58.0
133810,54.0
133815,56.0
133819,19.0
133829,53.0
133839,56.0
133846,56.0
133856,52.0
133865,50.0
133875,52.0
133885,51.0
133891,49.0
133898,61.0
133908,51.0
133914,54.0
133924,51.0
133932,50.0
133942,55.0
133952,54.0
133957,47.0
133967,60.0
133974,16.0
133983,56.0
133993,54.0
134003,19.0
134005,17.0
134012,20.0
134022,48.0
134032,52.0
134039,50.0
134049,57.0
134059,55.0
134069,52.0
134076,50.0
134086,57.0
134092,17.0
134102,51.0
134112,48.0
134122,49.0
134125,19.0
134130,17.0
134140,53.0
134144,17.0
134146,18.0
134156,52.0
134164,49.0
134169,49.0
134178,51.0
134188,60.0
134198,50.0
134208,45.0
134218,53.0
134222,18.0
134226,19.0
134236,44.0
134246,58.0
134256,51.0
134265,53.0
134275,59.0
134280,16.0
134290,50.0
134293,18.0
134303,49.0
134313,46.0
134323,46.0
134325,20.0
134331,17.0
134341,56.0
134351,43.0
134361,50.0
134371,49.0
134381,55.0
134391,52.0
134401,56.0
134411,57.0
134417,48.0
134427,53.0
134437,42.0
134447,53.0
134456,50.0
134466,48.0
134476,57.0
134486,58.0
134496,55.0
134506,58.0
134515,53.0
134525,56.0
134535,52.0
134545,43.0
134555,54.0
134565,52.0
134575,44.0
134583,52.0
134593,54.0
134603,49.0
134613,53.0
134618,18.0
134628,47.0
134638,48.0
134647,48.0
134657,52.0
134667,47.0
134669,18.0
134679,52.0
134689,19.0
134692,18.0
134702,60.0
134706,18.0
134708,17.0
134718,19.0
134725,52.0
134735,50.0
134741,54.0
134746,18.0
134754,60.0
134764,45.0
134774,46.0
134778,19.0
134788,58.0
134798,48.0
134808,51.0
134811,20.0
134821,19.0
134831,51.0
134839,46.0
134843,15.0
134853,50.0
134863,48.0
134871,47.0
134873,17.0
134876,19.0
134886,41.0
134896,49.0
134905,42.0
134915,51.0
134925,45.0
134935,53.0
134945,49.0
134955,58.0
134965,40.0
134975,43.0
134985,47.0
134995,54.0
135005,54.0
135010,18.0
135016,59.0
135026,53.0
135036,50.0
135046,51.0
135056,60.0
135059,16.0
135069,57.0
135079,48.0
135089,48.0
135099,47.0
135103,16.0
135113,57.0
135123,41.0
135124,16.0
135134,50.0
135144,44.0
135154,57.0
135164,53.0
135171,60.0
135181,55.0
135185,18.0
135195,49.0
135202,46.0
135212,51.0
135222,54.0
135232,50.0
135242,44.0
135252,46.0
135257,17.0
135267,49.0
135277,46.0
135280,19.0
135290,53.0
135300,46.0
135310,54.0
135320,52.0
135330,49.0
135340,50.0
135344,17.0
135348,19.0
135354,17.0
135364,53.0
135374,54.0
135379,16.0
135389,19.0
135396,50.0
135406,50.0
135410,18.0
135411,0.0
135421,48.0
135431,18.0
135436,18.0
135446,47.0
135456,53.0
135459,18.0
135464,18.0
135465,0.0
135475,52.0
135485,53.0
135489,17.0
135495,48.0
135502,55.0
135503,19.0
135512,54.0
135522,50.0
135532,50.0
135542,52.0
135552,52.0
135562,55.0
135566,16.0
135576,51.0
135580,18.0
135590,40.0
135600,53.0
135610,45.0
135620,46.0
135621,18.0
135630,56.0
135636,57.0
135643,59.0
135653,46.0
135663,45.0
135673,50.0
135675,15.0
135679,18.0
135689,19.0
135697,46.0
135707,18.0
135717,50.0
135724,53.0
135734,55.0
135744,46.0
135747,13.0
135757,55.0
135767,57.0
135777,61.0
135778,0.0
135786,46.0
135792,55.0
135797,18.0
135807,56.0
135817,61.0
135822,18.0
135832,59.0
135842,49.0
135846,18.0
135852,52.0
135853,0.0
135863,59.0
135868,17.0
135872,18.0
135876,18.0
135886,47.0
135896,43.0
135897,19.0
135907,52.0
135914,39.0
135915,0.0
135925,56.0
135935,59.0
135936,0.0
135946,55.0
135956,47.0
135966,43.0
135967,19.0
135976,44.0
135986,55.0
135996,53.0
136006,39.0
136016,43.0
136026,39.0
136036,46.0
136046,55.0
136056,54.0
136066,65.0
136076,42.0
136086,52.0
136094,40.0
136099,18.0
136101,17.0
136108,17.0
136110,16.0
136120,46.0
136124,17.0
136129,19.0
136139,52.0
136149,49.0
136154,16.0
136156,18.0
136165,57.0
136169,17.0
136179,43.0
136180,18.0
136190,48.0
136196,17.0
136201,18.0
136211,53.0
136221,50.0
136231,47.0
136241,54.0
136251,47.0
136261,58.0
136267,52.0
136276,55.0
136282,18.0
136289,55.0
136292,19.0
136302,47.0
136312,53.0
136322,46.0
136329,58.0
136335,38.0
136345,55.0
136347,16.0
136357,53.0
136367,48.0
136376,54.0
136386,49.0
136391,19.0
136401,59.0
136411,53.0
136421,61.0
136431,53.0
136441,49.0
136446,53.0
136456,53.0
136461,17.0
136471,47.0
136476,18.0
136481,18.0
136491,47.0
136501,45.0
136511,49.0
136521,46.0
136531,54.0
136540,56.0
136547,45.0
136557,57.0
136567,49.0
136577,48.0
136587,54.0
136597,57.0
136603,18.0
136613,59.0
136623,55.0
136633,50.0
136635,15.0
136636,18.0
136646,49.0
136656,46.0
136666,53.0
136676,50.0
136686,48.0
136696,50.0
136706,44.0
136716,59.0
136721,40.0
136724,17.0
136726,20.0
136732,51.0
136737,44.0
136741,19.0
136751,43.0
136761,49.0
136763,20.0
136765,14.0
136775,49.0
136782,18.0
136787,18.0
136795,49.0
136805,54.0
136815,51.0
136825,53.0
136831,19.0
136841,40.0
136844,16.0
136854,38.0
136862,46.0
136872,54.0
136882,56.0
136892,51.0
136902,56.0
136912,46.0
136922,58.0
136932,62.0
136936,18.0
136941,15.0
136950,38.0
136960,46.0
136962,18.0
136972,48.0
136982,51.0
136988,52.0
136996,54.0
137006,55.0
137010,19.0
137020,53.0
137025,15.0
137026,17.0
137028,19.0
137034,44.0
137040,53.0
137045,50.0
137050,59.0
137060,51.0
137070,53.0
137078,53.0
137088,52.0
137098,57.0
137108,49.0
137113,17.0
137123,50.0
137127,18.0
137137,53.0
137147,57.0
137157,46.0
137167,60.0
137177,52.0
137187,47.0
137197,46.0
137207,61.0
137210,17.0
137213,15.0
137217,19.0
137227,41.0
137237,51.0
137247,44.0
137257,52.0
137267,50.0
137277,43.0
137287,61.0
137290,19.0
137300,56.0
137310,55.0
137320,52.0
137330,63.0
137340,46.0
137350,51.0
137360,57.0
137370,53.0
137373,16.0
137375,19.0
137385,41.0
137395,50.0
137405,50.0
137415,49.0
137425,45.0
137435,55.0
137445,51.0
137448,19.0
137458,48.0
137464,19.0
137474,55.0
137480,18.0
137490,54.0
137500,56.0
137502,18.0
137512,53.0
137513,0.0
137523,57.0
137532,49.0
137542,57.0
137552,47.0
137562,63.0
137563,18.0
137573,47.0
137583,55.0
137593,47.0
137603,51.0
137613,52.0
137615,15.0
137618,18.0
137628,15.0
137631,16.0
137641,61.0
137651,52.0
137659,55.0
137663,19.0
137673,59.0
137683,54.0
137693,53.0
137703,56.0
137713,56.0
137723,48.0
137730,51.0
137733,16.0
137735,16.0
137745,58.0
137755,53.0
137763,52.0
137773,54.0
137782,42.0
137792,45.0
137802,52.0
137804,18.0
137814,45.0
137824,60.0
137834,59.0
137844,56.0
137854,54.0
137864,46.0
137866,16.0
137876,52.0
137877,0.0
137887,46.0
137897,45.0
137904,19.0
137914,55.0
137924,52.0
137927,19.0
137937,58.0
137947,47.0
137950,18.0
137960,59.0
137970,46.0
137973,20.0
137975,17.0
137985,55.0
137987,17.0
137993,34.0
138003,52.0
138005,18.0
138015,48.0
138025,51.0
138035,18.0
138045,49.0
138047,19.0
138052,18.0
138059,49.0
138069,53.0
138075,48.0
138085,59.0
138095,50.0
138105,56.0
138111,47.0
138114,18.0
138121,57.0
138131,56.0
138141,53.0
138150,54.0
138160,57.0
138170,56.0
138180,57.0
138183,18.0
138190,55.0
138200,46.0
138207,53.0
138215,54.0
138225,61.0
138235,54.0
138245,48.0
138249,19.0
138251,15.0
138261,45.0
138269,60.0
138279,48.0
138280,19.0
138290,60.0
138300,51.0
138310,18.0
138313,19.0
138323,54.0
138333,45.0
138336,19.0
138346,54.0
138353,55.0
138361,49.0
138368,55.0
138378,53.0
138388,46.0
138398,54.0
138408,55.0
138410,0.0
138416,48.0
138421,17.0
138431,45.0
138432,18.0
138436,18.0
138446,50.0
138453,41.0
138463,52.0
138473,48.0
138482,56.0
138492,51.0
138498,60.0
138508,52.0
138518,57.0
138526,55.0
138536,50.0
138544,61.0
138554,59.0
138564,56.0
138574,56.0
138584,48.0
138586,19.0
138596,58.0
138606,49.0
138616,44.0
138622,17.0
138632,55.0
138637,56.0
138647,43.0
138657,53.0
138659,16.0
138669,49.0
138679,47.0
138684,39.0
138694,49.0
138704,58.0
138714,52.0
138724,50.0
138734,48.0
138744,54.0
138748,14.0
138752,19.0
138755,18.0
138765,53.0
138767,19.0
138777,49.0
138787,51.0
138797,45.0
138807,58.0
138815,47.0
138825,47.0
138835,43.0
138845,57.0
138850,17.0
138860,37.0
138865,19.0
138870,48.0
138873,18.0
138883,52.0
138893,53.0
138903,51.0
138913,44.0
138923,50.0
138933,59.0
138939,43.0
138947,52.0
138952,52.0
138954,19.0
138962,51.0
138964,18.0
138965,0.0
138966,14.0
138976,52.0
138980,18.0
138987,61.0
138997,47.0
139007,52.0
139014,41.0
139024,50.0
139025,0.0
139028,17.0
139038,52.0
139048,42.0
139058,43.0
139066,55.0
139072,56.0
139082,53.0
139088,49.0
139094,63.0
139104,51.0
139114,49.0
139124,51.0
139134,52.0
139138,14.0
139140,17.0
139150,48.0
139160,55.0
139163,17.0
139173,51.0
139180,55.0
139187,54.0
139188,20.0
139198,51.0
139199,18.0
139200,19.0
139203,18.0
139213,51.0
139223,54.0
139233,60.0
139243,50.0
139248,48.0
139251,19.0
139256,55.0
139266,47.0
139272,19.0
139282,51.0
139292,47.0
139302,50.0
139312,50.0
139322,43.0
139332,48.0
139342,47.0
139352,53.0
139362,52.0
139371,49.0
139381,58.0
139385,18.0
139395,54.0
139405,52.0
139415,46.0
139425,51.0
139435,49.0
139443,50.0
139453,40.0
139460,43.0
139470,49.0
139476,18.0
139486,54.0
139496,49.0
139497,19.0
139498,0.0
139499,0.0
139505,50.0
139515,52.0
139522,16.0
139532,51.0
139542,52.0
139544,15.0
139554,52.0
139564,49.0
139569,50.0
139574,19.0
139584,49.0
139594,46.0
139604,58.0
139614,56.0
139624,50.0
139634,45.0
139644,52.0
139654,50.0
139664,45.0
139674,52.0
139680,50.0
139686,15.0
139691,18.0
139695,19.0
139698,18.0
139703,48.0
139704,16.0
139714,51.0
139723,55.0
139733,52.0
139742,17.0
139749,50.0
139759,53.0
139769,55.0
139772,18.0
139782,52.0
139788,41.0
139798,54.0
139800,16.0
139810,39.0
139818,60.0
139828,57.0
139838,47.0
139840,0.0
139845,16.0
139855,59.0
139865,47.0
139875,55.0
139885,54.0
139892,53.0
139896,19.0
139901,18.0
139911,55.0
139921,53.0
139931,56.0
139941,55.0
139951,45.0
139952,19.0
139954,18.0
139957,18.0
139967,56.0
139977,57.0
139978,0.0
139981,19.0
139982,17.0
139992,53.0
140002,53.0
140003,18.0
140013,55.0
140021,49.0
140029,55.0
140039,56.0
140041,19.0
140046,19.0
140047,18.0
140057,53.0
140067,42.0
140071,19.0
140081,54.0
140091,47.0
140101,48.0
140111,51.0
140121,48.0
140131,46.0
140132,19.0
140142,52.0
140152,40.0
140155,18.0
140159,17.0
140169,50.0
140175,19.0
140185,54.0
140195,54.0
140205,44.0
140209,19.0
140219,52.0
140220,20.0
140230,55.0
140240,50.0
140250,55.0
140260,52.0
140270,20.0
140272,17.0
140274,17.0
140283,50.0
140284,15.0
140294,52.0
140304,48.0
140314,56.0
140323,55.0
140333,55.0
140340,53.0
140347,54.0
140357,46.0
140365,47.0
140375,49.0
140377,20.0
140387,46.0
140396,42.0
140406,44.0
140416,48.0
140417,15.0
140427,56.0
140437,50.0
140439,0.0
140449,57.0
140451,0.0
140461,57.0
140471,56.0
140481,40.0
140491,50.0
140493,17.0
140503,55.0
140507,19.0
140508,17.0
140518,53.0
140528,51.0
140534,55.0
140544,54.0
140549,49.0
140559,51.0
140564,19.0
140567,17.0
140571,18.0
140581,53.0
140585,17.0
140595,36.0
140596,18.0
140606,52.0
140615,53.0
140618,19.0
140625,43.0
140629,17.0
140639,20.0
140645,51.0
140655,49.0
140663,51.0
140673,52.0
140679,56.0
140689,58.0
140699,35.0
140702,18.0
140712,52.0
140720,49.0
140730,48.0
140740,56.0
140750,47.0
140760,48.0
140770,56.0
140780,59.0
140790,53.0
140800,58.0
140810,56.0
140820,56.0
140830,50.0
140840,52.0
140850,48.0
140860,50.0
140870,45.0
140880,49.0
140885,53.0
140895,56.0
140905,49.0
140909,17.0
140914,19.0
140924,46.0
140934,48.0
140942,54.0
140952,54.0
140953,15.0
140963,52.0
140964,0.0
140974,56.0
140984,54.0
140986,16.0
140988,16.0
140998,45.0
141001,18.0
141008,47.0
141011,17.0
141021,55.0
141024,0.0
141026,19.0
141028,18.0
141034,18.0
141044,56.0
141054,46.0
141064,48.0
141074,49.0
141084,58.0
141094,44.0
141103,44.0
141113,51.0
141119,45.0
141129,57.0
141139,52.0
141149,52.0
141159,39.0
141169,50.0
141175,53.0
141180,16.0
141190,49.0
141196,44.0
141206,50.0
141208,18.0
141218,64.0
141228,61.0
141238,53.0
141248,51.0
141255,52.0
141265,42.0
141266,14.0
141276,56.0
141286,52.0
141296,49.0
141300,20.0
141310,54.0
141320,13.0
141330,47.0
141340,46.0
141344,16.0
141345,19.0
141355,61.0
141356,0.0
141366,56.0
141368,0.0
141378,54.0
141382,19.0
141392,48.0
141393,16.0
141403,48.0
141409,51.0
141419,47.0
141429,47.0
141439,45.0
141449,54.0
141459,53.0
141469,52.0
141479,54.0
141489,49.0
141495,53.0
141505,49.0
141514,57.0
141522,19.0
141532,60.0
141538,42.0
141548,57.0
141552,18.0
141562,49.0
141572,48.0
141582,47.0
141584,18.0
141587,15.0
141597,54.0
141607,56.0
141617,46.0
141627,60.0
141637,64.0
141640,16.0
141647,45.0
141657,45.0
141663,18.0
141673,48.0
141683,56.0
141693,52.0
141703,45.0
141713,54.0
141723,51.0
141728,17.0
141738,56.0
141748,55.0
141758,50.0
141768,44.0
141778,56.0
141785,50.0
141795,50.0
141805,58.0
141815,50.0
141818,17.0
141828,53.0
141838,61.0
141845,56.0
141849,17.0
141859,57.0
141861,16.0
141871,43.0
141879,50.0
141889,48.0
141899,48.0
141901,15.0
141903,19.0
141913,50.0
141923,53.0
141933,58.0
141943,44.0
141950,51.0
141960,50.0
141970,57.0
141971,0.0
141974,19.0
141980,48.0
141987,18.0
141990,16.0
142000,53.0
142010,52.0
142020,49.0
142030,46.0
142040,63.0
142050,46.0
142060,40.0
142070,52.0
142072,18.0
142082,54.0
142083,0.0
142093,48.0
142094,18.0
142099,15.0
142109,60.0
142119,44.0
142129,46.0
142139,59.0
142149,45.0
142158,48.0
142168,47.0
142178,53.0
142188,57.0
142198,56.0
142205,54.0
142212,47.0
142222,52.0
142232,51.0
142242,54.0
142250,56.0
142260,47.0
142263,18.0
142267,17.0
142271,17.0
142281,46.0
142289,55.0
142299,48.0
142309,55.0
142319,52.0
142329,52.0
142339,50.0
142344,18.0
142347,19.0
142355,50.0
142365,19.0
142375,43.0
142376,16.0
142377,20.0
142387,42.0
142397,45.0
142404,54.0
142408,18.0
142418,17.0
142420,16.0
142430,44.0
142440,48.0
142450,50.0
142460,17.0
142461,18.0
142463,17.0
142473,58.0
142480,55.0
142490,42.0
142494,19.0
142504,50.0
142506,16.0
142516,55.0
142521,16.0
142525,20.0
142530,18.0
142540,51.0
142550,46.0
142553,19.0
142563,52.0
142571,46.0
142574,16.0
142580,48.0
142590,52.0
142600,48.0
142610,52.0
142620,66.0
142630,18.0
142640,18.0
142650,48.0
142660,48.0
142670,20.0
142680,58.0
142685,16.0
142694,54.0
142704,52.0
142714,49.0
142724,55.0
142734,46.0
142744,59.0
142754,52.0
142764,56.0
142774,45.0
142781,55.0
142783,16.0
142784,17.0
142794,48.0
142804,55.0
142812,43.0
142816,16.0
142824,18.0
142834,60.0
142842,53.0
142852,16.0
142859,58.0
142868,46.0
142878,55.0
142880,17.0
142882,18.0
142892,18.0
142895,16.0
142905,56.0
142915,57.0
142923,53.0
142933,56.0
142943,42.0
142950,18.0
142953,18.0
142957,15.0
142965,51.0
142975,44.0
142982,19.0
142992,57.0
143002,44.0
143012,43.0
143020,19.0
143030,48.0
143037,50.0
143047,50.0
143057,50.0
143067,53.0
143077,53.0
143086,60.0
143096,52.0
143106,52.0
143111,18.0
143121,49.0
143131,38.0
143141,56.0
143151,51.0
143161,60.0
143171,42.0
143176,16.0
143183,16.0
143193,47.0
143194,0.0
143204,54.0
143214,50.0
143215,18.0
143225,56.0
143230,15.0
143240,50.0
143250,56.0
143260,48.0
143265,17.0
143275,55.0
143285,49.0
143295,48.0
143305,56.0
143315,56.0
143325,17.0
143335,50.0
143345,54.0
143355,48.0
143365,49.0
143375,53.0
143383,46.0
143393,51.0
143403,49.0
143413,47.0
143418,52.0
143428,54.0
143438,51.0
143446,51.0
143451,15.0
143461,48.0
143471,49.0
143481,50.0
143482,17.0
143492,63.0
143502,55.0
143512,47.0
143522,48.0
143532,61.0
143534,16.0
143544,49.0
143554,52.0
143556,20.0
143566,53.0
143570,20.0
143579,50.0
143589,53.0
143599,52.0
143609,50.0
143619,51.0
143623,16.0
143633,47.0
143643,49.0
143653,56.0
143660,48.0
143666,41.0
143676,45.0
143677,15.0
143687,39.0
143697,51.0
143704,45.0
143714,55.0
143724,52.0
143734,59.0
143735,17.0
143738,18.0
143748,50.0
143753,18.0
143762,53.0
143772,41.0
143778,19.0
143788,57.0
143798,42.0
143808,50.0
143809,18.0
143819,58.0
143829,50.0
143839,55.0
143844,17.0
143852,54.0
143862,57.0
143872,46.0
143882,45.0
143892,46.0
143901,48.0
143910,46.0
143920,54.0
143930,48.0
143938,59.0
143948,57.0
143953,55.0
143960,17.0
143970,54.0
143980,54.0
143990,60.0
144000,48.0
144010,56.0
144020,45.0
144030,52.0
144038,38.0
144048,52.0
144058,56.0
144068,46.0
144078,54.0
144088,53.0
144091,16.0
144101,46.0
144111,59.0
144121,52.0
144125,18.0
144135,40.0
144140,46.0
144146,18.0
144147,19.0
144148,18.0
144158,56.0
144168,55.0
144171,17.0
144181,57.0
144191,57.0
144201,46.0
144211,51.0
144216,18.0
144223,17.0
144233,58.0
144236,17.0
144246,49.0
144256,60.0
144259,18.0
144269,59.0
144279,49.0
144289,58.0
144298,56.0
144299,0.0
144309,43.0
144319,50.0
144329,51.0
144339,54.0
144341,16.0
144351,54.0
144361,53.0
144364,20.0
144374,55.0
144375,17.0
144385,51.0
144395,54.0
144405,50.0
144415,55.0
144418,17.0
144428,18.0
144437,52.0
144439,17.0
144443,14.0
144453,54.0
144454,0.0
144464,49.0
144474,48.0
144477,18.0
144487,50.0
144489,18.0
144491,19.0
144501,46.0
144506,15.0
144515,53.0
144517,19.0
144527,63.0
144537,53.0
144547,58.0
144557,59.0
144567,58.0
144577,60.0
144587,54.0
144596,18.0
144606,61.0
144616,48.0
144619,18.0
144629,52.0
144639,55.0
144649,51.0
144652,19.0
144662,40.0
144672,53.0
144676,20.0
144683,56.0
144693,46.0
144703,48.0
144713,59.0
144717,17.0
144719,17.0
144729,50.0
144734,19.0
144743,50.0
144753,59.0
144763,53.0
144773,49.0
144783,50.0
144793,46.0
144803,58.0
144806,0.0
144816,51.0
144825,54.0
144832,16.0
144837,59.0
144847,54.0
144857,47.0
144867,44.0
144877,43.0
144887,48.0
144895,56.0
144896,17.0
144906,49.0
144916,55.0
144920,19.0
144928,52.0
144938,54.0
144948,59.0
144958,50.0
144968,66.0
144978,54.0
144984,15.0
144994,41.0
145004,58.0
145014,61.0
145024,40.0
145032,50.0
145042,60.0
145052,55.0
145058,45.0
145062,16.0
145072,59.0
145082,45.0
145092,45.0
145094,17.0
145104,54.0
145114,59.0
145120,47.0
145130,55.0
145140,53.0
145150,48.0
145160,46.0
145170,53.0
145180,58.0
145182,17.0
145192,56.0
145202,44.0
145211,50.0
145213,16.0
145223,40.0
145233,49.0
145234,16.0
145235,0.0
145245,52.0
145255,48.0
145261,56.0
145271,51.0
145281,50.0
145288,56.0
145298,50.0
145307,59.0
145317,51.0
145318,16.0
145319,17.0
145325,54.0
145331,53.0
145341,50.0
145351,46.0
145352,17.0
145354,17.0
145364,52.0
145374,51.0
145384,55.0
145386,18.0
145395,53.0
145405,53.0
145415,49.0
145425,46.0
145427,19.0
145437,56.0
145447,51.0
145457,50.0
145465,51.0
145475,55.0
145485,54.0
145495,49.0
145505,54.0
145510,18.0
145519,66.0
145529,57.0
145531,0.0
145541,53.0
145551,55.0
145561,41.0
145562,19.0
145572,52.0
145574,18.0
145580,18.0
145590,46.0
145595,16.0
145605,50.0
145615,55.0
145625,43.0
145629,18.0
145639,52.0
145642,20.0
145646,17.0
145656,54.0
145666,61.0
145676,59.0
145686,51.0
145687,17.0
145697,48.0
145707,51.0
145717,52.0
145727,52.0
145737,62.0
145739,0.0
145742,18.0
145745,18.0
145755,58.0
145765,47.0
145772,47.0
145782,49.0
145792,61.0
145799,50.0
145809,48.0
145819,48.0
145823,18.0
145832,50.0
145833,18.0
145840,49.0
145850,50.0
145860,54.0
145870,47.0
145880,54.0
145890,53.0
145897,49.0
145907,55.0
145916,55.0
145922,17.0
145932,47.0
145936,18.0
145946,54.0
145956,58.0
145961,51.0
145971,59.0
145981,55.0
145990,48.0
145994,19.0
146004,52.0
146005,17.0
146015,58.0
146025,48.0
146032,54.0
146042,50.0
146044,17.0
146054,56.0
146058,17.0
146068,41.0
146078,53.0
146088,41.0
146098,50.0
146108,48.0
146113,19.0
146115,16.0
146125,55.0
146135,45.0
146145,49.0
146155,58.0
146164,51.0
146165,18.0
146171,16.0
146181,54.0
146183,19.0
146193,64.0
146203,44.0
146209,16.0
146219,40.0
146223,16.0
146228,42.0
146238,52.0
146244,43.0
146254,58.0
146264,51.0
146274,48.0
146281,42.0
146291,46.0
146296,17.0
146298,16.0
146303,18.0
146307,17.0
146317,57.0
146319,0.0
146327,52.0
146337,47.0
146347,48.0
146350,18.0
146357,18.0
146367,55.0
146377,51.0
146387,52.0
146393,45.0
146403,16.0
146406,18.0
146408,18.0
146418,18.0
146428,56.0
146438,60.0
146440,17.0
146442,16.0
146452,49.0
146462,48.0
146472,57.0
146482,49.0
146488,17.0
146498,17.0
146499,0.0
146500,0.0
146502,17.0
146512,53.0
146522,41.0
146532,16.0
146542,50.0
146552,56.0
146559,58.0
146569,51.0
146579,50.0
146589,56.0
146599,63.0
146609,51.0
146613,18.0
146621,48.0
146631,57.0
146641,57.0
146651,54.0
146655,17.0
146656,18.0
146659,18.0
146664,19.0
146668,20.0
146678,60.0
146679,20.0
146689,48.0
146699,51.0
146709,41.0
146712,19.0
146722,60.0
146728,18.0
146729,0.0
146739,59.0
146749,54.0
146751,17.0
146761,54.0
146771,57.0
146781,51.0
146791,53.0
146801,54.0
146811,50.0
146821,50.0
146831,56.0
146836,18.0
146846,49.0
146856,55.0
146861,48.0
146871,57.0
146872,14.0
146877,18.0
146887,53.0
146890,18.0
146894,17.0
146904,48.0
146914,50.0
146918,19.0
146928,47.0
146938,51.0
146948,57.0
146958,58.0
146968,47.0
146975,50.0
146985,40.0
146990,16.0
147000,59.0
147010,53.0
147013,18.0
147018,19.0
147028,43.0
147038,55.0
147048,54.0
147058,45.0
147065,63.0
147068,17.0
147078,43.0
147088,56.0
147098,46.0
147106,61.0
147112,16.0
147122,52.0
147126,17.0
147133,59.0
147141,44.0
147151,49.0
147161,52.0
147170,50.0
147177,17.0
147183,51.0
147193,51.0
147203,55.0
147204,0.0
147214,49.0
147217,19.0
147227,55.0
147237,52.0
147247,47.0
147257,51.0
147267,45.0
147274,58.0
147275,15.0
147285,46.0
147290,48.0
147300,54.0
147305,15.0
147315,44.0
147325,51.0
147333,47.0
147343,46.0
147353,50.0
147358,53.0
147368,46.0
147375,47.0
147376,0.0
147383,18.0
147393,51.0
147395,18.0
147398,19.0
147399,16.0
147409,50.0
147419,51.0
147429,54.0
147439,51.0
147442,17.0
147445,18.0
147455,51.0
147465,55.0
147469,17.0
147479,56.0
147482,19.0
147492,50.0
147502,54.0
147512,48.0
147520,53.0
147530,16.0
147540,55.0
147550,52.0
147555,53.0
147565,48.0
147566,15.0
147576,55.0
147586,41.0
147596,52.0
147606,51.0
147616,58.0
147626,54.0
147629,16.0
147633,17.0
147643,36.0
147653,44.0
147663,59.0
147672,46.0
147682,43.0
147686,16.0
147692,16.0
147702,52.0
147712,60.0
147715,18.0
147719,16.0
147728,47.0
147738,56.0
147745,51.0
147755,50.0
147759,19.0
147769,52.0
147779,57.0
147789,51.0
147799,54.0
147809,50.0
147819,49.0
147829,45.0
147834,54.0
147844,46.0
147854,57.0
147864,58.0
147869,45.0
147876,17.0
147886,51.0
147896,49.0
147906,49.0
147908,20.0
147918,51.0
147928,55.0
147938,47.0
147948,52.0
147958,51.0
147968,43.0
147978,38.0
147988,42.0
147995,52.0
148005,49.0
148013,16.0
148023,54.0
148027,16.0
148037,51.0
148038,0.0
148046,51.0
148056,51.0
148066,54.0
148076,52.0
148085,17.0
148095,57.0
148097,18.0
148107,49.0
148117,52.0
148127,50.0
148135,49.0
148145,51.0
148155,53.0
148165,45.0
148175,54.0
148185,60.0
148187,19.0
148191,17.0
148193,20.0
148203,59.0
148213,51.0
148222,16.0
148232,53.0
148236,17.0
148246,45.0
148256,48.0
148266,52.0
148267,17.0
148277,52.0
148278,19.0
148288,43.0
148298,48.0
148306,47.0
148316,52.0
148319,19.0
148329,52.0
148336,43.0
148346,42.0
148356,59.0
148366,46.0
148376,47.0
148383,47.0
148393,60.0
148403,58.0
148413,51.0
148414,0.0
148424,53.0
148432,49.0
148436,18.0
148442,53.0
148452,52.0
148459,56.0
148469,39.0
148470,0.0
148480,53.0
148485,59.0
148495,56.0
148505,54.0
148515,53.0
148525,56.0
148530,18.0
148540,49.0
148542,19.0
148548,57.0
148558,52.0
148568,51.0
148578,50.0
148588,52.0
148598,51.0
148608,46.0
148618,52.0
148628,52.0
148638,59.0
148641,18.0
148651,49.0
148661,59.0
148671,46.0
148681,54.0
148689,44.0
148698,55.0
148708,55.0
148718,54.0
148728,46.0
148738,39.0
148744,48.0
148751,47.0
148756,49.0
148766,50.0
148771,17.0
148781,50.0
148791,59.0
148801,20.0
148811,18.0
148819,58.0
148829,48.0
148834,51.0
148839,16.0
148849,57.0
148855,54.0
148865,52.0
148875,56.0
148885,52.0
148888,17.0
148895,47.0
148905,54.0
148915,57.0
148925,49.0
148935,52.0
148945,54.0
148955,59.0
148965,55.0
148975,59.0
148981,18.0
148991,58.0
148998,51.0
148999,19.0
149009,52.0
149019,53.0
149028,47.0
149038,53.0
149048,50.0
149056,41.0
149066,49.0
149071,16.0
149080,49.0
149082,20.0
149092,49.0
149102,51.0
149112,55.0
149122,50.0
149126,16.0
149129,15.0
149131,18.0
149141,56.0
149142,0.0
149152,45.0
149162,43.0
149172,52.0
149182,49.0
149192,49.0
149198,51.0
149208,55.0
149218,43.0
149225,60.0
149231,46.0
149241,55.0
149246,49.0
149256,48.0
149258,16.0
149268,56.0
149278,50.0
149279,0.0
149289,52.0
149299,45.0
149302,18.0
149312,58.0
149314,0.0
149324,57.0
149334,57.0
149344,52.0
149354,48.0
149364,50.0
149374,54.0
149384,54.0
149394,46.0
149404,50.0
149413,43.0
149417,18.0
149418,17.0
149428,54.0
149438,46.0
149448,50.0
149452,18.0
149462,53.0
149471,48.0
149481,49.0
149491,47.0
149501,50.0
149505,18.0
149515,52.0
149525,50.0
149534,50.0
149535,19.0
149545,55.0
149555,48.0
149565,56.0
149567,0.0
149571,18.0
149581,54.0
149591,61.0
149593,17.0
149603,59.0
149613,47.0
149623,46.0
149633,53.0
149642,52.0
149652,63.0
149662,48.0
149672,55.0
149679,53.0
149689,51.0
149692,18.0
149702,53.0
149712,51.0
149722,55.0
149732,50.0
149742,54.0
149752,52.0
149762,56.0
149772,54.0
149782,55.0
149789,48.0
149799,45.0
149809,44.0
149819,52.0
149829,53.0
149832,19.0
149842,50.0
149849,46.0
149858,57.0
149868,59.0
149878,47.0
149888,49.0
149891,19.0
149901,60.0
149911,48.0
149921,50.0
149931,51.0
149941,49.0
149951,55.0
149961,57.0
149963,18.0
149973,56.0
149983,57.0
149993,45.0
149999,56.0
150009,59.0
